inspection_id,timestamp,date_key,hour,machine_key,defect_key,has_defect,n_detections,confidence,latency_ms,source
M1-00000,2026-09-01 00:00:00,20260901,0,1,4,1,5,0.523,2206.3297999557108,stream
M2-00001,2026-09-01 00:00:15,20260901,0,2,4,1,3,0.653,15.571899944916368,stream
M1-00002,2026-09-01 00:00:30,20260901,0,1,1,1,3,0.384,12.144799809902906,stream
M2-00003,2026-09-01 00:00:45,20260901,0,2,3,1,6,0.901,12.001400114968419,stream
M1-00004,2026-09-01 00:01:00,20260901,0,1,5,1,4,0.313,11.675999965518713,stream
M2-00005,2026-09-01 00:01:15,20260901,0,2,5,1,3,0.688,9.589500026777387,stream
M1-00006,2026-09-01 00:01:30,20260901,0,1,4,1,2,0.597,8.700300008058548,stream
M2-00007,2026-09-01 00:01:45,20260901,0,2,3,1,2,0.888,8.694000076502562,stream
M1-00008,2026-09-01 00:02:00,20260901,0,1,5,1,1,0.303,8.198099909350276,stream
M2-00009,2026-09-01 00:02:15,20260901,0,2,4,1,3,0.757,8.487100014463067,stream
M1-00010,2026-09-01 00:02:30,20260901,0,1,7,0,0,,8.144399849697948,stream
M2-00011,2026-09-01 00:02:45,20260901,0,2,2,1,2,0.6,8.260099915787578,stream
M1-00012,2026-09-01 00:03:00,20260901,0,1,5,1,4,0.641,9.080199990421534,stream
M2-00013,2026-09-01 00:03:15,20260901,0,2,2,1,2,0.77,8.331499993801117,stream
M1-00014,2026-09-01 00:03:30,20260901,0,1,3,1,6,0.896,9.060499956831336,stream
M2-00015,2026-09-01 00:03:45,20260901,0,2,2,1,2,0.77,8.302700007334352,stream
M1-00016,2026-09-01 00:04:00,20260901,0,1,1,1,2,0.438,8.063999935984612,stream
M2-00017,2026-09-01 00:04:15,20260901,0,2,6,1,3,0.688,8.652999997138977,stream
M1-00018,2026-09-01 00:04:30,20260901,0,1,3,1,3,0.526,9.121600072830915,stream
M2-00019,2026-09-01 00:04:45,20260901,0,2,5,1,1,0.501,10.127499932423234,stream
M1-00020,2026-09-01 00:05:00,20260901,0,1,6,1,4,0.699,12.951900018379092,stream
M2-00021,2026-09-01 00:05:15,20260901,0,2,2,1,2,0.759,10.545500088483095,stream
M1-00022,2026-09-01 00:05:30,20260901,0,1,3,1,6,0.816,10.387500049546361,stream
M2-00023,2026-09-01 00:05:45,20260901,0,2,1,1,2,0.571,8.815999841317534,stream
M1-00024,2026-09-01 00:06:00,20260901,0,1,7,0,0,,9.028000058606267,stream
M2-00025,2026-09-01 00:06:15,20260901,0,2,6,1,7,0.775,9.620999917387962,stream
M1-00026,2026-09-01 00:06:30,20260901,0,1,3,1,6,0.789,9.047300089150667,stream
M2-00027,2026-09-01 00:06:45,20260901,0,2,5,1,1,0.554,9.306599851697683,stream
M1-00028,2026-09-01 00:07:00,20260901,0,1,5,1,3,0.505,8.336900034919381,stream
M2-00029,2026-09-01 00:07:15,20260901,0,2,1,1,2,0.571,8.359699975699186,stream
M1-00030,2026-09-01 00:07:30,20260901,0,1,4,1,3,0.445,8.256200002506375,stream
M2-00031,2026-09-01 00:07:45,20260901,0,2,3,1,4,0.834,8.733599912375212,stream
M1-00032,2026-09-01 00:08:00,20260901,0,1,3,1,3,0.909,8.481400087475777,stream
M2-00033,2026-09-01 00:08:15,20260901,0,2,6,1,5,0.639,9.911899920552969,stream
M1-00034,2026-09-01 00:08:30,20260901,0,1,6,1,3,0.564,8.409000001847744,stream
M2-00035,2026-09-01 00:08:45,20260901,0,2,2,1,7,0.806,8.407100103795528,stream
M1-00036,2026-09-01 00:09:00,20260901,0,1,5,1,3,0.515,7.9373999033123255,stream
M2-00037,2026-09-01 00:09:15,20260901,0,2,5,1,1,0.303,8.587300078943372,stream
M1-00038,2026-09-01 00:09:30,20260901,0,1,4,1,3,0.698,9.715699823573232,stream
M2-00039,2026-09-01 00:09:45,20260901,0,2,5,1,3,0.756,9.453800041228533,stream
M1-00040,2026-09-01 00:10:00,20260901,0,1,3,1,6,0.901,7.975799962878227,stream
M2-00041,2026-09-01 00:10:15,20260901,0,2,1,1,2,0.312,8.056200109422207,stream
M1-00042,2026-09-01 00:10:30,20260901,0,1,5,1,5,0.797,8.014499908313155,stream
M2-00043,2026-09-01 00:10:45,20260901,0,2,1,1,4,0.377,8.591899881139398,stream
M1-00044,2026-09-01 00:11:00,20260901,0,1,7,0,0,,7.453899830579758,stream
M2-00045,2026-09-01 00:11:15,20260901,0,2,4,1,2,0.479,7.80520006082952,stream
M1-00046,2026-09-01 00:11:30,20260901,0,1,6,1,5,0.767,7.652200059965253,stream
M2-00047,2026-09-01 00:11:45,20260901,0,2,6,1,7,0.59,8.24370002374053,stream
M1-00048,2026-09-01 00:12:00,20260901,0,1,1,1,3,0.579,11.31670014001429,stream
M2-00049,2026-09-01 00:12:15,20260901,0,2,6,1,5,0.639,8.590999990701675,stream
M1-00050,2026-09-01 00:12:30,20260901,0,1,5,1,3,0.359,8.535699918866158,stream
M2-00051,2026-09-01 00:12:45,20260901,0,2,3,1,4,0.904,8.291899925097823,stream
M1-00052,2026-09-01 00:13:00,20260901,0,1,3,1,3,0.889,9.123499970883131,stream
M2-00053,2026-09-01 00:13:15,20260901,0,2,3,1,3,0.912,8.542699972167611,stream
M1-00054,2026-09-01 00:13:30,20260901,0,1,1,1,1,0.579,8.56059999205172,stream
M2-00055,2026-09-01 00:13:45,20260901,0,2,2,1,4,0.714,8.825999917462468,stream
M1-00056,2026-09-01 00:14:00,20260901,0,1,5,1,1,0.621,8.035500068217516,stream
M2-00057,2026-09-01 00:14:15,20260901,0,2,2,1,1,0.867,9.00479988195002,stream
M1-00058,2026-09-01 00:14:30,20260901,0,1,3,1,1,0.769,9.453200036659837,stream
M2-00059,2026-09-01 00:14:45,20260901,0,2,2,1,2,0.755,8.74740001745522,stream
M1-00060,2026-09-01 00:15:00,20260901,0,1,5,1,3,0.427,8.754099952057004,stream
M2-00061,2026-09-01 00:15:15,20260901,0,2,3,1,4,0.769,8.739199955016375,stream
M1-00062,2026-09-01 00:15:30,20260901,0,1,7,0,0,,8.740700082853436,stream
M2-00063,2026-09-01 00:15:45,20260901,0,2,1,1,2,0.313,8.77989991568029,stream
M1-00064,2026-09-01 00:16:00,20260901,0,1,3,1,5,0.848,9.782300097867846,stream
M2-00065,2026-09-01 00:16:15,20260901,0,2,5,1,4,0.313,8.668399881571531,stream
M1-00066,2026-09-01 00:16:30,20260901,0,1,5,1,3,0.582,8.109099930152297,stream
M2-00067,2026-09-01 00:16:45,20260901,0,2,1,1,3,0.359,8.744899882003665,stream
M1-00068,2026-09-01 00:17:00,20260901,0,1,3,1,2,0.888,9.148299926891923,stream
M2-00069,2026-09-01 00:17:15,20260901,0,2,5,1,3,0.515,9.07190004363656,stream
M1-00070,2026-09-01 00:17:30,20260901,0,1,3,1,3,0.861,9.244600078091025,stream
M2-00071,2026-09-01 00:17:45,20260901,0,2,2,1,4,0.674,10.255400091409683,stream
M1-00072,2026-09-01 00:18:00,20260901,0,1,5,1,5,0.797,9.065299993380904,stream
M2-00073,2026-09-01 00:18:15,20260901,0,2,3,1,4,0.904,9.115299908444285,stream
M1-00074,2026-09-01 00:18:30,20260901,0,1,5,1,1,0.382,8.08950001373887,stream
M2-00075,2026-09-01 00:18:45,20260901,0,2,2,1,7,0.806,9.501800173893571,stream
M1-00076,2026-09-01 00:19:00,20260901,0,1,6,1,4,0.699,8.368399925529957,stream
M2-00077,2026-09-01 00:19:15,20260901,0,2,5,1,5,0.797,8.732599904760718,stream
M1-00078,2026-09-01 00:19:30,20260901,0,1,6,1,7,0.608,8.916100021451712,stream
M2-00079,2026-09-01 00:19:45,20260901,0,2,3,1,2,0.846,8.532700128853321,stream
M1-00080,2026-09-01 00:20:00,20260901,0,1,4,1,3,0.698,9.199600201100111,stream
M2-00081,2026-09-01 00:20:15,20260901,0,2,7,0,0,,7.561800070106983,stream
M1-00082,2026-09-01 00:20:30,20260901,0,1,6,1,10,0.657,8.560700109228492,stream
M2-00083,2026-09-01 00:20:45,20260901,0,2,4,1,5,0.523,10.388399939984083,stream
M1-00084,2026-09-01 00:21:00,20260901,0,1,3,1,5,0.848,9.334800066426396,stream
M2-00085,2026-09-01 00:21:15,20260901,0,2,5,1,6,0.667,9.95950005017221,stream
M1-00086,2026-09-01 00:21:30,20260901,0,1,3,1,1,0.769,8.508099941536784,stream
M2-00087,2026-09-01 00:21:45,20260901,0,2,3,1,3,0.861,9.287100052461028,stream
M1-00088,2026-09-01 00:22:00,20260901,0,1,2,1,3,0.548,8.277499815449119,stream
M2-00089,2026-09-01 00:22:15,20260901,0,2,2,1,4,0.714,8.536400040611625,stream
M1-00090,2026-09-01 00:22:30,20260901,0,1,2,1,3,0.548,7.933399872854352,stream
M2-00091,2026-09-01 00:22:45,20260901,0,2,1,1,4,0.616,8.627900155261159,stream
M1-00092,2026-09-01 00:23:00,20260901,0,1,6,1,5,0.639,8.111600065603852,stream
M2-00093,2026-09-01 00:23:15,20260901,0,2,6,1,1,0.67,7.046699989587069,stream
M1-00094,2026-09-01 00:23:30,20260901,0,1,3,1,6,0.901,9.037799900397658,stream
M2-00095,2026-09-01 00:23:45,20260901,0,2,5,1,2,0.48,8.269400103017688,stream
M1-00096,2026-09-01 00:24:00,20260901,0,1,1,1,2,0.269,9.480099892243743,stream
M2-00097,2026-09-01 00:24:15,20260901,0,2,1,1,4,0.644,8.90460005030036,stream
M1-00098,2026-09-01 00:24:30,20260901,0,1,6,1,8,0.632,8.18549981340766,stream
M2-00099,2026-09-01 00:24:45,20260901,0,2,2,1,5,0.715,9.831399889662862,stream
M1-00100,2026-09-01 00:25:00,20260901,0,1,2,1,3,0.64,9.948699967935681,stream
M2-00101,2026-09-01 00:25:15,20260901,0,2,1,1,4,0.52,8.851999882608652,stream
M1-00102,2026-09-01 00:25:30,20260901,0,1,1,1,2,0.313,7.959200069308281,stream
M2-00103,2026-09-01 00:25:45,20260901,0,2,6,1,2,0.755,10.680000064894557,stream
M1-00104,2026-09-01 00:26:00,20260901,0,1,5,1,1,0.382,10.40969998575747,stream
M2-00105,2026-09-01 00:26:15,20260901,0,2,6,1,6,0.804,9.747999953106046,stream
M1-00106,2026-09-01 00:26:30,20260901,0,1,4,1,3,0.34,9.343700017780066,stream
M2-00107,2026-09-01 00:26:45,20260901,0,2,5,1,2,0.534,9.533399948850274,stream
M1-00108,2026-09-01 00:27:00,20260901,0,1,3,1,3,0.857,9.236000012606382,stream
M2-00109,2026-09-01 00:27:15,20260901,0,2,5,1,3,0.756,9.295100113376975,stream
M1-00110,2026-09-01 00:27:30,20260901,0,1,3,1,3,0.859,8.771999971941113,stream
M2-00111,2026-09-01 00:27:45,20260901,0,2,2,1,2,0.6,9.684599936008453,stream
M1-00112,2026-09-01 00:28:00,20260901,0,1,6,1,8,0.632,9.856099961325526,stream
M2-00113,2026-09-01 00:28:15,20260901,0,2,6,1,7,0.608,9.593799943104386,stream
M1-00114,2026-09-01 00:28:30,20260901,0,1,4,1,3,0.653,9.437300032004714,stream
M2-00115,2026-09-01 00:28:45,20260901,0,2,5,1,3,0.509,9.208499919623137,stream
M1-00116,2026-09-01 00:29:00,20260901,0,1,3,1,3,0.857,9.237899910658598,stream
M2-00117,2026-09-01 00:29:15,20260901,0,2,4,1,5,0.934,10.689399903640151,stream
M1-00118,2026-09-01 00:29:30,20260901,0,1,5,1,3,0.359,9.873699862509966,stream
M2-00119,2026-09-01 00:29:45,20260901,0,2,6,1,3,0.553,8.50900006480515,stream
M1-00120,2026-09-01 00:30:00,20260901,0,1,6,1,1,0.57,8.116999873891473,stream
M2-00121,2026-09-01 00:30:15,20260901,0,2,6,1,2,0.755,8.448199834674597,stream
M1-00122,2026-09-01 00:30:30,20260901,0,1,4,1,3,0.757,8.327299961820245,stream
M2-00123,2026-09-01 00:30:45,20260901,0,2,1,1,3,0.469,8.808299899101257,stream
M1-00124,2026-09-01 00:31:00,20260901,0,1,3,1,3,0.912,9.743200149387121,stream
M2-00125,2026-09-01 00:31:15,20260901,0,2,6,1,5,0.639,10.434800060465932,stream
M1-00126,2026-09-01 00:31:30,20260901,0,1,1,1,1,0.506,10.413500014692545,stream
M2-00127,2026-09-01 00:31:45,20260901,0,2,5,1,3,0.688,8.967200061306357,stream
M1-00128,2026-09-01 00:32:00,20260901,0,1,6,1,7,0.608,9.842100087553263,stream
M2-00129,2026-09-01 00:32:15,20260901,0,2,6,1,2,0.73,9.154499974101782,stream
M1-00130,2026-09-01 00:32:30,20260901,0,1,3,1,4,0.904,9.556500008329749,stream
M2-00131,2026-09-01 00:32:45,20260901,0,2,2,1,4,0.714,9.201699867844582,stream
M1-00132,2026-09-01 00:33:00,20260901,0,1,3,1,3,0.889,8.972999872639775,stream
M2-00133,2026-09-01 00:33:15,20260901,0,2,1,1,4,0.477,9.494199883192778,stream
M1-00134,2026-09-01 00:33:30,20260901,0,1,3,1,2,0.78,9.291899856179953,stream
M2-00135,2026-09-01 00:33:45,20260901,0,2,1,1,1,0.506,8.486400125548244,stream
M1-00136,2026-09-01 00:34:00,20260901,0,1,2,1,1,0.867,11.581399943679571,stream
M2-00137,2026-09-01 00:34:15,20260901,0,2,4,1,4,0.892,9.43619990721345,stream
M1-00138,2026-09-01 00:34:30,20260901,0,1,2,1,5,0.707,11.6973000112921,stream
M2-00139,2026-09-01 00:34:45,20260901,0,2,3,1,4,0.904,8.994100149720907,stream
M1-00140,2026-09-01 00:35:00,20260901,0,1,4,1,1,0.597,8.362599881365895,stream
M2-00141,2026-09-01 00:35:15,20260901,0,2,1,1,2,0.312,10.353000136092305,stream
M1-00142,2026-09-01 00:35:30,20260901,0,1,1,1,2,0.571,7.869199849665165,stream
M2-00143,2026-09-01 00:35:45,20260901,0,2,2,1,2,0.759,8.177099982276559,stream
M1-00144,2026-09-01 00:36:00,20260901,0,1,6,1,3,0.709,8.230500156059861,stream
M2-00145,2026-09-01 00:36:15,20260901,0,2,2,1,1,0.867,8.612300036475062,stream
M1-00146,2026-09-01 00:36:30,20260901,0,1,1,1,2,0.48,10.337600018829107,stream
M2-00147,2026-09-01 00:36:45,20260901,0,2,5,1,2,0.482,8.369100047275424,stream
M1-00148,2026-09-01 00:37:00,20260901,0,1,6,1,3,0.696,9.085699915885925,stream
M2-00149,2026-09-01 00:37:15,20260901,0,2,5,1,1,0.501,7.509199902415276,stream
M1-00150,2026-09-01 00:37:30,20260901,0,1,6,1,4,0.699,9.303800063207746,stream
M2-00151,2026-09-01 00:37:45,20260901,0,2,6,1,6,0.804,8.84209992364049,stream
M1-00152,2026-09-01 00:38:00,20260901,0,1,7,0,0,,7.836899952962995,stream
M2-00153,2026-09-01 00:38:15,20260901,0,2,1,1,4,0.541,8.640999905765057,stream
M1-00154,2026-09-01 00:38:30,20260901,0,1,2,1,4,0.674,19.5248001255095,stream
M2-00155,2026-09-01 00:38:45,20260901,0,2,6,1,3,0.696,9.768999880179763,stream
M1-00156,2026-09-01 00:39:00,20260901,0,1,2,1,4,0.714,9.077999973669648,stream
M2-00157,2026-09-01 00:39:15,20260901,0,2,6,1,2,0.77,9.135199943557382,stream
M1-00158,2026-09-01 00:39:30,20260901,0,1,5,1,6,0.667,9.469199925661087,stream
M2-00159,2026-09-01 00:39:45,20260901,0,2,2,1,6,0.643,12.360300170257688,stream
M1-00160,2026-09-01 00:40:00,20260901,0,1,4,1,3,0.34,9.855600073933601,stream
M2-00161,2026-09-01 00:40:15,20260901,0,2,7,0,0,,7.436100160703063,stream
M1-00162,2026-09-01 00:40:30,20260901,0,1,4,1,2,0.401,10.121099883690476,stream
M2-00163,2026-09-01 00:40:45,20260901,0,2,1,1,1,0.506,8.254700107499957,stream
M1-00164,2026-09-01 00:41:00,20260901,0,1,1,1,4,0.52,8.575099986046553,stream
M2-00165,2026-09-01 00:41:15,20260901,0,2,6,1,2,0.77,7.989200064912438,stream
M1-00166,2026-09-01 00:41:30,20260901,0,1,1,1,4,0.305,8.99070012383163,stream
M2-00167,2026-09-01 00:41:45,20260901,0,2,2,1,2,0.742,8.286300115287304,stream
M1-00168,2026-09-01 00:42:00,20260901,0,1,2,1,3,0.548,8.158300071954727,stream
M2-00169,2026-09-01 00:42:15,20260901,0,2,2,1,4,0.674,8.548799902200699,stream
M1-00170,2026-09-01 00:42:30,20260901,0,1,5,1,1,0.303,9.458099957555532,stream
M2-00171,2026-09-01 00:42:45,20260901,0,2,2,1,3,0.717,8.368900045752525,stream
M1-00172,2026-09-01 00:43:00,20260901,0,1,1,1,2,0.312,8.146699983626604,stream
M2-00173,2026-09-01 00:43:15,20260901,0,2,6,1,8,0.632,8.408800000324845,stream
M1-00174,2026-09-01 00:43:30,20260901,0,1,1,1,4,0.305,8.30590003170073,stream
M2-00175,2026-09-01 00:43:45,20260901,0,2,5,1,3,0.427,7.952000014483929,stream
M1-00176,2026-09-01 00:44:00,20260901,0,1,4,1,2,0.427,7.967100013047457,stream
M2-00177,2026-09-01 00:44:15,20260901,0,2,6,1,3,0.688,8.080000057816505,stream
M1-00178,2026-09-01 00:44:30,20260901,0,1,1,1,2,0.571,7.958200061693788,stream
M2-00179,2026-09-01 00:44:45,20260901,0,2,3,1,6,0.901,9.475999977439642,stream
M1-00180,2026-09-01 00:45:00,20260901,0,1,1,1,2,0.269,8.65099998190999,stream
M2-00181,2026-09-01 00:45:15,20260901,0,2,2,1,1,0.867,7.902200100943446,stream
M1-00182,2026-09-01 00:45:30,20260901,0,1,7,0,0,,8.76609981060028,stream
M2-00183,2026-09-01 00:45:45,20260901,0,2,6,1,1,0.682,8.650199975818396,stream
M1-00184,2026-09-01 00:46:00,20260901,0,1,3,1,2,0.888,9.79599985294044,stream
M2-00185,2026-09-01 00:46:15,20260901,0,2,3,1,2,0.83,10.09709993377328,stream
M1-00186,2026-09-01 00:46:30,20260901,0,1,3,1,4,0.834,9.59190004505217,stream
M2-00187,2026-09-01 00:46:45,20260901,0,2,2,1,9,0.776,9.46610001847148,stream
M1-00188,2026-09-01 00:47:00,20260901,0,1,1,1,2,0.312,8.433699840679765,stream
M2-00189,2026-09-01 00:47:15,20260901,0,2,5,1,3,0.597,8.341300068423152,stream
M1-00190,2026-09-01 00:47:30,20260901,0,1,4,1,1,0.849,8.965900167822838,stream
M2-00191,2026-09-01 00:47:45,20260901,0,2,1,1,3,0.384,7.91919999755919,stream
M1-00192,2026-09-01 00:48:00,20260901,0,1,6,1,10,0.657,8.91159987077117,stream
M2-00193,2026-09-01 00:48:15,20260901,0,2,1,1,2,0.571,8.178699994459748,stream
M1-00194,2026-09-01 00:48:30,20260901,0,1,6,1,2,0.755,8.151400135830045,stream
M2-00195,2026-09-01 00:48:45,20260901,0,2,4,1,3,0.34,8.925900096073747,stream
M1-00196,2026-09-01 00:49:00,20260901,0,1,2,1,11,0.744,9.906799998134375,stream
M2-00197,2026-09-01 00:49:15,20260901,0,2,3,1,6,0.901,8.562100119888783,stream
M1-00198,2026-09-01 00:49:30,20260901,0,1,4,1,3,0.757,7.794999983161688,stream
M2-00199,2026-09-01 00:49:45,20260901,0,2,5,1,1,0.554,7.235399913042784,stream
M1-00200,2026-09-01 00:50:00,20260901,0,1,5,1,1,0.621,7.408800069242716,stream
M2-00201,2026-09-01 00:50:15,20260901,0,2,2,1,5,0.707,8.791399886831641,stream
M1-00202,2026-09-01 00:50:30,20260901,0,1,6,1,3,0.709,7.807900197803974,stream
M2-00203,2026-09-01 00:50:45,20260901,0,2,6,1,5,0.643,8.36779992096126,stream
M1-00204,2026-09-01 00:51:00,20260901,0,1,2,1,7,0.806,8.044000016525388,stream
M2-00205,2026-09-01 00:51:15,20260901,0,2,1,1,2,0.358,9.364199824631214,stream
M1-00206,2026-09-01 00:51:30,20260901,0,1,6,1,8,0.632,7.985599804669619,stream
M2-00207,2026-09-01 00:51:45,20260901,0,2,2,1,3,0.531,7.583600003272295,stream
M1-00208,2026-09-01 00:52:00,20260901,0,1,2,1,2,0.746,7.943799952045083,stream
M2-00209,2026-09-01 00:52:15,20260901,0,2,3,1,5,0.826,10.000100126489997,stream
M1-00210,2026-09-01 00:52:30,20260901,0,1,5,1,1,0.603,29.28850008174777,stream
M2-00211,2026-09-01 00:52:45,20260901,0,2,3,1,3,0.526,42.45380009524524,stream
M1-00212,2026-09-01 00:53:00,20260901,0,1,2,1,6,0.643,34.351499984040856,stream
M2-00213,2026-09-01 00:53:15,20260901,0,2,6,1,10,0.657,29.001399874687195,stream
M1-00214,2026-09-01 00:53:30,20260901,0,1,4,1,3,0.698,22.93660002760589,stream
M2-00215,2026-09-01 00:53:45,20260901,0,2,6,1,2,0.662,23.764600045979023,stream
M1-00216,2026-09-01 00:54:00,20260901,0,1,2,1,3,0.709,10.60250005684793,stream
M2-00217,2026-09-01 00:54:15,20260901,0,2,1,1,4,0.377,9.515800047665834,stream
M1-00218,2026-09-01 00:54:30,20260901,0,1,5,1,1,0.554,20.15140000730753,stream
M2-00219,2026-09-01 00:54:45,20260901,0,2,6,1,6,0.804,25.493600172922015,stream
M1-00220,2026-09-01 00:55:00,20260901,0,1,4,1,3,0.508,25.325899943709373,stream
M2-00221,2026-09-01 00:55:15,20260901,0,2,5,1,1,0.621,21.421499783173203,stream
M1-00222,2026-09-01 00:55:30,20260901,0,1,5,1,4,0.313,11.883300030604005,stream
M2-00223,2026-09-01 00:55:45,20260901,0,2,3,1,6,0.816,19.3532002158463,stream
M1-00224,2026-09-01 00:56:00,20260901,0,1,6,1,1,0.806,16.09449996612966,stream
M2-00225,2026-09-01 00:56:15,20260901,0,2,4,1,3,0.757,34.23969983123243,stream
M1-00226,2026-09-01 00:56:30,20260901,0,1,4,1,1,0.43,30.09160002693534,stream
M2-00227,2026-09-01 00:56:45,20260901,0,2,6,1,1,0.67,10.146399959921837,stream
M1-00228,2026-09-01 00:57:00,20260901,0,1,3,1,3,0.526,12.708900030702353,stream
M2-00229,2026-09-01 00:57:15,20260901,0,2,2,1,1,0.595,10.956400074064732,stream
M1-00230,2026-09-01 00:57:30,20260901,0,1,5,1,3,0.505,25.77669988386333,stream
M2-00231,2026-09-01 00:57:45,20260901,0,2,7,0,0,,11.29409996792674,stream
M1-00232,2026-09-01 00:58:00,20260901,0,1,1,1,4,0.377,12.57429993711412,stream
M2-00233,2026-09-01 00:58:15,20260901,0,2,4,1,1,0.719,22.738599916920066,stream
M1-00234,2026-09-01 00:58:30,20260901,0,1,1,1,2,0.313,11.636100010946393,stream
M2-00235,2026-09-01 00:58:45,20260901,0,2,3,1,4,0.904,22.92060013860464,stream
M1-00236,2026-09-01 00:59:00,20260901,0,1,1,1,2,0.48,23.176199989393353,stream
M2-00237,2026-09-01 00:59:15,20260901,0,2,5,1,3,0.427,26.154100196436048,stream
M1-00238,2026-09-01 00:59:30,20260901,0,1,3,1,3,0.914,24.27880000323057,stream
M2-00239,2026-09-01 00:59:45,20260901,0,2,2,1,13,0.714,29.03930004686117,stream
M1-00240,2026-09-01 01:00:00,20260901,1,1,3,1,1,0.769,10.87939995341003,stream
M2-00241,2026-09-01 01:00:15,20260901,1,2,5,1,4,0.709,14.077099971473217,stream
M1-00242,2026-09-01 01:00:30,20260901,1,1,4,1,3,0.445,27.328599942848086,stream
M2-00243,2026-09-01 01:00:45,20260901,1,2,6,1,5,0.639,34.21299997717142,stream
M1-00244,2026-09-01 01:01:00,20260901,1,1,3,1,2,0.846,30.582600040361285,stream
M2-00245,2026-09-01 01:01:15,20260901,1,2,6,1,5,0.643,28.059900039806962,stream
M1-00246,2026-09-01 01:01:30,20260901,1,1,4,1,3,0.757,23.956699995324016,stream
M2-00247,2026-09-01 01:01:45,20260901,1,2,6,1,7,0.642,23.58249993994832,stream
M1-00248,2026-09-01 01:02:00,20260901,1,1,6,1,3,0.696,21.842199843376875,stream
M2-00249,2026-09-01 01:02:15,20260901,1,2,6,1,3,0.688,22.103299852460623,stream
M1-00250,2026-09-01 01:02:30,20260901,1,1,2,1,5,0.715,24.75299988873303,stream
M2-00251,2026-09-01 01:02:45,20260901,1,2,3,1,6,0.816,30.35210003145039,stream
M1-00252,2026-09-01 01:03:00,20260901,1,1,4,1,1,0.43,25.558599969372153,stream
M2-00253,2026-09-01 01:03:15,20260901,1,2,4,1,1,0.702,22.597300121560693,stream
M1-00254,2026-09-01 01:03:30,20260901,1,1,6,1,1,0.806,22.92370004579425,stream
M2-00255,2026-09-01 01:03:45,20260901,1,2,1,1,2,0.313,14.94810008443892,stream
M1-00256,2026-09-01 01:04:00,20260901,1,1,1,1,3,0.579,24.39220016822219,stream
M2-00257,2026-09-01 01:04:15,20260901,1,2,6,1,10,0.657,27.103299973532557,stream
M1-00258,2026-09-01 01:04:30,20260901,1,1,2,1,2,0.742,19.768700003623962,stream
M2-00259,2026-09-01 01:04:45,20260901,1,2,6,1,3,0.709,28.883600141853094,stream
M1-00260,2026-09-01 01:05:00,20260901,1,1,3,1,4,0.904,28.16069987602532,stream
M2-00261,2026-09-01 01:05:15,20260901,1,2,2,1,3,0.531,23.332000011578202,stream
M1-00262,2026-09-01 01:05:30,20260901,1,1,3,1,1,0.769,23.36640004068613,stream
M2-00263,2026-09-01 01:05:45,20260901,1,2,2,1,6,0.828,28.954599983990192,stream
M1-00264,2026-09-01 01:06:00,20260901,1,1,6,1,3,0.564,24.952500127255917,stream
M2-00265,2026-09-01 01:06:15,20260901,1,2,3,1,4,0.769,29.25399993546307,stream
M1-00266,2026-09-01 01:06:30,20260901,1,1,4,1,2,0.627,13.22770002298057,stream
M2-00267,2026-09-01 01:06:45,20260901,1,2,6,1,5,0.643,20.08869987912476,stream
M1-00268,2026-09-01 01:07:00,20260901,1,1,5,1,1,0.621,25.132100097835064,stream
M2-00269,2026-09-01 01:07:15,20260901,1,2,4,1,1,0.702,12.407399946823716,stream
M1-00270,2026-09-01 01:07:30,20260901,1,1,1,1,4,0.616,14.984100125730038,stream
M2-00271,2026-09-01 01:07:45,20260901,1,2,4,1,2,0.479,11.131299892440438,stream
M1-00272,2026-09-01 01:08:00,20260901,1,1,6,1,2,0.755,13.369800057262182,stream
M2-00273,2026-09-01 01:08:15,20260901,1,2,5,1,1,0.621,27.22839987836778,stream
M1-00274,2026-09-01 01:08:30,20260901,1,1,4,1,3,0.653,28.765100054442883,stream
M2-00275,2026-09-01 01:08:45,20260901,1,2,6,1,3,0.553,33.075799932703376,stream
M1-00276,2026-09-01 01:09:00,20260901,1,1,1,1,2,0.48,24.947999976575375,stream
M2-00277,2026-09-01 01:09:15,20260901,1,2,2,1,1,0.282,10.022599948570132,stream
M1-00278,2026-09-01 01:09:30,20260901,1,1,3,1,4,0.769,11.767700081691146,stream
M2-00279,2026-09-01 01:09:45,20260901,1,2,1,1,1,0.579,16.214899951592088,stream
M1-00280,2026-09-01 01:10:00,20260901,1,1,3,1,6,0.901,17.090599983930588,stream
M2-00281,2026-09-01 01:10:15,20260901,1,2,6,1,2,0.755,21.136000053957105,stream
M1-00282,2026-09-01 01:10:30,20260901,1,1,2,1,3,0.531,38.29369996674359,stream
M2-00283,2026-09-01 01:10:45,20260901,1,2,3,1,4,0.769,13.321800157427788,stream
M1-00284,2026-09-01 01:11:00,20260901,1,1,5,1,1,0.603,11.4954998716712,stream
M2-00285,2026-09-01 01:11:15,20260901,1,2,5,1,3,0.688,12.139400001615286,stream
M1-00286,2026-09-01 01:11:30,20260901,1,1,5,1,3,0.505,10.553300147876143,stream
M2-00287,2026-09-01 01:11:45,20260901,1,2,6,1,4,0.699,14.309799997135997,stream
M1-00288,2026-09-01 01:12:00,20260901,1,1,1,1,3,0.579,32.98070002347231,stream
M2-00289,2026-09-01 01:12:15,20260901,1,2,1,1,4,0.52,15.298499958589673,stream
M1-00290,2026-09-01 01:12:30,20260901,1,1,5,1,3,0.359,32.93480002321303,stream
M2-00291,2026-09-01 01:12:45,20260901,1,2,3,1,3,0.912,31.358700012788177,stream
M1-00292,2026-09-01 01:13:00,20260901,1,1,3,1,6,0.816,25.78140003606677,stream
M2-00293,2026-09-01 01:13:15,20260901,1,2,4,1,1,0.849,9.836900047957897,stream
M1-00294,2026-09-01 01:13:30,20260901,1,1,1,1,1,0.37,12.11220002733171,stream
M2-00295,2026-09-01 01:13:45,20260901,1,2,4,1,1,0.702,19.047100096940994,stream
M1-00296,2026-09-01 01:14:00,20260901,1,1,2,1,4,0.714,12.584100011736155,stream
M2-00297,2026-09-01 01:14:15,20260901,1,2,5,1,5,0.797,41.76289984025061,stream
M1-00298,2026-09-01 01:14:30,20260901,1,1,6,1,3,0.696,33.47710007801652,stream
M2-00299,2026-09-01 01:14:45,20260901,1,2,1,1,3,0.469,30.209700111299753,stream
M1-00300,2026-09-01 01:15:00,20260901,1,1,2,1,5,0.715,25.93910018913448,stream
M2-00301,2026-09-01 01:15:15,20260901,1,2,1,1,4,0.377,27.546900091692805,stream
M1-00302,2026-09-01 01:15:30,20260901,1,1,4,1,2,0.479,14.202899998053908,stream
M2-00303,2026-09-01 01:15:45,20260901,1,2,6,1,8,0.632,9.595500072464347,stream
M1-00304,2026-09-01 01:16:00,20260901,1,1,4,1,1,0.702,17.661199904978275,stream
M2-00305,2026-09-01 01:16:15,20260901,1,2,3,1,3,0.909,13.879999984055758,stream
M1-00306,2026-09-01 01:16:30,20260901,1,1,1,1,3,0.579,10.208999970927835,stream
M2-00307,2026-09-01 01:16:45,20260901,1,2,2,1,3,0.59,10.820599971339107,stream
M1-00308,2026-09-01 01:17:00,20260901,1,1,1,1,4,0.377,19.617700017988682,stream
M2-00309,2026-09-01 01:17:15,20260901,1,2,1,1,3,0.579,24.06689990311861,stream
M1-00310,2026-09-01 01:17:30,20260901,1,1,6,1,5,0.643,13.180100126191974,stream
M2-00311,2026-09-01 01:17:45,20260901,1,2,5,1,1,0.603,12.53040018491447,stream
M1-00312,2026-09-01 01:18:00,20260901,1,1,6,1,5,0.639,27.955099940299988,stream
M2-00313,2026-09-01 01:18:15,20260901,1,2,1,1,2,0.571,14.006800018250942,stream
M1-00314,2026-09-01 01:18:30,20260901,1,1,2,1,4,0.714,23.737699957564473,stream
M2-00315,2026-09-01 01:18:45,20260901,1,2,2,1,6,0.643,24.289899971336126,stream
M1-00316,2026-09-01 01:19:00,20260901,1,1,6,1,2,0.77,10.030200006440282,stream
M2-00317,2026-09-01 01:19:15,20260901,1,2,6,1,1,0.806,14.599299989640713,stream
M1-00318,2026-09-01 01:19:30,20260901,1,1,2,1,3,0.829,28.543499996885657,stream
M2-00319,2026-09-01 01:19:45,20260901,1,2,3,1,2,0.888,11.904000071808696,stream
M1-00320,2026-09-01 01:20:00,20260901,1,1,3,1,3,0.914,11.746899923309684,stream
M2-00321,2026-09-01 01:20:15,20260901,1,2,7,0,0,,11.791800148785114,stream
M1-00322,2026-09-01 01:20:30,20260901,1,1,2,1,9,0.776,12.145099928602576,stream
M2-00323,2026-09-01 01:20:45,20260901,1,2,1,1,2,0.571,8.883000118657947,stream
M1-00324,2026-09-01 01:21:00,20260901,1,1,5,1,2,0.48,16.04480016976595,stream
M2-00325,2026-09-01 01:21:15,20260901,1,2,4,1,1,0.535,8.834999985992908,stream
M1-00326,2026-09-01 01:21:30,20260901,1,1,6,1,7,0.59,11.774699902161956,stream
M2-00327,2026-09-01 01:21:45,20260901,1,2,1,1,2,0.313,9.514400037005544,stream
M1-00328,2026-09-01 01:22:00,20260901,1,1,1,1,4,0.305,12.677600141614676,stream
M2-00329,2026-09-01 01:22:15,20260901,1,2,3,1,3,0.857,13.569300062954426,stream
M1-00330,2026-09-01 01:22:30,20260901,1,1,4,1,5,0.934,11.085900012403727,stream
M2-00331,2026-09-01 01:22:45,20260901,1,2,1,1,1,0.506,22.706299787387252,stream
M1-00332,2026-09-01 01:23:00,20260901,1,1,3,1,3,0.881,23.314899997785687,stream
M2-00333,2026-09-01 01:23:15,20260901,1,2,2,1,13,0.714,26.128999888896942,stream
M1-00334,2026-09-01 01:23:30,20260901,1,1,6,1,1,0.787,11.56829996034503,stream
M2-00335,2026-09-01 01:23:45,20260901,1,2,5,1,3,0.756,12.162599945440888,stream
M1-00336,2026-09-01 01:24:00,20260901,1,1,6,1,1,0.806,12.17729994095862,stream
M2-00337,2026-09-01 01:24:15,20260901,1,2,6,1,1,0.682,15.338700031861663,stream
M1-00338,2026-09-01 01:24:30,20260901,1,1,3,1,3,0.884,11.153199942782521,stream
M2-00339,2026-09-01 01:24:45,20260901,1,2,1,1,1,0.506,12.788400053977966,stream
M1-00340,2026-09-01 01:25:00,20260901,1,1,2,1,1,0.595,11.6627998650074,stream
M2-00341,2026-09-01 01:25:15,20260901,1,2,3,1,3,0.914,17.789300065487623,stream
M1-00342,2026-09-01 01:25:30,20260901,1,1,1,1,4,0.477,11.808699928224087,stream
M2-00343,2026-09-01 01:25:45,20260901,1,2,1,1,3,0.384,12.564599979668856,stream
M1-00344,2026-09-01 01:26:00,20260901,1,1,1,1,3,0.384,10.229900013655424,stream
M2-00345,2026-09-01 01:26:15,20260901,1,2,2,1,7,0.806,11.364599922671914,stream
M1-00346,2026-09-01 01:26:30,20260901,1,1,6,1,6,0.804,10.74020005762577,stream
M2-00347,2026-09-01 01:26:45,20260901,1,2,3,1,6,0.901,16.42169989645481,stream
M1-00348,2026-09-01 01:27:00,20260901,1,1,5,1,3,0.549,9.31950006633997,stream
M2-00349,2026-09-01 01:27:15,20260901,1,2,3,1,3,0.909,18.172499956563115,stream
M1-00350,2026-09-01 01:27:30,20260901,1,1,4,1,1,0.576,18.98550009354949,stream
M2-00351,2026-09-01 01:27:45,20260901,1,2,5,1,1,0.621,26.986599899828434,stream
M1-00352,2026-09-01 01:28:00,20260901,1,1,1,1,3,0.384,11.31169986911118,stream
M2-00353,2026-09-01 01:28:15,20260901,1,2,6,1,2,0.755,26.010100031271577,stream
M1-00354,2026-09-01 01:28:30,20260901,1,1,6,1,2,0.77,11.126299854367971,stream
M2-00355,2026-09-01 01:28:45,20260901,1,2,6,1,1,0.787,12.24389998242259,stream
M1-00356,2026-09-01 01:29:00,20260901,1,1,5,1,3,0.359,16.751099843531847,stream
M2-00357,2026-09-01 01:29:15,20260901,1,2,6,1,1,0.57,26.50419995188713,stream
M1-00358,2026-09-01 01:29:30,20260901,1,1,4,1,1,0.719,12.334000086411834,stream
M2-00359,2026-09-01 01:29:45,20260901,1,2,6,1,3,0.564,10.386599926277995,stream
M1-00360,2026-09-01 01:30:00,20260901,1,1,3,1,4,0.834,12.660800013691187,stream
M2-00361,2026-09-01 01:30:15,20260901,1,2,4,1,4,0.892,10.007299948483706,stream
M1-00362,2026-09-01 01:30:30,20260901,1,1,5,1,1,0.387,21.269500022754073,stream
M2-00363,2026-09-01 01:30:45,20260901,1,2,2,1,2,0.552,23.305799812078476,stream
M1-00364,2026-09-01 01:31:00,20260901,1,1,2,1,3,0.717,13.456099899485707,stream
M2-00365,2026-09-01 01:31:15,20260901,1,2,4,1,2,0.627,11.131100123748183,stream
M1-00366,2026-09-01 01:31:30,20260901,1,1,6,1,7,0.608,14.899800065904856,stream
M2-00367,2026-09-01 01:31:45,20260901,1,2,3,1,3,0.861,23.517000023275614,stream
M1-00368,2026-09-01 01:32:00,20260901,1,1,1,1,2,0.569,10.50709979608655,stream
M2-00369,2026-09-01 01:32:15,20260901,1,2,2,1,2,0.77,9.557999903336167,stream
M1-00370,2026-09-01 01:32:30,20260901,1,1,2,1,3,0.64,11.88090001232922,stream
M2-00371,2026-09-01 01:32:45,20260901,1,2,3,1,2,0.78,10.289900004863739,stream
M1-00372,2026-09-01 01:33:00,20260901,1,1,3,1,4,0.904,12.501100078225136,stream
M2-00373,2026-09-01 01:33:15,20260901,1,2,3,1,4,0.892,24.56189994700253,stream
M1-00374,2026-09-01 01:33:30,20260901,1,1,4,1,2,0.401,20.42189985513687,stream
M2-00375,2026-09-01 01:33:45,20260901,1,2,7,0,0,,11.585399974137545,stream
M1-00376,2026-09-01 01:34:00,20260901,1,1,3,1,4,0.892,11.644899845123291,stream
M2-00377,2026-09-01 01:34:15,20260901,1,2,6,1,3,0.688,11.857599951326847,stream
M1-00378,2026-09-01 01:34:30,20260901,1,1,1,1,4,0.52,13.091800035908818,stream
M2-00379,2026-09-01 01:34:45,20260901,1,2,1,1,3,0.384,11.665599886327982,stream
M1-00380,2026-09-01 01:35:00,20260901,1,1,3,1,2,0.78,22.75000000372529,stream
M2-00381,2026-09-01 01:35:15,20260901,1,2,2,1,2,0.746,26.32359997369349,stream
M1-00382,2026-09-01 01:35:30,20260901,1,1,2,1,3,0.64,16.751999966800213,stream
M2-00383,2026-09-01 01:35:45,20260901,1,2,7,0,0,,11.763399932533503,stream
M1-00384,2026-09-01 01:36:00,20260901,1,1,3,1,3,0.861,32.784700160846114,stream
M2-00385,2026-09-01 01:36:15,20260901,1,2,4,1,1,0.636,24.038900155574083,stream
M1-00386,2026-09-01 01:36:30,20260901,1,1,4,1,1,0.535,25.84479982033372,stream
M2-00387,2026-09-01 01:36:45,20260901,1,2,5,1,5,0.797,26.28350001759827,stream
M1-00388,2026-09-01 01:37:00,20260901,1,1,2,1,5,0.715,18.632099963724613,stream
M2-00389,2026-09-01 01:37:15,20260901,1,2,3,1,4,0.899,11.29999989643693,stream
M1-00390,2026-09-01 01:37:30,20260901,1,1,1,1,1,0.506,10.345600079745054,stream
M2-00391,2026-09-01 01:37:45,20260901,1,2,5,1,1,0.303,13.514599995687604,stream
M1-00392,2026-09-01 01:38:00,20260901,1,1,3,1,1,0.769,11.289099929854274,stream
M2-00393,2026-09-01 01:38:15,20260901,1,2,1,1,1,0.37,9.878099896013737,stream
M1-00394,2026-09-01 01:38:30,20260901,1,1,3,1,5,0.882,12.692899908870459,stream
M2-00395,2026-09-01 01:38:45,20260901,1,2,2,1,2,0.552,20.540199941024184,stream
M1-00396,2026-09-01 01:39:00,20260901,1,1,5,1,3,0.756,36.94560006260872,stream
M2-00397,2026-09-01 01:39:15,20260901,1,2,7,0,0,,25.24909982457757,stream
M1-00398,2026-09-01 01:39:30,20260901,1,1,3,1,2,0.888,13.172199949622154,stream
M2-00399,2026-09-01 01:39:45,20260901,1,2,4,1,2,0.597,9.87050007097423,stream
M1-00400,2026-09-01 01:40:00,20260901,1,1,3,1,6,0.789,30.181100126355886,stream
M2-00401,2026-09-01 01:40:15,20260901,1,2,3,1,2,0.733,10.37280005402863,stream
M1-00402,2026-09-01 01:40:30,20260901,1,1,4,1,1,0.702,15.425499994307756,stream
M2-00403,2026-09-01 01:40:45,20260901,1,2,1,1,3,0.359,27.65000006183982,stream
M1-00404,2026-09-01 01:41:00,20260901,1,1,1,1,2,0.571,11.14579988643527,stream
M2-00405,2026-09-01 01:41:15,20260901,1,2,5,1,3,0.505,10.137799894437194,stream
M1-00406,2026-09-01 01:41:30,20260901,1,1,5,1,4,0.709,10.263200150802732,stream
M2-00407,2026-09-01 01:41:45,20260901,1,2,5,1,2,0.48,25.06439993157983,stream
M1-00408,2026-09-01 01:42:00,20260901,1,1,3,1,4,0.892,8.852599887177348,stream
M2-00409,2026-09-01 01:42:15,20260901,1,2,3,1,5,0.826,28.780799824744463,stream
M1-00410,2026-09-01 01:42:30,20260901,1,1,2,1,4,0.674,15.773699851706624,stream
M2-00411,2026-09-01 01:42:45,20260901,1,2,5,1,1,0.303,30.587400076910853,stream
M1-00412,2026-09-01 01:43:00,20260901,1,1,1,1,1,0.506,23.048700066283345,stream
M2-00413,2026-09-01 01:43:15,20260901,1,2,6,1,2,0.755,11.851900024339557,stream
M1-00414,2026-09-01 01:43:30,20260901,1,1,5,1,2,0.389,16.781599959358573,stream
M2-00415,2026-09-01 01:43:45,20260901,1,2,4,1,1,0.597,11.218899860978127,stream
M1-00416,2026-09-01 01:44:00,20260901,1,1,1,1,4,0.52,11.566099943593144,stream
M2-00417,2026-09-01 01:44:15,20260901,1,2,3,1,2,0.888,10.351500008255243,stream
M1-00418,2026-09-01 01:44:30,20260901,1,1,3,1,4,0.904,22.51269994303584,stream
M2-00419,2026-09-01 01:44:45,20260901,1,2,6,1,7,0.775,11.011000024154782,stream
M1-00420,2026-09-01 01:45:00,20260901,1,1,2,1,1,0.595,11.052000103518367,stream
M2-00421,2026-09-01 01:45:15,20260901,1,2,2,1,1,0.282,9.397400077432394,stream
M1-00422,2026-09-01 01:45:30,20260901,1,1,6,1,7,0.59,23.763000033795834,stream
M2-00423,2026-09-01 01:45:45,20260901,1,2,5,1,3,0.559,14.059099834412336,stream
M1-00424,2026-09-01 01:46:00,20260901,1,1,4,1,2,0.627,10.544500080868602,stream
M2-00425,2026-09-01 01:46:15,20260901,1,2,6,1,3,0.564,9.683000156655908,stream
M1-00426,2026-09-01 01:46:30,20260901,1,1,1,1,4,0.644,9.693500120192766,stream
M2-00427,2026-09-01 01:46:45,20260901,1,2,1,1,1,0.579,8.500299882143736,stream
M1-00428,2026-09-01 01:47:00,20260901,1,1,1,1,3,0.469,12.47800001874566,stream
M2-00429,2026-09-01 01:47:15,20260901,1,2,2,1,3,0.829,13.485700124874711,stream
M1-00430,2026-09-01 01:47:30,20260901,1,1,2,1,1,0.867,10.684899985790253,stream
M2-00431,2026-09-01 01:47:45,20260901,1,2,1,1,2,0.312,9.343599900603294,stream
M1-00432,2026-09-01 01:48:00,20260901,1,1,4,1,5,0.523,10.04959992133081,stream
M2-00433,2026-09-01 01:48:15,20260901,1,2,1,1,2,0.569,10.140500031411648,stream
M1-00434,2026-09-01 01:48:30,20260901,1,1,1,1,2,0.571,18.004000186920166,stream
M2-00435,2026-09-01 01:48:45,20260901,1,2,4,1,3,0.34,9.989799931645393,stream
M1-00436,2026-09-01 01:49:00,20260901,1,1,5,1,3,0.549,12.188300024718046,stream
M2-00437,2026-09-01 01:49:15,20260901,1,2,5,1,4,0.584,25.404099840670824,stream
M1-00438,2026-09-01 01:49:30,20260901,1,1,3,1,3,0.861,12.844400014728308,stream
M2-00439,2026-09-01 01:49:45,20260901,1,2,3,1,4,0.769,10.687300004065037,stream
M1-00440,2026-09-01 01:50:00,20260901,1,1,5,1,3,0.582,11.682200012728572,stream
M2-00441,2026-09-01 01:50:15,20260901,1,2,7,0,0,,12.06139987334609,stream
M1-00442,2026-09-01 01:50:30,20260901,1,1,6,1,8,0.632,20.45660000294447,stream
M2-00443,2026-09-01 01:50:45,20260901,1,2,2,1,2,0.6,11.324499966576695,stream
M1-00444,2026-09-01 01:51:00,20260901,1,1,4,1,2,0.427,10.238199960440397,stream
M2-00445,2026-09-01 01:51:15,20260901,1,2,1,1,3,0.469,11.321800062432885,stream
M1-00446,2026-09-01 01:51:30,20260901,1,1,4,1,2,0.401,11.226699920371175,stream
M2-00447,2026-09-01 01:51:45,20260901,1,2,2,1,1,0.867,23.758600000292063,stream
M1-00448,2026-09-01 01:52:00,20260901,1,1,3,1,6,0.901,36.365600069984794,stream
M2-00449,2026-09-01 01:52:15,20260901,1,2,7,0,0,,21.74369990825653,stream
M1-00450,2026-09-01 01:52:30,20260901,1,1,2,1,1,0.282,27.11030002683401,stream
M2-00451,2026-09-01 01:52:45,20260901,1,2,4,1,2,0.902,25.320100132375956,stream
M1-00452,2026-09-01 01:53:00,20260901,1,1,2,1,2,0.742,27.087399968877435,stream
M2-00453,2026-09-01 01:53:15,20260901,1,2,4,1,3,0.757,14.707099879160523,stream
M1-00454,2026-09-01 01:53:30,20260901,1,1,1,1,1,0.506,10.97119995392859,stream
M2-00455,2026-09-01 01:53:45,20260901,1,2,1,1,1,0.579,23.849499877542257,stream
M1-00456,2026-09-01 01:54:00,20260901,1,1,6,1,2,0.755,10.530299972742796,stream
M2-00457,2026-09-01 01:54:15,20260901,1,2,1,1,5,0.352,11.290099937468767,stream
M1-00458,2026-09-01 01:54:30,20260901,1,1,5,1,2,0.534,11.249300092458725,stream
M2-00459,2026-09-01 01:54:45,20260901,1,2,4,1,5,0.934,9.271999821066856,stream
M1-00460,2026-09-01 01:55:00,20260901,1,1,6,1,8,0.632,12.700499966740608,stream
M2-00461,2026-09-01 01:55:15,20260901,1,2,2,1,11,0.744,14.712900156155229,stream
M1-00462,2026-09-01 01:55:30,20260901,1,1,2,1,6,0.643,21.637100027874112,stream
M2-00463,2026-09-01 01:55:45,20260901,1,2,5,1,2,0.389,10.316499974578619,stream
M1-00464,2026-09-01 01:56:00,20260901,1,1,4,1,1,0.535,12.918000109493732,stream
M2-00465,2026-09-01 01:56:15,20260901,1,2,3,1,3,0.881,9.833900025114417,stream
M1-00466,2026-09-01 01:56:30,20260901,1,1,2,1,3,0.717,12.397900223731995,stream
M2-00467,2026-09-01 01:56:45,20260901,1,2,6,1,1,0.57,25.887200143188238,stream
M1-00468,2026-09-01 01:57:00,20260901,1,1,1,1,3,0.384,14.5390999969095,stream
M2-00469,2026-09-01 01:57:15,20260901,1,2,2,1,2,0.6,15.08140005171299,stream
M1-00470,2026-09-01 01:57:30,20260901,1,1,6,1,6,0.737,23.638900136575103,stream
M2-00471,2026-09-01 01:57:45,20260901,1,2,2,1,2,0.759,10.948200011625886,stream
M1-00472,2026-09-01 01:58:00,20260901,1,1,1,1,1,0.432,8.416099939495325,stream
M2-00473,2026-09-01 01:58:15,20260901,1,2,2,1,3,0.829,13.303000014275312,stream
M1-00474,2026-09-01 01:58:30,20260901,1,1,4,1,1,0.719,8.401700062677264,stream
M2-00475,2026-09-01 01:58:45,20260901,1,2,4,1,2,0.627,9.650199906900525,stream
M1-00476,2026-09-01 01:59:00,20260901,1,1,4,1,1,0.636,10.481799952685833,stream
M2-00477,2026-09-01 01:59:15,20260901,1,2,5,1,3,0.427,19.010300049558282,stream
M1-00478,2026-09-01 01:59:30,20260901,1,1,2,1,3,0.64,12.486199848353863,stream
M2-00479,2026-09-01 01:59:45,20260901,1,2,1,1,1,0.432,22.439799970015883,stream
M1-00480,2026-09-01 02:00:00,20260901,2,1,6,1,10,0.657,20.337200025096536,stream
M2-00481,2026-09-01 02:00:15,20260901,2,2,5,1,3,0.688,9.792800061404705,stream
M1-00482,2026-09-01 02:00:30,20260901,2,1,2,1,2,0.759,12.0363999158144,stream
M2-00483,2026-09-01 02:00:45,20260901,2,2,5,1,3,0.559,9.857799857854843,stream
M1-00484,2026-09-01 02:01:00,20260901,2,1,4,1,2,0.597,12.149299960583448,stream
M2-00485,2026-09-01 02:01:15,20260901,2,2,6,1,3,0.564,9.428600082173944,stream
M1-00486,2026-09-01 02:01:30,20260901,2,1,6,1,6,0.804,10.681699961423874,stream
M2-00487,2026-09-01 02:01:45,20260901,2,2,4,1,2,0.427,9.233499877154827,stream
M1-00488,2026-09-01 02:02:00,20260901,2,1,5,1,3,0.756,21.9737000297755,stream
M2-00489,2026-09-01 02:02:15,20260901,2,2,5,1,3,0.359,20.95440006814897,stream
M1-00490,2026-09-01 02:02:30,20260901,2,1,6,1,8,0.632,11.863700114190578,stream
M2-00491,2026-09-01 02:02:45,20260901,2,2,3,1,2,0.865,14.00730013847351,stream
M1-00492,2026-09-01 02:03:00,20260901,2,1,5,1,2,0.389,12.307900004088879,stream
M2-00493,2026-09-01 02:03:15,20260901,2,2,5,1,2,0.389,22.363899974152446,stream
M1-00494,2026-09-01 02:03:30,20260901,2,1,6,1,3,0.696,10.51370007917285,stream
M2-00495,2026-09-01 02:03:45,20260901,2,2,6,1,5,0.767,11.307100066915154,stream
M1-00496,2026-09-01 02:04:00,20260901,2,1,2,1,11,0.744,13.47670005634427,stream
M2-00497,2026-09-01 02:04:15,20260901,2,2,5,1,1,0.382,14.144500019028783,stream
M1-00498,2026-09-01 02:04:30,20260901,2,1,6,1,5,0.639,10.044299997389317,stream
M2-00499,2026-09-01 02:04:45,20260901,2,2,2,1,1,0.867,11.296199867501855,stream
M1-00500,2026-09-01 02:05:00,20260901,2,1,1,1,2,0.569,34.69360014423728,stream
M2-00501,2026-09-01 02:05:15,20260901,2,2,3,1,5,0.826,14.162899926304817,stream
M1-00502,2026-09-01 02:05:30,20260901,2,1,3,1,5,0.848,19.228200195357203,stream
M2-00503,2026-09-01 02:05:45,20260901,2,2,3,1,2,0.865,36.70260007493198,stream
M1-00504,2026-09-01 02:06:00,20260901,2,1,1,1,4,0.52,11.31629990413785,stream
M2-00505,2026-09-01 02:06:15,20260901,2,2,5,1,2,0.534,17.44839991442859,stream
M1-00506,2026-09-01 02:06:30,20260901,2,1,2,1,2,0.759,33.96829986013472,stream
M2-00507,2026-09-01 02:06:45,20260901,2,2,3,1,3,0.881,14.172099996358156,stream
M1-00508,2026-09-01 02:07:00,20260901,2,1,6,1,4,0.699,11.970299994572997,stream
M2-00509,2026-09-01 02:07:15,20260901,2,2,2,1,1,0.595,8.9414999820292,stream
M1-00510,2026-09-01 02:07:30,20260901,2,1,4,1,1,0.584,8.735799929127097,stream
M2-00511,2026-09-01 02:07:45,20260901,2,2,7,0,0,,10.911700082942843,stream
M1-00512,2026-09-01 02:08:00,20260901,2,1,3,1,4,0.899,38.50089991465211,stream
M2-00513,2026-09-01 02:08:15,20260901,2,2,5,1,1,0.554,16.06270018965006,stream
M1-00514,2026-09-01 02:08:30,20260901,2,1,1,1,1,0.579,10.31200005672872,stream
M2-00515,2026-09-01 02:08:45,20260901,2,2,1,1,3,0.469,28.388499980792403,stream
M1-00516,2026-09-01 02:09:00,20260901,2,1,5,1,4,0.584,13.59100011177361,stream
M2-00517,2026-09-01 02:09:15,20260901,2,2,1,1,3,0.384,10.686799883842468,stream
M1-00518,2026-09-01 02:09:30,20260901,2,1,1,1,1,0.579,22.804200183600187,stream
M2-00519,2026-09-01 02:09:45,20260901,2,2,2,1,6,0.828,15.536400023847818,stream
M1-00520,2026-09-01 02:10:00,20260901,2,1,2,1,5,0.715,13.393400004133582,stream
M2-00521,2026-09-01 02:10:15,20260901,2,2,1,1,3,0.384,8.759399875998497,stream
M1-00522,2026-09-01 02:10:30,20260901,2,1,3,1,2,0.733,9.513800032436848,stream
M2-00523,2026-09-01 02:10:45,20260901,2,2,1,1,4,0.377,10.106700006872416,stream
M1-00524,2026-09-01 02:11:00,20260901,2,1,3,1,4,0.769,26.400200091302395,stream
M2-00525,2026-09-01 02:11:15,20260901,2,2,3,1,6,0.789,42.04790014773607,stream
M1-00526,2026-09-01 02:11:30,20260901,2,1,2,1,2,0.746,20.31589997932315,stream
M2-00527,2026-09-01 02:11:45,20260901,2,2,2,1,3,0.64,19.333599833771586,stream
M1-00528,2026-09-01 02:12:00,20260901,2,1,6,1,1,0.787,23.30229990184307,stream
M2-00529,2026-09-01 02:12:15,20260901,2,2,4,1,1,0.719,23.3559999614954,stream
M1-00530,2026-09-01 02:12:30,20260901,2,1,4,1,4,0.892,31.926099909469485,stream
M2-00531,2026-09-01 02:12:45,20260901,2,2,5,1,4,0.641,14.946600189432502,stream
M1-00532,2026-09-01 02:13:00,20260901,2,1,4,1,1,0.584,11.707000201568007,stream
M2-00533,2026-09-01 02:13:15,20260901,2,2,5,1,1,0.603,11.156799970194697,stream
M1-00534,2026-09-01 02:13:30,20260901,2,1,5,1,3,0.597,13.48130009137094,stream
M2-00535,2026-09-01 02:13:45,20260901,2,2,1,1,4,0.616,11.731100035831332,stream
M1-00536,2026-09-01 02:14:00,20260901,2,1,5,1,2,0.482,13.223499990999699,stream
M2-00537,2026-09-01 02:14:15,20260901,2,2,7,0,0,,10.861699935048819,stream
M1-00538,2026-09-01 02:14:30,20260901,2,1,6,1,8,0.632,10.574799962341785,stream
M2-00539,2026-09-01 02:14:45,20260901,2,2,5,1,4,0.584,9.171100100502372,stream
M1-00540,2026-09-01 02:15:00,20260901,2,1,6,1,6,0.591,10.94920001924038,stream
M2-00541,2026-09-01 02:15:15,20260901,2,2,1,1,3,0.529,23.850700119510293,stream
M1-00542,2026-09-01 02:15:30,20260901,2,1,4,1,1,0.597,45.30989984050393,stream
M2-00543,2026-09-01 02:15:45,20260901,2,2,2,1,7,0.806,23.590599885210395,stream
M1-00544,2026-09-01 02:16:00,20260901,2,1,3,1,3,0.861,34.71280005760491,stream
M2-00545,2026-09-01 02:16:15,20260901,2,2,5,1,1,0.387,31.542399898171425,stream
M1-00546,2026-09-01 02:16:30,20260901,2,1,6,1,6,0.591,35.41780007071793,stream
M2-00547,2026-09-01 02:16:45,20260901,2,2,4,1,1,0.702,31.268299790099263,stream
M1-00548,2026-09-01 02:17:00,20260901,2,1,5,1,4,0.709,10.966799920424819,stream
M2-00549,2026-09-01 02:17:15,20260901,2,2,4,1,1,0.43,17.2436002176255,stream
M1-00550,2026-09-01 02:17:30,20260901,2,1,6,1,2,0.77,11.73119992017746,stream
M2-00551,2026-09-01 02:17:45,20260901,2,2,6,1,7,0.608,11.928100138902664,stream
M1-00552,2026-09-01 02:18:00,20260901,2,1,2,1,3,0.749,11.700999923050404,stream
M2-00553,2026-09-01 02:18:15,20260901,2,2,1,1,4,0.305,12.836899841204286,stream
M1-00554,2026-09-01 02:18:30,20260901,2,1,6,1,1,0.67,10.86350018158555,stream
M2-00555,2026-09-01 02:18:45,20260901,2,2,1,1,3,0.579,11.30170002579689,stream
M1-00556,2026-09-01 02:19:00,20260901,2,1,2,1,9,0.776,10.469600092619658,stream
M2-00557,2026-09-01 02:19:15,20260901,2,2,3,1,2,0.888,16.133599914610386,stream
M1-00558,2026-09-01 02:19:30,20260901,2,1,5,1,4,0.641,11.61119993776083,stream
M2-00559,2026-09-01 02:19:45,20260901,2,2,5,1,1,0.621,13.589000096544623,stream
M1-00560,2026-09-01 02:20:00,20260901,2,1,3,1,3,0.881,13.644999824464321,stream
M2-00561,2026-09-01 02:20:15,20260901,2,2,3,1,4,0.904,10.084199951961637,stream
M1-00562,2026-09-01 02:20:30,20260901,2,1,1,1,1,0.579,31.065599992871284,stream
M2-00563,2026-09-01 02:20:45,20260901,2,2,5,1,3,0.359,32.902600010856986,stream
M1-00564,2026-09-01 02:21:00,20260901,2,1,3,1,3,0.832,16.713700024411082,stream
M2-00565,2026-09-01 02:21:15,20260901,2,2,3,1,2,0.888,35.47570016235113,stream
M1-00566,2026-09-01 02:21:30,20260901,2,1,4,1,3,0.508,28.131699888035655,stream
M2-00567,2026-09-01 02:21:45,20260901,2,2,4,1,5,0.523,24.838900193572044,stream
M1-00568,2026-09-01 02:22:00,20260901,2,1,4,1,5,0.523,38.093999959528446,stream
M2-00569,2026-09-01 02:22:15,20260901,2,2,1,1,2,0.312,16.181299928575754,stream
M1-00570,2026-09-01 02:22:30,20260901,2,1,2,1,2,0.746,13.656999915838242,stream
M2-00571,2026-09-01 02:22:45,20260901,2,2,6,1,1,0.57,14.960599830374122,stream
M1-00572,2026-09-01 02:23:00,20260901,2,1,2,1,4,0.596,10.799899930134416,stream
M2-00573,2026-09-01 02:23:15,20260901,2,2,3,1,1,0.769,10.10590000078082,stream
M1-00574,2026-09-01 02:23:30,20260901,2,1,3,1,2,0.846,19.812700105831027,stream
M2-00575,2026-09-01 02:23:45,20260901,2,2,3,1,4,0.904,15.706400154158473,stream
M1-00576,2026-09-01 02:24:00,20260901,2,1,1,1,2,0.358,9.161700028926134,stream
M2-00577,2026-09-01 02:24:15,20260901,2,2,1,1,4,0.52,12.481499928981066,stream
M1-00578,2026-09-01 02:24:30,20260901,2,1,5,1,4,0.709,11.599899968132377,stream
M2-00579,2026-09-01 02:24:45,20260901,2,2,4,1,1,0.702,11.871600057929754,stream
M1-00580,2026-09-01 02:25:00,20260901,2,1,2,1,2,0.755,14.90790001116693,stream
M2-00581,2026-09-01 02:25:15,20260901,2,2,5,1,3,0.582,10.892899939790368,stream
M1-00582,2026-09-01 02:25:30,20260901,2,1,6,1,4,0.699,14.549700077623129,stream
M2-00583,2026-09-01 02:25:45,20260901,2,2,1,1,2,0.313,13.51550011895597,stream
M1-00584,2026-09-01 02:26:00,20260901,2,1,6,1,5,0.643,16.21160004287958,stream
M2-00585,2026-09-01 02:26:15,20260901,2,2,6,1,3,0.709,9.513600030913949,stream
M1-00586,2026-09-01 02:26:30,20260901,2,1,2,1,3,0.64,11.393799912184477,stream
M2-00587,2026-09-01 02:26:45,20260901,2,2,4,1,3,0.445,15.850899973884225,stream
M1-00588,2026-09-01 02:27:00,20260901,2,1,4,1,1,0.719,11.930500157177448,stream
M2-00589,2026-09-01 02:27:15,20260901,2,2,1,1,4,0.52,11.49579999037087,stream
M1-00590,2026-09-01 02:27:30,20260901,2,1,6,1,5,0.639,13.832799857482314,stream
M2-00591,2026-09-01 02:27:45,20260901,2,2,4,1,1,0.849,8.484299993142486,stream
M1-00592,2026-09-01 02:28:00,20260901,2,1,4,1,5,0.523,24.77880008518696,stream
M2-00593,2026-09-01 02:28:15,20260901,2,2,4,1,1,0.719,10.69389982149005,stream
M1-00594,2026-09-01 02:28:30,20260901,2,1,1,1,1,0.37,12.01439998112619,stream
M2-00595,2026-09-01 02:28:45,20260901,2,2,1,1,2,0.571,10.496000060811639,stream
M1-00596,2026-09-01 02:29:00,20260901,2,1,5,1,1,0.554,11.883999919518828,stream
M2-00597,2026-09-01 02:29:15,20260901,2,2,2,1,3,0.64,22.460600128397346,stream
M1-00598,2026-09-01 02:29:30,20260901,2,1,1,1,4,0.305,21.128900116309524,stream
M2-00599,2026-09-01 02:29:45,20260901,2,2,1,1,4,0.616,9.744300041347742,stream
M1-00600,2026-09-01 02:30:00,20260901,2,1,6,1,6,0.591,16.549399821087718,stream
M2-00601,2026-09-01 02:30:15,20260901,2,2,6,1,3,0.688,12.600099900737405,stream
M1-00602,2026-09-01 02:30:30,20260901,2,1,2,1,5,0.715,14.37869993969798,stream
M2-00603,2026-09-01 02:30:45,20260901,2,2,6,1,2,0.73,9.44090005941689,stream
M1-00604,2026-09-01 02:31:00,20260901,2,1,3,1,2,0.865,8.484600111842155,stream
M2-00605,2026-09-01 02:31:15,20260901,2,2,1,1,1,0.432,9.841399965807796,stream
M1-00606,2026-09-01 02:31:30,20260901,2,1,6,1,2,0.755,8.125599939376116,stream
M2-00607,2026-09-01 02:31:45,20260901,2,2,5,1,5,0.797,8.584900060668588,stream
M1-00608,2026-09-01 02:32:00,20260901,2,1,6,1,1,0.806,15.541400061920285,stream
M2-00609,2026-09-01 02:32:15,20260901,2,2,3,1,3,0.884,14.728199923411012,stream
M1-00610,2026-09-01 02:32:30,20260901,2,1,2,1,2,0.742,20.8449000492692,stream
M2-00611,2026-09-01 02:32:45,20260901,2,2,4,1,5,0.523,23.74410000629723,stream
M1-00612,2026-09-01 02:33:00,20260901,2,1,5,1,3,0.582,26.618999894708395,stream
M2-00613,2026-09-01 02:33:15,20260901,2,2,7,0,0,,29.327800031751394,stream
M1-00614,2026-09-01 02:33:30,20260901,2,1,1,1,2,0.312,13.299300102517009,stream
M2-00615,2026-09-01 02:33:45,20260901,2,2,6,1,5,0.639,18.95259995944798,stream
M1-00616,2026-09-01 02:34:00,20260901,2,1,6,1,2,0.755,12.522300006821752,stream
M2-00617,2026-09-01 02:34:15,20260901,2,2,4,1,1,0.849,11.865500127896667,stream
M1-00618,2026-09-01 02:34:30,20260901,2,1,6,1,3,0.715,36.29469987936318,stream
M2-00619,2026-09-01 02:34:45,20260901,2,2,6,1,2,0.73,22.030899999663234,stream
M1-00620,2026-09-01 02:35:00,20260901,2,1,3,1,4,0.892,33.092299941927195,stream
M2-00621,2026-09-01 02:35:15,20260901,2,2,6,1,1,0.806,37.71419986151159,stream
M1-00622,2026-09-01 02:35:30,20260901,2,1,2,1,4,0.674,28.107000049203634,stream
M2-00623,2026-09-01 02:35:45,20260901,2,2,6,1,6,0.804,29.205100145190954,stream
M1-00624,2026-09-01 02:36:00,20260901,2,1,6,1,6,0.737,28.50180002860725,stream
M2-00625,2026-09-01 02:36:15,20260901,2,2,3,1,4,0.899,24.910999927669764,stream
M1-00626,2026-09-01 02:36:30,20260901,2,1,2,1,4,0.596,25.22579999640584,stream
M2-00627,2026-09-01 02:36:45,20260901,2,2,4,1,1,0.43,28.38790020905435,stream
M1-00628,2026-09-01 02:37:00,20260901,2,1,3,1,4,0.899,29.5178999658674,stream
M2-00629,2026-09-01 02:37:15,20260901,2,2,6,1,6,0.804,27.58429991081357,stream
M1-00630,2026-09-01 02:37:30,20260901,2,1,2,1,4,0.674,26.58750000409782,stream
M2-00631,2026-09-01 02:37:45,20260901,2,2,5,1,4,0.584,26.378899812698364,stream
M1-00632,2026-09-01 02:38:00,20260901,2,1,2,1,4,0.714,28.290600050240755,stream
M2-00633,2026-09-01 02:38:15,20260901,2,2,1,1,4,0.52,26.54409990645945,stream
M1-00634,2026-09-01 02:38:30,20260901,2,1,4,1,3,0.34,27.195399859920144,stream
M2-00635,2026-09-01 02:38:45,20260901,2,2,4,1,3,0.698,25.111999828368425,stream
M1-00636,2026-09-01 02:39:00,20260901,2,1,4,1,4,0.892,28.98459997959435,stream
M2-00637,2026-09-01 02:39:15,20260901,2,2,2,1,4,0.714,29.527500038966537,stream
M1-00638,2026-09-01 02:39:30,20260901,2,1,4,1,3,0.621,27.9768998734653,stream
M2-00639,2026-09-01 02:39:45,20260901,2,2,4,1,3,0.757,11.241399915888906,stream
M1-00640,2026-09-01 02:40:00,20260901,2,1,6,1,2,0.73,26.004299987107515,stream
M2-00641,2026-09-01 02:40:15,20260901,2,2,1,1,3,0.529,24.866600055247545,stream
M1-00642,2026-09-01 02:40:30,20260901,2,1,1,1,2,0.48,10.519100120291114,stream
M2-00643,2026-09-01 02:40:45,20260901,2,2,1,1,3,0.384,11.73829985782504,stream
M1-00644,2026-09-01 02:41:00,20260901,2,1,5,1,3,0.688,22.293899906799197,stream
M2-00645,2026-09-01 02:41:15,20260901,2,2,3,1,3,0.881,11.641199933364987,stream
M1-00646,2026-09-01 02:41:30,20260901,2,1,1,1,4,0.541,19.964300096035004,stream
M2-00647,2026-09-01 02:41:45,20260901,2,2,5,1,3,0.756,26.99919999577105,stream
M1-00648,2026-09-01 02:42:00,20260901,2,1,6,1,2,0.662,24.206900037825108,stream
M2-00649,2026-09-01 02:42:15,20260901,2,2,5,1,1,0.621,15.204800060018897,stream
M1-00650,2026-09-01 02:42:30,20260901,2,1,5,1,2,0.482,15.635800082236528,stream
M2-00651,2026-09-01 02:42:45,20260901,2,2,2,1,2,0.6,16.51509990915656,stream
M1-00652,2026-09-01 02:43:00,20260901,2,1,2,1,2,0.83,11.919300071895123,stream
M2-00653,2026-09-01 02:43:15,20260901,2,2,7,0,0,,10.162800084799528,stream
M1-00654,2026-09-01 02:43:30,20260901,2,1,6,1,7,0.59,26.41699998639524,stream
M2-00655,2026-09-01 02:43:45,20260901,2,2,5,1,3,0.597,13.693499844521284,stream
M1-00656,2026-09-01 02:44:00,20260901,2,1,6,1,3,0.709,15.160299837589264,stream
M2-00657,2026-09-01 02:44:15,20260901,2,2,5,1,2,0.534,11.46589987911284,stream
M1-00658,2026-09-01 02:44:30,20260901,2,1,4,1,3,0.653,9.856600081548095,stream
M2-00659,2026-09-01 02:44:45,20260901,2,2,5,1,4,0.641,14.567399863153696,stream
M1-00660,2026-09-01 02:45:00,20260901,2,1,3,1,5,0.882,17.75120012462139,stream
M2-00661,2026-09-01 02:45:15,20260901,2,2,1,1,1,0.506,15.689600026234984,stream
M1-00662,2026-09-01 02:45:30,20260901,2,1,2,1,2,0.759,12.499100062996149,stream
M2-00663,2026-09-01 02:45:45,20260901,2,2,4,1,1,0.597,30.260999919846654,stream
M1-00664,2026-09-01 02:46:00,20260901,2,1,5,1,3,0.559,12.873899890109897,stream
M2-00665,2026-09-01 02:46:15,20260901,2,2,4,1,2,0.427,31.109399860724807,stream
M1-00666,2026-09-01 02:46:30,20260901,2,1,1,1,3,0.469,24.726599920541048,stream
M2-00667,2026-09-01 02:46:45,20260901,2,2,1,1,1,0.432,28.767399955540895,stream
M1-00668,2026-09-01 02:47:00,20260901,2,1,4,1,1,0.702,30.37480008788407,stream
M2-00669,2026-09-01 02:47:15,20260901,2,2,1,1,1,0.579,24.51190003193915,stream
M1-00670,2026-09-01 02:47:30,20260901,2,1,1,1,2,0.571,19.190700026229024,stream
M2-00671,2026-09-01 02:47:45,20260901,2,2,4,1,1,0.702,30.800499953329563,stream
M1-00672,2026-09-01 02:48:00,20260901,2,1,2,1,1,0.595,28.0388998799026,stream
M2-00673,2026-09-01 02:48:15,20260901,2,2,1,1,5,0.352,13.55410018004477,stream
M1-00674,2026-09-01 02:48:30,20260901,2,1,3,1,4,0.769,29.38480000011623,stream
M2-00675,2026-09-01 02:48:45,20260901,2,2,4,1,2,0.902,17.00889994390309,stream
M1-00676,2026-09-01 02:49:00,20260901,2,1,6,1,7,0.775,16.135500045493245,stream
M2-00677,2026-09-01 02:49:15,20260901,2,2,4,1,1,0.702,15.815800055861473,stream
M1-00678,2026-09-01 02:49:30,20260901,2,1,1,1,5,0.352,16.83880016207695,stream
M2-00679,2026-09-01 02:49:45,20260901,2,2,5,1,2,0.389,18.508300185203552,stream
M1-00680,2026-09-01 02:50:00,20260901,2,1,3,1,3,0.912,24.07419984228909,stream
M2-00681,2026-09-01 02:50:15,20260901,2,2,3,1,3,0.526,27.393300086259842,stream
M1-00682,2026-09-01 02:50:30,20260901,2,1,1,1,2,0.313,13.164999894797802,stream
M2-00683,2026-09-01 02:50:45,20260901,2,2,4,1,3,0.445,12.572000036016107,stream
M1-00684,2026-09-01 02:51:00,20260901,2,1,7,0,0,,23.89089995995164,stream
M2-00685,2026-09-01 02:51:15,20260901,2,2,2,1,4,0.674,15.296000055968761,stream
M1-00686,2026-09-01 02:51:30,20260901,2,1,4,1,3,0.757,13.272100128233433,stream
M2-00687,2026-09-01 02:51:45,20260901,2,2,6,1,3,0.706,9.921799879521132,stream
M1-00688,2026-09-01 02:52:00,20260901,2,1,1,1,5,0.352,13.024700107052922,stream
M2-00689,2026-09-01 02:52:15,20260901,2,2,3,1,3,0.884,27.4936999194324,stream
M1-00690,2026-09-01 02:52:30,20260901,2,1,3,1,2,0.83,16.536900075152516,stream
M2-00691,2026-09-01 02:52:45,20260901,2,2,2,1,2,0.552,25.246300036087632,stream
M1-00692,2026-09-01 02:53:00,20260901,2,1,1,1,2,0.569,14.168200083076954,stream
M2-00693,2026-09-01 02:53:15,20260901,2,2,2,1,3,0.749,15.850299969315529,stream
M1-00694,2026-09-01 02:53:30,20260901,2,1,4,1,1,0.576,11.955800000578165,stream
M2-00695,2026-09-01 02:53:45,20260901,2,2,7,0,0,,23.763000033795834,stream
M1-00696,2026-09-01 02:54:00,20260901,2,1,6,1,10,0.657,26.43680013716221,stream
M2-00697,2026-09-01 02:54:15,20260901,2,2,2,1,2,0.755,12.534300098195672,stream
M1-00698,2026-09-01 02:54:30,20260901,2,1,2,1,3,0.717,35.791700007393956,stream
M2-00699,2026-09-01 02:54:45,20260901,2,2,1,1,3,0.579,17.158899921923876,stream
M1-00700,2026-09-01 02:55:00,20260901,2,1,2,1,7,0.806,36.25240013934672,stream
M2-00701,2026-09-01 02:55:15,20260901,2,2,6,1,1,0.67,35.11049994267523,stream
M1-00702,2026-09-01 02:55:30,20260901,2,1,6,1,5,0.643,21.435300121083856,stream
M2-00703,2026-09-01 02:55:45,20260901,2,2,2,1,4,0.674,21.09679998829961,stream
M1-00704,2026-09-01 02:56:00,20260901,2,1,1,1,5,0.531,23.54249986819923,stream
M2-00705,2026-09-01 02:56:15,20260901,2,2,3,1,4,0.899,29.01719999499619,stream
M1-00706,2026-09-01 02:56:30,20260901,2,1,4,1,2,0.401,11.420200113207102,stream
M2-00707,2026-09-01 02:56:45,20260901,2,2,7,0,0,,22.790699964389205,stream
M1-00708,2026-09-01 02:57:00,20260901,2,1,1,1,4,0.541,35.585900070145726,stream
M2-00709,2026-09-01 02:57:15,20260901,2,2,6,1,4,0.699,30.79200000502169,stream
M1-00710,2026-09-01 02:57:30,20260901,2,1,2,1,3,0.749,35.923700081184506,stream
M2-00711,2026-09-01 02:57:45,20260901,2,2,2,1,2,0.755,30.303599778562784,stream
M1-00712,2026-09-01 02:58:00,20260901,2,1,2,1,3,0.548,25.568800047039986,stream
M2-00713,2026-09-01 02:58:15,20260901,2,2,4,1,3,0.621,22.71770010702312,stream
M1-00714,2026-09-01 02:58:30,20260901,2,1,7,0,0,,11.784400092437863,stream
M2-00715,2026-09-01 02:58:45,20260901,2,2,5,1,1,0.303,11.736500076949596,stream
M1-00716,2026-09-01 02:59:00,20260901,2,1,3,1,3,0.884,35.38130014203489,stream
M2-00717,2026-09-01 02:59:15,20260901,2,2,3,1,6,0.901,31.25920007005334,stream
M1-00718,2026-09-01 02:59:30,20260901,2,1,2,1,5,0.715,24.775899946689606,stream
M2-00719,2026-09-01 02:59:45,20260901,2,2,1,1,5,0.352,11.662699980661273,stream
M1-00720,2026-09-01 03:00:00,20260901,3,1,2,1,3,0.717,14.249200001358986,stream
M2-00721,2026-09-01 03:00:15,20260901,3,2,4,1,1,0.636,11.72880013473332,stream
M1-00722,2026-09-01 03:00:30,20260901,3,1,3,1,4,0.904,12.692800024524331,stream
M2-00723,2026-09-01 03:00:45,20260901,3,2,5,1,2,0.48,13.085499871522188,stream
M1-00724,2026-09-01 03:01:00,20260901,3,1,3,1,3,0.861,12.825200101360679,stream
M2-00725,2026-09-01 03:01:15,20260901,3,2,3,1,4,0.899,22.881800075992942,stream
M1-00726,2026-09-01 03:01:30,20260901,3,1,5,1,3,0.515,22.22850010730326,stream
M2-00727,2026-09-01 03:01:45,20260901,3,2,6,1,3,0.696,13.568199938163161,stream
M1-00728,2026-09-01 03:02:00,20260901,3,1,3,1,3,0.912,11.555599980056286,stream
M2-00729,2026-09-01 03:02:15,20260901,3,2,2,1,3,0.548,13.326599961146712,stream
M1-00730,2026-09-01 03:02:30,20260901,3,1,6,1,7,0.642,15.790600096806884,stream
M2-00731,2026-09-01 03:02:45,20260901,3,2,1,1,2,0.313,26.41119994223118,stream
M1-00732,2026-09-01 03:03:00,20260901,3,1,1,1,1,0.432,12.432700023055077,stream
M2-00733,2026-09-01 03:03:15,20260901,3,2,5,1,1,0.501,15.939800068736076,stream
M1-00734,2026-09-01 03:03:30,20260901,3,1,5,1,3,0.509,19.96780000627041,stream
M2-00735,2026-09-01 03:03:45,20260901,3,2,3,1,5,0.882,35.3214000351727,stream
M1-00736,2026-09-01 03:04:00,20260901,3,1,2,1,3,0.531,12.752600014209747,stream
M2-00737,2026-09-01 03:04:15,20260901,3,2,4,1,2,0.627,11.47680007852614,stream
M1-00738,2026-09-01 03:04:30,20260901,3,1,2,1,2,0.759,11.972700012847781,stream
M2-00739,2026-09-01 03:04:45,20260901,3,2,2,1,4,0.596,13.909299857914448,stream
M1-00740,2026-09-01 03:05:00,20260901,3,1,2,1,6,0.828,23.152999812737107,stream
M2-00741,2026-09-01 03:05:15,20260901,3,2,3,1,3,0.909,15.61279990710318,stream
M1-00742,2026-09-01 03:05:30,20260901,3,1,5,1,4,0.313,27.839999878779054,stream
M2-00743,2026-09-01 03:05:45,20260901,3,2,3,1,3,0.889,11.209300020709634,stream
M1-00744,2026-09-01 03:06:00,20260901,3,1,3,1,3,0.859,24.257899960502982,stream
M2-00745,2026-09-01 03:06:15,20260901,3,2,2,1,3,0.548,12.524300022050738,stream
M1-00746,2026-09-01 03:06:30,20260901,3,1,3,1,3,0.861,24.919399991631508,stream
M2-00747,2026-09-01 03:06:45,20260901,3,2,4,1,4,0.892,28.908800100907683,stream
M1-00748,2026-09-01 03:07:00,20260901,3,1,4,1,3,0.653,24.647200014442205,stream
M2-00749,2026-09-01 03:07:15,20260901,3,2,6,1,3,0.553,14.090500073507428,stream
M1-00750,2026-09-01 03:07:30,20260901,3,1,1,1,2,0.48,17.222300171852112,stream
M2-00751,2026-09-01 03:07:45,20260901,3,2,2,1,5,0.715,16.90349983982742,stream
M1-00752,2026-09-01 03:08:00,20260901,3,1,6,1,6,0.591,18.60340009443462,stream
M2-00753,2026-09-01 03:08:15,20260901,3,2,1,1,4,0.305,16.251200111582875,stream
M1-00754,2026-09-01 03:08:30,20260901,3,1,4,1,3,0.34,12.828299775719643,stream
M2-00755,2026-09-01 03:08:45,20260901,3,2,1,1,3,0.529,13.224200112745166,stream
M1-00756,2026-09-01 03:09:00,20260901,3,1,6,1,2,0.755,14.443200081586838,stream
M2-00757,2026-09-01 03:09:15,20260901,3,2,7,0,0,,13.198999920859933,stream
M1-00758,2026-09-01 03:09:30,20260901,3,1,2,1,5,0.715,11.679900111630559,stream
M2-00759,2026-09-01 03:09:45,20260901,3,2,4,1,3,0.653,11.227099923416972,stream
M1-00760,2026-09-01 03:10:00,20260901,3,1,3,1,2,0.733,13.478799955919385,stream
M2-00761,2026-09-01 03:10:15,20260901,3,2,5,1,5,0.797,14.848500024527311,stream
M1-00762,2026-09-01 03:10:30,20260901,3,1,4,1,1,0.702,12.508700136095285,stream
M2-00763,2026-09-01 03:10:45,20260901,3,2,2,1,2,0.755,13.695299858227372,stream
M1-00764,2026-09-01 03:11:00,20260901,3,1,6,1,7,0.642,12.77439994737506,stream
M2-00765,2026-09-01 03:11:15,20260901,3,2,4,1,2,0.427,14.35359986498952,stream
M1-00766,2026-09-01 03:11:30,20260901,3,1,3,1,2,0.733,18.758799880743027,stream
M2-00767,2026-09-01 03:11:45,20260901,3,2,6,1,3,0.564,11.067700106650591,stream
M1-00768,2026-09-01 03:12:00,20260901,3,1,4,1,3,0.445,11.903600068762898,stream
M2-00769,2026-09-01 03:12:15,20260901,3,2,1,1,3,0.469,12.454099953174591,stream
M1-00770,2026-09-01 03:12:30,20260901,3,1,3,1,1,0.868,22.318400209769607,stream
M2-00771,2026-09-01 03:12:45,20260901,3,2,4,1,3,0.698,11.34790014475584,stream
M1-00772,2026-09-01 03:13:00,20260901,3,1,6,1,2,0.73,13.056900119408965,stream
M2-00773,2026-09-01 03:13:15,20260901,3,2,4,1,2,0.401,14.421600149944425,stream
M1-00774,2026-09-01 03:13:30,20260901,3,1,6,1,3,0.564,11.506000068038702,stream
M2-00775,2026-09-01 03:13:45,20260901,3,2,5,1,1,0.603,26.917900191619992,stream
M1-00776,2026-09-01 03:14:00,20260901,3,1,1,1,2,0.358,23.632700089365244,stream
M2-00777,2026-09-01 03:14:15,20260901,3,2,4,1,2,0.627,27.60850009508431,stream
M1-00778,2026-09-01 03:14:30,20260901,3,1,4,1,3,0.508,36.40270000323653,stream
M2-00779,2026-09-01 03:14:45,20260901,3,2,1,1,2,0.569,39.70679990015924,stream
M1-00780,2026-09-01 03:15:00,20260901,3,1,4,1,1,0.702,25.915500009432435,stream
M2-00781,2026-09-01 03:15:15,20260901,3,2,3,1,2,0.865,11.911100009456277,stream
M1-00782,2026-09-01 03:15:30,20260901,3,1,4,1,1,0.885,16.756199998781085,stream
M2-00783,2026-09-01 03:15:45,20260901,3,2,2,1,7,0.806,17.31270016171038,stream
M1-00784,2026-09-01 03:16:00,20260901,3,1,4,1,4,0.892,13.928000116720796,stream
M2-00785,2026-09-01 03:16:15,20260901,3,2,3,1,4,0.899,33.107300056144595,stream
M1-00786,2026-09-01 03:16:30,20260901,3,1,5,1,1,0.554,20.528800087049603,stream
M2-00787,2026-09-01 03:16:45,20260901,3,2,7,0,0,,23.342200089246035,stream
M1-00788,2026-09-01 03:17:00,20260901,3,1,2,1,3,0.548,15.850299969315529,stream
M2-00789,2026-09-01 03:17:15,20260901,3,2,1,1,3,0.359,13.842199929058552,stream
M1-00790,2026-09-01 03:17:30,20260901,3,1,3,1,3,0.857,28.7580001167953,stream
M2-00791,2026-09-01 03:17:45,20260901,3,2,7,0,0,,34.32279988192022,stream
M1-00792,2026-09-01 03:18:00,20260901,3,1,5,1,3,0.549,30.355299822986126,stream
M2-00793,2026-09-01 03:18:15,20260901,3,2,6,1,2,0.77,36.61080007441342,stream
M1-00794,2026-09-01 03:18:30,20260901,3,1,7,0,0,,26.374099776148796,stream
M2-00795,2026-09-01 03:18:45,20260901,3,2,2,1,1,0.595,30.373699963092804,stream
M1-00796,2026-09-01 03:19:00,20260901,3,1,6,1,2,0.755,18.192199990153313,stream
M2-00797,2026-09-01 03:19:15,20260901,3,2,3,1,4,0.769,10.545300086960196,stream
M1-00798,2026-09-01 03:19:30,20260901,3,1,4,1,2,0.479,11.05099986307323,stream
M2-00799,2026-09-01 03:19:45,20260901,3,2,2,1,3,0.548,16.02230011485517,stream
M1-00800,2026-09-01 03:20:00,20260901,3,1,4,1,3,0.653,31.095099868252873,stream
M2-00801,2026-09-01 03:20:15,20260901,3,2,4,1,2,0.902,15.394699992612004,stream
M1-00802,2026-09-01 03:20:30,20260901,3,1,2,1,3,0.709,11.421300005167723,stream
M2-00803,2026-09-01 03:20:45,20260901,3,2,3,1,1,0.868,14.87229997292161,stream
M1-00804,2026-09-01 03:21:00,20260901,3,1,4,1,3,0.621,13.278700178489089,stream
M2-00805,2026-09-01 03:21:15,20260901,3,2,3,1,5,0.826,16.505399951711297,stream
M1-00806,2026-09-01 03:21:30,20260901,3,1,5,1,3,0.756,25.485699996352196,stream
M2-00807,2026-09-01 03:21:45,20260901,3,2,2,1,2,0.755,11.092000175267458,stream
M1-00808,2026-09-01 03:22:00,20260901,3,1,4,1,3,0.445,12.072100071236491,stream
M2-00809,2026-09-01 03:22:15,20260901,3,2,4,1,4,0.569,10.883100097998977,stream
M1-00810,2026-09-01 03:22:30,20260901,3,1,6,1,2,0.73,26.635800022631884,stream
M2-00811,2026-09-01 03:22:45,20260901,3,2,6,1,3,0.564,24.452900048345327,stream
M1-00812,2026-09-01 03:23:00,20260901,3,1,1,1,4,0.644,22.142500150948763,stream
M2-00813,2026-09-01 03:23:15,20260901,3,2,5,1,4,0.709,34.14889983832836,stream
M1-00814,2026-09-01 03:23:30,20260901,3,1,2,1,7,0.806,25.42409999296069,stream
M2-00815,2026-09-01 03:23:45,20260901,3,2,3,1,4,0.899,29.546199832111597,stream
M1-00816,2026-09-01 03:24:00,20260901,3,1,1,1,3,0.579,13.691900065168738,stream
M2-00817,2026-09-01 03:24:15,20260901,3,2,6,1,3,0.709,17.550300108268857,stream
M1-00818,2026-09-01 03:24:30,20260901,3,1,3,1,4,0.769,18.226200016215444,stream
M2-00819,2026-09-01 03:24:45,20260901,3,2,6,1,3,0.688,11.73290004953742,stream
M1-00820,2026-09-01 03:25:00,20260901,3,1,4,1,4,0.569,11.72659988515079,stream
M2-00821,2026-09-01 03:25:15,20260901,3,2,1,1,5,0.531,12.829000130295753,stream
M1-00822,2026-09-01 03:25:30,20260901,3,1,2,1,2,0.6,14.92709992453456,stream
M2-00823,2026-09-01 03:25:45,20260901,3,2,3,1,2,0.733,22.158300038427114,stream
M1-00824,2026-09-01 03:26:00,20260901,3,1,1,1,1,0.506,12.158900033682585,stream
M2-00825,2026-09-01 03:26:15,20260901,3,2,6,1,2,0.73,18.391899997368455,stream
M1-00826,2026-09-01 03:26:30,20260901,3,1,3,1,2,0.888,25.381199782714248,stream
M2-00827,2026-09-01 03:26:45,20260901,3,2,5,1,3,0.427,29.271700186654925,stream
M1-00828,2026-09-01 03:27:00,20260901,3,1,6,1,2,0.77,18.790100002661347,stream
M2-00829,2026-09-01 03:27:15,20260901,3,2,2,1,1,0.595,25.177600095048547,stream
M1-00830,2026-09-01 03:27:30,20260901,3,1,4,1,2,0.427,15.532699879258871,stream
M2-00831,2026-09-01 03:27:45,20260901,3,2,5,1,1,0.554,12.289100093767047,stream
M1-00832,2026-09-01 03:28:00,20260901,3,1,7,0,0,,12.704999884590507,stream
M2-00833,2026-09-01 03:28:15,20260901,3,2,6,1,8,0.632,11.51919993571937,stream
M1-00834,2026-09-01 03:28:30,20260901,3,1,5,1,2,0.389,11.07929996214807,stream
M2-00835,2026-09-01 03:28:45,20260901,3,2,2,1,3,0.749,11.358499992638826,stream
M1-00836,2026-09-01 03:29:00,20260901,3,1,5,1,3,0.427,11.227200040593743,stream
M2-00837,2026-09-01 03:29:15,20260901,3,2,4,1,2,0.597,10.362300090491772,stream
M1-00838,2026-09-01 03:29:30,20260901,3,1,3,1,3,0.914,11.894900118932128,stream
M2-00839,2026-09-01 03:29:45,20260901,3,2,6,1,2,0.73,12.213399866595864,stream
M1-00840,2026-09-01 03:30:00,20260901,3,1,1,1,4,0.305,12.617900036275387,stream
M2-00841,2026-09-01 03:30:15,20260901,3,2,2,1,6,0.643,30.24280001409352,stream
M1-00842,2026-09-01 03:30:30,20260901,3,1,3,1,2,0.78,12.940300162881613,stream
M2-00843,2026-09-01 03:30:45,20260901,3,2,6,1,5,0.767,12.443399988114834,stream
M1-00844,2026-09-01 03:31:00,20260901,3,1,1,1,3,0.384,13.339600060135126,stream
M2-00845,2026-09-01 03:31:15,20260901,3,2,1,1,3,0.579,23.695599986240268,stream
M1-00846,2026-09-01 03:31:30,20260901,3,1,3,1,3,0.881,17.339299898594618,stream
M2-00847,2026-09-01 03:31:45,20260901,3,2,4,1,1,0.535,15.127100050449371,stream
M1-00848,2026-09-01 03:32:00,20260901,3,1,5,1,2,0.534,24.502200074493885,stream
M2-00849,2026-09-01 03:32:15,20260901,3,2,5,1,3,0.509,22.192099830135703,stream
M1-00850,2026-09-01 03:32:30,20260901,3,1,4,1,1,0.535,12.419200036674738,stream
M2-00851,2026-09-01 03:32:45,20260901,3,2,4,1,3,0.698,15.833899844437838,stream
M1-00852,2026-09-01 03:33:00,20260901,3,1,1,1,1,0.432,12.302099959924817,stream
M2-00853,2026-09-01 03:33:15,20260901,3,2,3,1,3,0.526,13.249300187453628,stream
M1-00854,2026-09-01 03:33:30,20260901,3,1,4,1,3,0.445,13.470999896526337,stream
M2-00855,2026-09-01 03:33:45,20260901,3,2,3,1,6,0.896,26.547699933871627,stream
M1-00856,2026-09-01 03:34:00,20260901,3,1,6,1,5,0.643,11.976700043305755,stream
M2-00857,2026-09-01 03:34:15,20260901,3,2,2,1,3,0.829,14.221600024029613,stream
M1-00858,2026-09-01 03:34:30,20260901,3,1,6,1,10,0.657,13.484800001606345,stream
M2-00859,2026-09-01 03:34:45,20260901,3,2,1,1,3,0.469,29.46029999293387,stream
M1-00860,2026-09-01 03:35:00,20260901,3,1,1,1,4,0.52,31.723800115287304,stream
M2-00861,2026-09-01 03:35:15,20260901,3,2,7,0,0,,24.060199968516827,stream
M1-00862,2026-09-01 03:35:30,20260901,3,1,3,1,3,0.832,33.14349986612797,stream
M2-00863,2026-09-01 03:35:45,20260901,3,2,3,1,5,0.882,15.246300026774406,stream
M1-00864,2026-09-01 03:36:00,20260901,3,1,5,1,1,0.501,16.118699917569757,stream
M2-00865,2026-09-01 03:36:15,20260901,3,2,3,1,5,0.826,22.814699914306402,stream
M1-00866,2026-09-01 03:36:30,20260901,3,1,2,1,6,0.643,14.973199926316738,stream
M2-00867,2026-09-01 03:36:45,20260901,3,2,5,1,1,0.603,16.245999839156866,stream
M1-00868,2026-09-01 03:37:00,20260901,3,1,3,1,1,0.868,16.708199866116047,stream
M2-00869,2026-09-01 03:37:15,20260901,3,2,2,1,2,0.746,30.12280003167689,stream
M1-00870,2026-09-01 03:37:30,20260901,3,1,1,1,2,0.269,28.087100014090538,stream
M2-00871,2026-09-01 03:37:45,20260901,3,2,4,1,1,0.702,32.51140005886555,stream
M1-00872,2026-09-01 03:38:00,20260901,3,1,3,1,3,0.861,17.27250008843839,stream
M2-00873,2026-09-01 03:38:15,20260901,3,2,3,1,6,0.896,19.270600052550435,stream
M1-00874,2026-09-01 03:38:30,20260901,3,1,5,1,3,0.756,13.346999883651733,stream
M2-00875,2026-09-01 03:38:45,20260901,3,2,2,1,13,0.714,33.25969981960952,stream
M1-00876,2026-09-01 03:39:00,20260901,3,1,5,1,2,0.482,11.79530005902052,stream
M2-00877,2026-09-01 03:39:15,20260901,3,2,5,1,3,0.756,12.254900066182017,stream
M1-00878,2026-09-01 03:39:30,20260901,3,1,6,1,7,0.59,11.481499997898936,stream
M2-00879,2026-09-01 03:39:45,20260901,3,2,2,1,3,0.717,11.678100097924471,stream
M1-00880,2026-09-01 03:40:00,20260901,3,1,5,1,1,0.501,20.855900133028626,stream
M2-00881,2026-09-01 03:40:15,20260901,3,2,1,1,1,0.432,27.745999861508608,stream
M1-00882,2026-09-01 03:40:30,20260901,3,1,4,1,1,0.719,13.437099987640977,stream
M2-00883,2026-09-01 03:40:45,20260901,3,2,6,1,3,0.696,12.700499966740608,stream
M1-00884,2026-09-01 03:41:00,20260901,3,1,5,1,3,0.427,14.451900031417608,stream
M2-00885,2026-09-01 03:41:15,20260901,3,2,4,1,2,0.597,16.26479998230934,stream
M1-00886,2026-09-01 03:41:30,20260901,3,1,3,1,3,0.914,13.495600083842874,stream
M2-00887,2026-09-01 03:41:45,20260901,3,2,3,1,3,0.861,14.48270003311336,stream
M1-00888,2026-09-01 03:42:00,20260901,3,1,4,1,3,0.698,25.176099967211485,stream
M2-00889,2026-09-01 03:42:15,20260901,3,2,4,1,4,0.892,13.150699902325869,stream
M1-00890,2026-09-01 03:42:30,20260901,3,1,5,1,1,0.621,25.251700077205896,stream
M2-00891,2026-09-01 03:42:45,20260901,3,2,6,1,7,0.59,24.86569993197918,stream
M1-00892,2026-09-01 03:43:00,20260901,3,1,2,1,2,0.77,27.912199962884188,stream
M2-00893,2026-09-01 03:43:15,20260901,3,2,2,1,3,0.531,26.070100022479892,stream
M1-00894,2026-09-01 03:43:30,20260901,3,1,2,1,4,0.674,12.463900027796626,stream
M2-00895,2026-09-01 03:43:45,20260901,3,2,6,1,3,0.709,17.452099826186895,stream
M1-00896,2026-09-01 03:44:00,20260901,3,1,2,1,6,0.643,14.174999902024865,stream
M2-00897,2026-09-01 03:44:15,20260901,3,2,4,1,1,0.584,17.006899928674102,stream
M1-00898,2026-09-01 03:44:30,20260901,3,1,4,1,2,0.479,23.470700019970536,stream
M2-00899,2026-09-01 03:44:45,20260901,3,2,6,1,7,0.642,14.644899871200323,stream
M1-00900,2026-09-01 03:45:00,20260901,3,1,4,1,1,0.849,15.981199918314815,stream
M2-00901,2026-09-01 03:45:15,20260901,3,2,2,1,2,0.77,19.537900108844042,stream
M1-00902,2026-09-01 03:45:30,20260901,3,1,5,1,3,0.505,29.15240009315312,stream
M2-00903,2026-09-01 03:45:45,20260901,3,2,6,1,5,0.767,28.970499988645315,stream
M1-00904,2026-09-01 03:46:00,20260901,3,1,3,1,2,0.733,21.372799994423985,stream
M2-00905,2026-09-01 03:46:15,20260901,3,2,4,1,3,0.445,15.120299998670816,stream
M1-00906,2026-09-01 03:46:30,20260901,3,1,6,1,2,0.73,14.23059985972941,stream
M2-00907,2026-09-01 03:46:45,20260901,3,2,5,1,2,0.48,16.129600116983056,stream
M1-00908,2026-09-01 03:47:00,20260901,3,1,4,1,1,0.702,11.662900215014815,stream
M2-00909,2026-09-01 03:47:15,20260901,3,2,2,1,2,0.6,12.979400111362338,stream
M1-00910,2026-09-01 03:47:30,20260901,3,1,5,1,1,0.303,16.943099908530712,stream
M2-00911,2026-09-01 03:47:45,20260901,3,2,5,1,3,0.582,18.85170000605285,stream
M1-00912,2026-09-01 03:48:00,20260901,3,1,6,1,3,0.706,15.42459987103939,stream
M2-00913,2026-09-01 03:48:15,20260901,3,2,5,1,3,0.597,12.891900027170777,stream
M1-00914,2026-09-01 03:48:30,20260901,3,1,3,1,5,0.848,12.222500052303076,stream
M2-00915,2026-09-01 03:48:45,20260901,3,2,5,1,3,0.359,14.576499816030264,stream
M1-00916,2026-09-01 03:49:00,20260901,3,1,6,1,1,0.806,11.812600074335933,stream
M2-00917,2026-09-01 03:49:15,20260901,3,2,1,1,2,0.312,12.254300061613321,stream
M1-00918,2026-09-01 03:49:30,20260901,3,1,4,1,3,0.698,15.17320005223155,stream
M2-00919,2026-09-01 03:49:45,20260901,3,2,3,1,2,0.733,13.182600028812885,stream
M1-00920,2026-09-01 03:50:00,20260901,3,1,2,1,2,0.755,12.941899942234159,stream
M2-00921,2026-09-01 03:50:15,20260901,3,2,5,1,3,0.359,15.608499990776181,stream
M1-00922,2026-09-01 03:50:30,20260901,3,1,1,1,1,0.552,13.679000083357096,stream
M2-00923,2026-09-01 03:50:45,20260901,3,2,6,1,6,0.737,25.085699977353215,stream
M1-00924,2026-09-01 03:51:00,20260901,3,1,2,1,2,0.6,11.172899976372719,stream
M2-00925,2026-09-01 03:51:15,20260901,3,2,1,1,4,0.541,11.960900155827403,stream
M1-00926,2026-09-01 03:51:30,20260901,3,1,4,1,3,0.445,12.342100031673908,stream
M2-00927,2026-09-01 03:51:45,20260901,3,2,5,1,1,0.554,11.800199979916215,stream
M1-00928,2026-09-01 03:52:00,20260901,3,1,4,1,3,0.34,11.546200141310692,stream
M2-00929,2026-09-01 03:52:15,20260901,3,2,1,1,2,0.569,17.700299853459,stream
M1-00930,2026-09-01 03:52:30,20260901,3,1,5,1,2,0.534,22.142200032249093,stream
M2-00931,2026-09-01 03:52:45,20260901,3,2,1,1,2,0.269,27.965700021013618,stream
M1-00932,2026-09-01 03:53:00,20260901,3,1,6,1,7,0.775,38.32789999432862,stream
M2-00933,2026-09-01 03:53:15,20260901,3,2,1,1,2,0.313,33.218099968507886,stream
M1-00934,2026-09-01 03:53:30,20260901,3,1,6,1,7,0.775,12.208200059831142,stream
M2-00935,2026-09-01 03:53:45,20260901,3,2,6,1,5,0.767,12.41770014166832,stream
M1-00936,2026-09-01 03:54:00,20260901,3,1,4,1,1,0.535,12.456099968403578,stream
M2-00937,2026-09-01 03:54:15,20260901,3,2,1,1,5,0.531,12.399600120261312,stream
M1-00938,2026-09-01 03:54:30,20260901,3,1,4,1,1,0.636,15.127400169149041,stream
M2-00939,2026-09-01 03:54:45,20260901,3,2,1,1,3,0.384,12.991399969905615,stream
M1-00940,2026-09-01 03:55:00,20260901,3,1,1,1,1,0.506,13.99959996342659,stream
M2-00941,2026-09-01 03:55:15,20260901,3,2,6,1,3,0.688,15.998200047761202,stream
M1-00942,2026-09-01 03:55:30,20260901,3,1,1,1,3,0.579,12.772999936714768,stream
M2-00943,2026-09-01 03:55:45,20260901,3,2,3,1,2,0.78,12.84260000102222,stream
M1-00944,2026-09-01 03:56:00,20260901,3,1,6,1,3,0.564,14.369799988344312,stream
M2-00945,2026-09-01 03:56:15,20260901,3,2,6,1,2,0.755,15.192799968644977,stream
M1-00946,2026-09-01 03:56:30,20260901,3,1,3,1,3,0.861,29.34770006686449,stream
M2-00947,2026-09-01 03:56:45,20260901,3,2,2,1,2,0.83,26.19299991056323,stream
M1-00948,2026-09-01 03:57:00,20260901,3,1,2,1,2,0.755,26.557300006970763,stream
M2-00949,2026-09-01 03:57:15,20260901,3,2,5,1,2,0.482,28.07739982381463,stream
M1-00950,2026-09-01 03:57:30,20260901,3,1,3,1,2,0.846,24.082999909296632,stream
M2-00951,2026-09-01 03:57:45,20260901,3,2,2,1,4,0.714,27.215699898079038,stream
M1-00952,2026-09-01 03:58:00,20260901,3,1,1,1,1,0.432,29.2603000998497,stream
M2-00953,2026-09-01 03:58:15,20260901,3,2,3,1,4,0.834,24.028300074860454,stream
M1-00954,2026-09-01 03:58:30,20260901,3,1,4,1,1,0.719,30.376099981367588,stream
M2-00955,2026-09-01 03:58:45,20260901,3,2,3,1,6,0.789,29.025299940258265,stream
M1-00956,2026-09-01 03:59:00,20260901,3,1,4,1,5,0.523,26.91769995726645,stream
M2-00957,2026-09-01 03:59:15,20260901,3,2,2,1,5,0.707,26.543899904936552,stream
M1-00958,2026-09-01 03:59:30,20260901,3,1,3,1,6,0.789,30.399300158023834,stream
M2-00959,2026-09-01 03:59:45,20260901,3,2,4,1,3,0.653,27.849100064486265,stream
M1-00960,2026-09-01 04:00:00,20260901,4,1,6,1,1,0.682,22.241199854761362,stream
M2-00961,2026-09-01 04:00:15,20260901,4,2,6,1,7,0.775,28.33750005811453,stream
M1-00962,2026-09-01 04:00:30,20260901,4,1,3,1,4,0.834,23.78369984216988,stream
M2-00963,2026-09-01 04:00:45,20260901,4,2,2,1,2,0.759,24.205900030210614,stream
M1-00964,2026-09-01 04:01:00,20260901,4,1,3,1,4,0.769,27.51759998500347,stream
M2-00965,2026-09-01 04:01:15,20260901,4,2,2,1,2,0.759,27.008799836039543,stream
M1-00966,2026-09-01 04:01:30,20260901,4,1,5,1,2,0.534,24.463200010359287,stream
M2-00967,2026-09-01 04:01:45,20260901,4,2,3,1,3,0.909,26.292100083082914,stream
M1-00968,2026-09-01 04:02:00,20260901,4,1,2,1,5,0.715,25.53079999051988,stream
M2-00969,2026-09-01 04:02:15,20260901,4,2,2,1,3,0.717,25.459400145336986,stream
M1-00970,2026-09-01 04:02:30,20260901,4,1,2,1,3,0.548,28.238399885594845,stream
M2-00971,2026-09-01 04:02:45,20260901,4,2,4,1,3,0.698,30.237700091674924,stream
M1-00972,2026-09-01 04:03:00,20260901,4,1,3,1,2,0.83,31.194600043818355,stream
M2-00973,2026-09-01 04:03:15,20260901,4,2,4,1,1,0.43,28.57559989206493,stream
M1-00974,2026-09-01 04:03:30,20260901,4,1,4,1,1,0.597,26.073100045323372,stream
M2-00975,2026-09-01 04:03:45,20260901,4,2,5,1,3,0.582,30.703300144523382,stream
M1-00976,2026-09-01 04:04:00,20260901,4,1,4,1,1,0.43,26.261999970301986,stream
M2-00977,2026-09-01 04:04:15,20260901,4,2,2,1,1,0.867,27.595299994572997,stream
M1-00978,2026-09-01 04:04:30,20260901,4,1,2,1,3,0.829,27.274500112980604,stream
M2-00979,2026-09-01 04:04:45,20260901,4,2,4,1,1,0.885,35.29629996046424,stream
M1-00980,2026-09-01 04:05:00,20260901,4,1,2,1,7,0.806,24.781899992376566,stream
M2-00981,2026-09-01 04:05:15,20260901,4,2,6,1,7,0.608,28.968500206246972,stream
M1-00982,2026-09-01 04:05:30,20260901,4,1,1,1,1,0.37,27.518700109794736,stream
M2-00983,2026-09-01 04:05:45,20260901,4,2,4,1,1,0.43,26.352599961683154,stream
M1-00984,2026-09-01 04:06:00,20260901,4,1,1,1,4,0.616,26.209200033918023,stream
M2-00985,2026-09-01 04:06:15,20260901,4,2,2,1,3,0.749,28.30770006403327,stream
M1-00986,2026-09-01 04:06:30,20260901,4,1,6,1,3,0.696,30.00679984688759,stream
M2-00987,2026-09-01 04:06:45,20260901,4,2,1,1,3,0.469,28.512399876490235,stream
M1-00988,2026-09-01 04:07:00,20260901,4,1,2,1,3,0.548,31.252100132405758,stream
M2-00989,2026-09-01 04:07:15,20260901,4,2,4,1,1,0.576,24.19009990990162,stream
M1-00990,2026-09-01 04:07:30,20260901,4,1,1,1,2,0.358,13.924299972131848,stream
M2-00991,2026-09-01 04:07:45,20260901,4,2,6,1,3,0.564,14.134899945929646,stream
M1-00992,2026-09-01 04:08:00,20260901,4,1,6,1,8,0.632,16.321899835020304,stream
M2-00993,2026-09-01 04:08:15,20260901,4,2,2,1,3,0.709,14.523999998345971,stream
M1-00994,2026-09-01 04:08:30,20260901,4,1,2,1,3,0.749,15.187200158834457,stream
M2-00995,2026-09-01 04:08:45,20260901,4,2,6,1,5,0.639,13.410599902272224,stream
M1-00996,2026-09-01 04:09:00,20260901,4,1,3,1,2,0.733,14.188099885359406,stream
M2-00997,2026-09-01 04:09:15,20260901,4,2,6,1,5,0.639,23.522700183093548,stream
M1-00998,2026-09-01 04:09:30,20260901,4,1,1,1,4,0.644,13.079300057142973,stream
M2-00999,2026-09-01 04:09:45,20260901,4,2,5,1,3,0.492,14.38950002193451,stream
M1-01000,2026-09-01 04:10:00,20260901,4,1,3,1,6,0.896,17.072000075131655,stream
M2-01001,2026-09-01 04:10:15,20260901,4,2,4,1,3,0.445,14.558600028976798,stream
M1-01002,2026-09-01 04:10:30,20260901,4,1,4,1,1,0.719,25.774899870157242,stream
M2-01003,2026-09-01 04:10:45,20260901,4,2,4,1,1,0.719,24.4762001093477,stream
M1-01004,2026-09-01 04:11:00,20260901,4,1,1,1,1,0.552,15.755199827253819,stream
M2-01005,2026-09-01 04:11:15,20260901,4,2,6,1,2,0.73,13.898999895900488,stream
M1-01006,2026-09-01 04:11:30,20260901,4,1,6,1,3,0.709,20.781000144779682,stream
M2-01007,2026-09-01 04:11:45,20260901,4,2,5,1,4,0.584,27.4940999224782,stream
M1-01008,2026-09-01 04:12:00,20260901,4,1,6,1,2,0.662,18.258200027048588,stream
M2-01009,2026-09-01 04:12:15,20260901,4,2,6,1,1,0.806,19.482400035485625,stream
M1-01010,2026-09-01 04:12:30,20260901,4,1,5,1,5,0.797,15.391299966722727,stream
M2-01011,2026-09-01 04:12:45,20260901,4,2,4,1,2,0.902,28.6962001118809,stream
M1-01012,2026-09-01 04:13:00,20260901,4,1,5,1,3,0.509,16.29269984550774,stream
M2-01013,2026-09-01 04:13:15,20260901,4,2,4,1,3,0.621,16.014300053939223,stream
M1-01014,2026-09-01 04:13:30,20260901,4,1,5,1,3,0.582,29.950299998745322,stream
M2-01015,2026-09-01 04:13:45,20260901,4,2,3,1,3,0.881,12.125100009143353,stream
M1-01016,2026-09-01 04:14:00,20260901,4,1,5,1,2,0.48,16.560800140723586,stream
M2-01017,2026-09-01 04:14:15,20260901,4,2,2,1,2,0.6,12.86330004222691,stream
M1-01018,2026-09-01 04:14:30,20260901,4,1,3,1,4,0.892,14.153999974951148,stream
M2-01019,2026-09-01 04:14:45,20260901,4,2,3,1,3,0.851,13.47970007918775,stream
M1-01020,2026-09-01 04:15:00,20260901,4,1,1,1,3,0.384,27.99500012770295,stream
M2-01021,2026-09-01 04:15:15,20260901,4,2,1,1,2,0.48,14.50550020672381,stream
M1-01022,2026-09-01 04:15:30,20260901,4,1,1,1,1,0.552,15.66520007327199,stream
M2-01023,2026-09-01 04:15:45,20260901,4,2,2,1,2,0.746,12.020899914205074,stream
M1-01024,2026-09-01 04:16:00,20260901,4,1,3,1,2,0.83,11.151700047776103,stream
M2-01025,2026-09-01 04:16:15,20260901,4,2,1,1,3,0.579,12.756000040099025,stream
M1-01026,2026-09-01 04:16:30,20260901,4,1,3,1,3,0.861,26.80250001139939,stream
M2-01027,2026-09-01 04:16:45,20260901,4,2,6,1,1,0.787,13.864499982446432,stream
M1-01028,2026-09-01 04:17:00,20260901,4,1,1,1,5,0.531,17.354700015857816,stream
M2-01029,2026-09-01 04:17:15,20260901,4,2,2,1,2,0.77,14.279199996963143,stream
M1-01030,2026-09-01 04:17:30,20260901,4,1,1,1,1,0.579,14.566699974238873,stream
M2-01031,2026-09-01 04:17:45,20260901,4,2,4,1,1,0.597,13.132199877873063,stream
M1-01032,2026-09-01 04:18:00,20260901,4,1,6,1,6,0.804,13.274400029331446,stream
M2-01033,2026-09-01 04:18:15,20260901,4,2,2,1,1,0.867,13.78319994546473,stream
M1-01034,2026-09-01 04:18:30,20260901,4,1,6,1,2,0.77,15.189200174063444,stream
M2-01035,2026-09-01 04:18:45,20260901,4,2,4,1,1,0.535,30.1059999037534,stream
M1-01036,2026-09-01 04:19:00,20260901,4,1,5,1,3,0.549,15.500300098210573,stream
M2-01037,2026-09-01 04:19:15,20260901,4,2,2,1,1,0.867,11.216799961403012,stream
M1-01038,2026-09-01 04:19:30,20260901,4,1,4,1,3,0.621,11.504400055855513,stream
M2-01039,2026-09-01 04:19:45,20260901,4,2,2,1,2,0.742,14.32269997894764,stream
M1-01040,2026-09-01 04:20:00,20260901,4,1,3,1,4,0.892,13.321799924597144,stream
M2-01041,2026-09-01 04:20:15,20260901,4,2,6,1,2,0.77,12.509000021964312,stream
M1-01042,2026-09-01 04:20:30,20260901,4,1,1,1,1,0.432,12.728199828416109,stream
M2-01043,2026-09-01 04:20:45,20260901,4,2,6,1,2,0.77,12.344399932771921,stream
M1-01044,2026-09-01 04:21:00,20260901,4,1,1,1,3,0.469,12.908499920740724,stream
M2-01045,2026-09-01 04:21:15,20260901,4,2,3,1,5,0.848,11.923299869522452,stream
M1-01046,2026-09-01 04:21:30,20260901,4,1,3,1,2,0.865,13.261000160127878,stream
M2-01047,2026-09-01 04:21:45,20260901,4,2,5,1,1,0.387,12.078400002792478,stream
M1-01048,2026-09-01 04:22:00,20260901,4,1,4,1,3,0.621,15.089699998497963,stream
M2-01049,2026-09-01 04:22:15,20260901,4,2,3,1,3,0.912,13.401299947872758,stream
M1-01050,2026-09-01 04:22:30,20260901,4,1,3,1,3,0.881,10.624400107190013,stream
M2-01051,2026-09-01 04:22:45,20260901,4,2,1,1,5,0.352,11.332999914884567,stream
M1-01052,2026-09-01 04:23:00,20260901,4,1,5,1,3,0.756,11.74190011806786,stream
M2-01053,2026-09-01 04:23:15,20260901,4,2,1,1,2,0.48,21.36340015567839,stream
M1-01054,2026-09-01 04:23:30,20260901,4,1,2,1,4,0.714,20.781999919563532,stream
M2-01055,2026-09-01 04:23:45,20260901,4,2,4,1,2,0.401,25.06119990721345,stream
M1-01056,2026-09-01 04:24:00,20260901,4,1,1,1,2,0.313,11.421999894082546,stream
M2-01057,2026-09-01 04:24:15,20260901,4,2,2,1,3,0.717,16.04290003888309,stream
M1-01058,2026-09-01 04:24:30,20260901,4,1,5,1,2,0.534,25.60339984484017,stream
M2-01059,2026-09-01 04:24:45,20260901,4,2,3,1,3,0.884,30.54810012690723,stream
M1-01060,2026-09-01 04:25:00,20260901,4,1,2,1,4,0.714,23.752500070258975,stream
M2-01061,2026-09-01 04:25:15,20260901,4,2,2,1,11,0.744,14.227499952539802,stream
M1-01062,2026-09-01 04:25:30,20260901,4,1,3,1,3,0.526,30.57150007225573,stream
M2-01063,2026-09-01 04:25:45,20260901,4,2,6,1,5,0.643,10.685499990358949,stream
M1-01064,2026-09-01 04:26:00,20260901,4,1,3,1,2,0.888,10.54030004888773,stream
M2-01065,2026-09-01 04:26:15,20260901,4,2,3,1,6,0.816,11.754099978134036,stream
M1-01066,2026-09-01 04:26:30,20260901,4,1,5,1,4,0.584,14.340900117531419,stream
M2-01067,2026-09-01 04:26:45,20260901,4,2,4,1,5,0.523,10.581700131297112,stream
M1-01068,2026-09-01 04:27:00,20260901,4,1,3,1,3,0.881,10.67169988527894,stream
M2-01069,2026-09-01 04:27:15,20260901,4,2,5,1,4,0.709,14.283299911767244,stream
M1-01070,2026-09-01 04:27:30,20260901,4,1,3,1,3,0.884,12.413199990987778,stream
M2-01071,2026-09-01 04:27:45,20260901,4,2,3,1,1,0.769,11.347099905833602,stream
M1-01072,2026-09-01 04:28:00,20260901,4,1,1,1,2,0.48,10.135600110515952,stream
M2-01073,2026-09-01 04:28:15,20260901,4,2,3,1,5,0.882,9.909699903801084,stream
M1-01074,2026-09-01 04:28:30,20260901,4,1,5,1,3,0.515,10.3150000795722,stream
M2-01075,2026-09-01 04:28:45,20260901,4,2,7,0,0,,8.680799975991249,stream
M1-01076,2026-09-01 04:29:00,20260901,4,1,1,1,2,0.569,13.56410002335906,stream
M2-01077,2026-09-01 04:29:15,20260901,4,2,4,1,1,0.719,10.879599954932928,stream
M1-01078,2026-09-01 04:29:30,20260901,4,1,5,1,3,0.359,11.346800019964576,stream
M2-01079,2026-09-01 04:29:45,20260901,4,2,4,1,1,0.885,24.041499942541122,stream
M1-01080,2026-09-01 04:30:00,20260901,4,1,1,1,1,0.37,10.093400022014976,stream
M2-01081,2026-09-01 04:30:15,20260901,4,2,4,1,1,0.719,10.093499906361103,stream
M1-01082,2026-09-01 04:30:30,20260901,4,1,5,1,3,0.359,17.533100210130215,stream
M2-01083,2026-09-01 04:30:45,20260901,4,2,4,1,1,0.719,12.66609993763268,stream
M1-01084,2026-09-01 04:31:00,20260901,4,1,4,1,1,0.885,12.14749994687736,stream
M2-01085,2026-09-01 04:31:15,20260901,4,2,2,1,6,0.643,9.688999969512224,stream
M1-01086,2026-09-01 04:31:30,20260901,4,1,1,1,3,0.469,12.558799935504794,stream
M2-01087,2026-09-01 04:31:45,20260901,4,2,1,1,2,0.313,24.146300042048097,stream
M1-01088,2026-09-01 04:32:00,20260901,4,1,3,1,1,0.769,16.162100015208125,stream
M2-01089,2026-09-01 04:32:15,20260901,4,2,1,1,2,0.571,10.415500029921532,stream
M1-01090,2026-09-01 04:32:30,20260901,4,1,2,1,1,0.595,16.96899998933077,stream
M2-01091,2026-09-01 04:32:45,20260901,4,2,4,1,1,0.719,13.37729999795556,stream
M1-01092,2026-09-01 04:33:00,20260901,4,1,2,1,3,0.59,22.362099960446358,stream
M2-01093,2026-09-01 04:33:15,20260901,4,2,4,1,1,0.885,20.59460012242198,stream
M1-01094,2026-09-01 04:33:30,20260901,4,1,6,1,5,0.639,14.737499877810478,stream
M2-01095,2026-09-01 04:33:45,20260901,4,2,1,1,3,0.529,10.786999948322773,stream
M1-01096,2026-09-01 04:34:00,20260901,4,1,4,1,1,0.597,11.600999860092998,stream
M2-01097,2026-09-01 04:34:15,20260901,4,2,5,1,3,0.505,11.624699924141169,stream
M1-01098,2026-09-01 04:34:30,20260901,4,1,4,1,3,0.34,28.23340008035302,stream
M2-01099,2026-09-01 04:34:45,20260901,4,2,1,1,3,0.384,13.696399983018637,stream
M1-01100,2026-09-01 04:35:00,20260901,4,1,2,1,9,0.776,26.672199834138155,stream
M2-01101,2026-09-01 04:35:15,20260901,4,2,3,1,1,0.868,9.474999969825149,stream
M1-01102,2026-09-01 04:35:30,20260901,4,1,5,1,3,0.582,15.713299857452512,stream
M2-01103,2026-09-01 04:35:45,20260901,4,2,2,1,1,0.867,27.417700039222836,stream
M1-01104,2026-09-01 04:36:00,20260901,4,1,2,1,4,0.596,26.325499871745706,stream
M2-01105,2026-09-01 04:36:15,20260901,4,2,3,1,3,0.914,37.85840002819896,stream
M1-01106,2026-09-01 04:36:30,20260901,4,1,4,1,3,0.445,34.25699984654784,stream
M2-01107,2026-09-01 04:36:45,20260901,4,2,3,1,5,0.848,34.104700200259686,stream
M1-01108,2026-09-01 04:37:00,20260901,4,1,3,1,4,0.834,25.15190001577139,stream
M2-01109,2026-09-01 04:37:15,20260901,4,2,1,1,3,0.359,13.801299966871738,stream
M1-01110,2026-09-01 04:37:30,20260901,4,1,5,1,3,0.549,14.719199854880571,stream
M2-01111,2026-09-01 04:37:45,20260901,4,2,3,1,2,0.846,10.593999875709414,stream
M1-01112,2026-09-01 04:38:00,20260901,4,1,6,1,5,0.639,14.676900114864111,stream
M2-01113,2026-09-01 04:38:15,20260901,4,2,5,1,1,0.382,12.605999829247594,stream
M1-01114,2026-09-01 04:38:30,20260901,4,1,2,1,11,0.744,16.60569990053773,stream
M2-01115,2026-09-01 04:38:45,20260901,4,2,3,1,4,0.899,11.596300173550844,stream
M1-01116,2026-09-01 04:39:00,20260901,4,1,4,1,3,0.698,16.93299994803965,stream
M2-01117,2026-09-01 04:39:15,20260901,4,2,5,1,3,0.492,14.53719986602664,stream
M1-01118,2026-09-01 04:39:30,20260901,4,1,6,1,4,0.699,16.51939982548356,stream
M2-01119,2026-09-01 04:39:45,20260901,4,2,4,1,4,0.569,12.183199869468808,stream
M1-01120,2026-09-01 04:40:00,20260901,4,1,5,1,1,0.387,12.774599948897958,stream
M2-01121,2026-09-01 04:40:15,20260901,4,2,6,1,3,0.696,12.093599885702133,stream
M1-01122,2026-09-01 04:40:30,20260901,4,1,3,1,6,0.901,12.099300045520067,stream
M2-01123,2026-09-01 04:40:45,20260901,4,2,3,1,2,0.78,11.304199928417802,stream
M1-01124,2026-09-01 04:41:00,20260901,4,1,2,1,3,0.749,28.54060009121895,stream
M2-01125,2026-09-01 04:41:15,20260901,4,2,1,1,4,0.477,39.45169993676245,stream
M1-01126,2026-09-01 04:41:30,20260901,4,1,2,1,6,0.643,26.681400137022138,stream
M2-01127,2026-09-01 04:41:45,20260901,4,2,6,1,3,0.715,12.641299981623888,stream
M1-01128,2026-09-01 04:42:00,20260901,4,1,1,1,2,0.571,9.973700158298016,stream
M2-01129,2026-09-01 04:42:15,20260901,4,2,2,1,3,0.709,13.940199976786971,stream
M1-01130,2026-09-01 04:42:30,20260901,4,1,4,1,1,0.702,12.970799813047051,stream
M2-01131,2026-09-01 04:42:45,20260901,4,2,3,1,1,0.868,10.831699939444661,stream
M1-01132,2026-09-01 04:43:00,20260901,4,1,2,1,2,0.6,10.352900018915534,stream
M2-01133,2026-09-01 04:43:15,20260901,4,2,3,1,6,0.896,11.771899880841374,stream
M1-01134,2026-09-01 04:43:30,20260901,4,1,6,1,1,0.67,21.018499974161386,stream
M2-01135,2026-09-01 04:43:45,20260901,4,2,1,1,5,0.531,23.280699970200658,stream
M1-01136,2026-09-01 04:44:00,20260901,4,1,5,1,1,0.387,12.98960018903017,stream
M2-01137,2026-09-01 04:44:15,20260901,4,2,5,1,3,0.492,10.241500101983547,stream
M1-01138,2026-09-01 04:44:30,20260901,4,1,4,1,1,0.597,11.24819996766746,stream
M2-01139,2026-09-01 04:44:45,20260901,4,2,1,1,1,0.37,15.93589992262423,stream
M1-01140,2026-09-01 04:45:00,20260901,4,1,2,1,4,0.674,15.008399961516261,stream
M2-01141,2026-09-01 04:45:15,20260901,4,2,4,1,5,0.523,14.822300057858229,stream
M1-01142,2026-09-01 04:45:30,20260901,4,1,6,1,1,0.682,11.90480007790029,stream
M2-01143,2026-09-01 04:45:45,20260901,4,2,3,1,2,0.78,11.464999988675117,stream
M1-01144,2026-09-01 04:46:00,20260901,4,1,2,1,6,0.643,26.220300002023578,stream
M2-01145,2026-09-01 04:46:15,20260901,4,2,5,1,3,0.559,30.530699994415045,stream
M1-01146,2026-09-01 04:46:30,20260901,4,1,4,1,3,0.757,14.553999993950129,stream
M2-01147,2026-09-01 04:46:45,20260901,4,2,2,1,2,0.83,15.288199996575713,stream
M1-01148,2026-09-01 04:47:00,20260901,4,1,6,1,5,0.643,10.387900052592158,stream
M2-01149,2026-09-01 04:47:15,20260901,4,2,5,1,3,0.427,10.185400024056435,stream
M1-01150,2026-09-01 04:47:30,20260901,4,1,6,1,3,0.553,31.032900093123317,stream
M2-01151,2026-09-01 04:47:45,20260901,4,2,3,1,6,0.896,24.605199927464128,stream
M1-01152,2026-09-01 04:48:00,20260901,4,1,2,1,1,0.867,27.60819997638464,stream
M2-01153,2026-09-01 04:48:15,20260901,4,2,3,1,1,0.769,24.623400066047907,stream
M1-01154,2026-09-01 04:48:30,20260901,4,1,1,1,1,0.579,11.913000140339136,stream
M2-01155,2026-09-01 04:48:45,20260901,4,2,5,1,4,0.584,21.722299978137016,stream
M1-01156,2026-09-01 04:49:00,20260901,4,1,3,1,5,0.882,13.740400085225701,stream
M2-01157,2026-09-01 04:49:15,20260901,4,2,6,1,5,0.643,12.355400016531348,stream
M1-01158,2026-09-01 04:49:30,20260901,4,1,3,1,3,0.912,12.281799921765924,stream
M2-01159,2026-09-01 04:49:45,20260901,4,2,2,1,3,0.749,13.067200081422925,stream
M1-01160,2026-09-01 04:50:00,20260901,4,1,4,1,4,0.892,10.607500094920397,stream
M2-01161,2026-09-01 04:50:15,20260901,4,2,6,1,7,0.59,31.0160000808537,stream
M1-01162,2026-09-01 04:50:30,20260901,4,1,5,1,1,0.303,23.45690014772117,stream
M2-01163,2026-09-01 04:50:45,20260901,4,2,3,1,2,0.846,31.41870000399649,stream
M1-01164,2026-09-01 04:51:00,20260901,4,1,7,0,0,,14.937200117856264,stream
M2-01165,2026-09-01 04:51:15,20260901,4,2,2,1,5,0.707,11.469700140878558,stream
M1-01166,2026-09-01 04:51:30,20260901,4,1,2,1,2,0.77,11.391000123694539,stream
M2-01167,2026-09-01 04:51:45,20260901,4,2,1,1,4,0.377,12.037700042128563,stream
M1-01168,2026-09-01 04:52:00,20260901,4,1,5,1,3,0.515,21.7830000910908,stream
M2-01169,2026-09-01 04:52:15,20260901,4,2,5,1,4,0.641,24.745299946516752,stream
M1-01170,2026-09-01 04:52:30,20260901,4,1,3,1,3,0.912,14.331300044432282,stream
M2-01171,2026-09-01 04:52:45,20260901,4,2,4,1,1,0.576,10.286000091582537,stream
M1-01172,2026-09-01 04:53:00,20260901,4,1,7,0,0,,10.371800046414137,stream
M2-01173,2026-09-01 04:53:15,20260901,4,2,6,1,3,0.696,28.31319998949766,stream
M1-01174,2026-09-01 04:53:30,20260901,4,1,1,1,4,0.541,14.280400006100535,stream
M2-01175,2026-09-01 04:53:45,20260901,4,2,2,1,5,0.715,26.10910008661449,stream
M1-01176,2026-09-01 04:54:00,20260901,4,1,4,1,1,0.535,26.95490000769496,stream
M2-01177,2026-09-01 04:54:15,20260901,4,2,2,1,1,0.595,13.129099970683455,stream
M1-01178,2026-09-01 04:54:30,20260901,4,1,2,1,2,0.552,31.493500107899308,stream
M2-01179,2026-09-01 04:54:45,20260901,4,2,5,1,4,0.313,14.896499924361706,stream
M1-01180,2026-09-01 04:55:00,20260901,4,1,1,1,3,0.529,11.974800145253539,stream
M2-01181,2026-09-01 04:55:15,20260901,4,2,2,1,13,0.714,12.882200069725513,stream
M1-01182,2026-09-01 04:55:30,20260901,4,1,2,1,7,0.806,13.233100064098835,stream
M2-01183,2026-09-01 04:55:45,20260901,4,2,5,1,2,0.389,12.229399988427758,stream
M1-01184,2026-09-01 04:56:00,20260901,4,1,5,1,1,0.621,14.861499890685081,stream
M2-01185,2026-09-01 04:56:15,20260901,4,2,6,1,3,0.709,22.824300220236182,stream
M1-01186,2026-09-01 04:56:30,20260901,4,1,2,1,3,0.59,27.027799980714917,stream
M2-01187,2026-09-01 04:56:45,20260901,4,2,3,1,3,0.859,23.850500117987394,stream
M1-01188,2026-09-01 04:57:00,20260901,4,1,2,1,5,0.715,12.749999994412065,stream
M2-01189,2026-09-01 04:57:15,20260901,4,2,2,1,3,0.749,15.596000012010336,stream
M1-01190,2026-09-01 04:57:30,20260901,4,1,4,1,5,0.523,14.243100071325898,stream
M2-01191,2026-09-01 04:57:45,20260901,4,2,4,1,3,0.445,25.853099999949336,stream
M1-01192,2026-09-01 04:58:00,20260901,4,1,6,1,2,0.77,12.41900003515184,stream
M2-01193,2026-09-01 04:58:15,20260901,4,2,6,1,7,0.642,23.076199926435947,stream
M1-01194,2026-09-01 04:58:30,20260901,4,1,2,1,5,0.715,13.512299861758947,stream
M2-01195,2026-09-01 04:58:45,20260901,4,2,6,1,2,0.73,15.161399962380528,stream
M1-01196,2026-09-01 04:59:00,20260901,4,1,5,1,2,0.389,14.72399989143014,stream
M2-01197,2026-09-01 04:59:15,20260901,4,2,1,1,3,0.359,12.499199947342277,stream
M1-01198,2026-09-01 04:59:30,20260901,4,1,6,1,3,0.715,16.86189998872578,stream
M2-01199,2026-09-01 04:59:45,20260901,4,2,1,1,4,0.541,16.67700009420514,stream
M1-01200,2026-09-01 05:00:00,20260901,5,1,5,1,2,0.534,34.83379981480539,stream
M2-01201,2026-09-01 05:00:15,20260901,5,2,6,1,10,0.657,27.29679993353784,stream
M1-01202,2026-09-01 05:00:30,20260901,5,1,4,1,3,0.757,31.89139999449253,stream
M2-01203,2026-09-01 05:00:45,20260901,5,2,5,1,3,0.582,28.4126999322325,stream
M1-01204,2026-09-01 05:01:00,20260901,5,1,4,1,3,0.621,21.33799996227026,stream
M2-01205,2026-09-01 05:01:15,20260901,5,2,3,1,6,0.816,12.185100000351667,stream
M1-01206,2026-09-01 05:01:30,20260901,5,1,1,1,4,0.377,14.24259995110333,stream
M2-01207,2026-09-01 05:01:45,20260901,5,2,2,1,1,0.867,16.538399970158935,stream
M1-01208,2026-09-01 05:02:00,20260901,5,1,5,1,3,0.549,11.185800191015005,stream
M2-01209,2026-09-01 05:02:15,20260901,5,2,6,1,1,0.787,15.66329994238913,stream
M1-01210,2026-09-01 05:02:30,20260901,5,1,2,1,2,0.746,14.06609988771379,stream
M2-01211,2026-09-01 05:02:45,20260901,5,2,6,1,3,0.553,13.541699852794409,stream
M1-01212,2026-09-01 05:03:00,20260901,5,1,5,1,3,0.359,12.302800081670284,stream
M2-01213,2026-09-01 05:03:15,20260901,5,2,5,1,4,0.709,12.955099809914827,stream
M1-01214,2026-09-01 05:03:30,20260901,5,1,5,1,3,0.427,16.126399859786034,stream
M2-01215,2026-09-01 05:03:45,20260901,5,2,3,1,3,0.909,14.717600075528026,stream
M1-01216,2026-09-01 05:04:00,20260901,5,1,1,1,2,0.313,14.098299900069833,stream
M2-01217,2026-09-01 05:04:15,20260901,5,2,3,1,6,0.901,15.825600130483508,stream
M1-01218,2026-09-01 05:04:30,20260901,5,1,2,1,2,0.77,17.748800106346607,stream
M2-01219,2026-09-01 05:04:45,20260901,5,2,6,1,4,0.699,19.92159988731146,stream
M1-01220,2026-09-01 05:05:00,20260901,5,1,4,1,2,0.479,27.832499938085675,stream
M2-01221,2026-09-01 05:05:15,20260901,5,2,2,1,4,0.714,13.879899866878986,stream
M1-01222,2026-09-01 05:05:30,20260901,5,1,3,1,5,0.848,16.934200190007687,stream
M2-01223,2026-09-01 05:05:45,20260901,5,2,3,1,3,0.861,12.607100186869502,stream
M1-01224,2026-09-01 05:06:00,20260901,5,1,4,1,5,0.523,13.04140011779964,stream
M2-01225,2026-09-01 05:06:15,20260901,5,2,1,1,2,0.312,13.52659985423088,stream
M1-01226,2026-09-01 05:06:30,20260901,5,1,2,1,3,0.717,16.255600145086646,stream
M2-01227,2026-09-01 05:06:45,20260901,5,2,1,1,4,0.52,16.29319996573031,stream
M1-01228,2026-09-01 05:07:00,20260901,5,1,3,1,3,0.909,14.008000027388334,stream
M2-01229,2026-09-01 05:07:15,20260901,5,2,3,1,1,0.868,10.741200065240264,stream
M1-01230,2026-09-01 05:07:30,20260901,5,1,3,1,5,0.826,12.859700014814734,stream
M2-01231,2026-09-01 05:07:45,20260901,5,2,4,1,1,0.885,15.74469986371696,stream
M1-01232,2026-09-01 05:08:00,20260901,5,1,6,1,5,0.767,12.533399974927306,stream
M2-01233,2026-09-01 05:08:15,20260901,5,2,6,1,1,0.67,14.422399923205376,stream
M1-01234,2026-09-01 05:08:30,20260901,5,1,6,1,1,0.67,37.980200024321675,stream
M2-01235,2026-09-01 05:08:45,20260901,5,2,2,1,6,0.828,14.571900013834238,stream
M1-01236,2026-09-01 05:09:00,20260901,5,1,3,1,6,0.901,14.557600021362305,stream
M2-01237,2026-09-01 05:09:15,20260901,5,2,3,1,3,0.884,31.453999923542142,stream
M1-01238,2026-09-01 05:09:30,20260901,5,1,6,1,5,0.767,24.851399939507246,stream
M2-01239,2026-09-01 05:09:45,20260901,5,2,2,1,2,0.746,25.11340007185936,stream
M1-01240,2026-09-01 05:10:00,20260901,5,1,3,1,5,0.882,11.773500125855207,stream
M2-01241,2026-09-01 05:10:15,20260901,5,2,1,1,4,0.477,25.194199988618493,stream
M1-01242,2026-09-01 05:10:30,20260901,5,1,4,1,3,0.757,11.9503999594599,stream
M2-01243,2026-09-01 05:10:45,20260901,5,2,5,1,2,0.482,15.880100196227431,stream
M1-01244,2026-09-01 05:11:00,20260901,5,1,5,1,1,0.382,27.113599935546517,stream
M2-01245,2026-09-01 05:11:15,20260901,5,2,1,1,2,0.358,23.56449980288744,stream
M1-01246,2026-09-01 05:11:30,20260901,5,1,6,1,2,0.73,16.894999891519547,stream
M2-01247,2026-09-01 05:11:45,20260901,5,2,2,1,3,0.64,16.876800218597054,stream
M1-01248,2026-09-01 05:12:00,20260901,5,1,4,1,3,0.445,14.3630001693964,stream
M2-01249,2026-09-01 05:12:15,20260901,5,2,1,1,4,0.305,19.054299918934703,stream
M1-01250,2026-09-01 05:12:30,20260901,5,1,5,1,3,0.582,20.313400076702237,stream
M2-01251,2026-09-01 05:12:45,20260901,5,2,6,1,7,0.59,20.652899984270334,stream
M1-01252,2026-09-01 05:13:00,20260901,5,1,1,1,2,0.312,21.422300022095442,stream
M2-01253,2026-09-01 05:13:15,20260901,5,2,1,1,4,0.541,31.26029996201396,stream
M1-01254,2026-09-01 05:13:30,20260901,5,1,3,1,1,0.769,29.644900001585484,stream
M2-01255,2026-09-01 05:13:45,20260901,5,2,1,1,2,0.48,19.776999950408936,stream
M1-01256,2026-09-01 05:14:00,20260901,5,1,1,1,4,0.377,15.845600049942732,stream
M2-01257,2026-09-01 05:14:15,20260901,5,2,2,1,6,0.828,12.343500042334199,stream
M1-01258,2026-09-01 05:14:30,20260901,5,1,6,1,1,0.787,13.03110015578568,stream
M2-01259,2026-09-01 05:14:45,20260901,5,2,3,1,3,0.912,19.448500126600266,stream
M1-01260,2026-09-01 05:15:00,20260901,5,1,1,1,2,0.269,16.58179983496666,stream
M2-01261,2026-09-01 05:15:15,20260901,5,2,1,1,2,0.312,12.64819991774857,stream
M1-01262,2026-09-01 05:15:30,20260901,5,1,3,1,3,0.884,16.1228000652045,stream
M2-01263,2026-09-01 05:15:45,20260901,5,2,6,1,3,0.553,15.40859998203814,stream
M1-01264,2026-09-01 05:16:00,20260901,5,1,4,1,2,0.427,17.21039996482432,stream
M2-01265,2026-09-01 05:16:15,20260901,5,2,2,1,13,0.714,18.079300178214908,stream
M1-01266,2026-09-01 05:16:30,20260901,5,1,2,1,2,0.6,17.246499890461564,stream
M2-01267,2026-09-01 05:16:45,20260901,5,2,3,1,4,0.769,16.338900197297335,stream
M1-01268,2026-09-01 05:17:00,20260901,5,1,3,1,4,0.834,14.101700158789754,stream
M2-01269,2026-09-01 05:17:15,20260901,5,2,2,1,2,0.755,14.241900062188506,stream
M1-01270,2026-09-01 05:17:30,20260901,5,1,4,1,3,0.757,15.599099919199944,stream
M2-01271,2026-09-01 05:17:45,20260901,5,2,3,1,6,0.816,23.22440012358129,stream
M1-01272,2026-09-01 05:18:00,20260901,5,1,2,1,2,0.552,15.946200117468834,stream
M2-01273,2026-09-01 05:18:15,20260901,5,2,6,1,1,0.806,13.947000028565526,stream
M1-01274,2026-09-01 05:18:30,20260901,5,1,3,1,6,0.789,12.624199967831373,stream
M2-01275,2026-09-01 05:18:45,20260901,5,2,4,1,3,0.508,16.858499962836504,stream
M1-01276,2026-09-01 05:19:00,20260901,5,1,4,1,1,0.584,15.064500039443374,stream
M2-01277,2026-09-01 05:19:15,20260901,5,2,1,1,2,0.569,12.52120011486113,stream
M1-01278,2026-09-01 05:19:30,20260901,5,1,4,1,3,0.508,17.60290004312992,stream
M2-01279,2026-09-01 05:19:45,20260901,5,2,3,1,3,0.832,11.383600067347288,stream
M1-01280,2026-09-01 05:20:00,20260901,5,1,5,1,1,0.501,20.85210010409355,stream
M2-01281,2026-09-01 05:20:15,20260901,5,2,5,1,1,0.501,32.56549988873303,stream
M1-01282,2026-09-01 05:20:30,20260901,5,1,6,1,7,0.775,36.28419991582632,stream
M2-01283,2026-09-01 05:20:45,20260901,5,2,4,1,4,0.569,34.83089990913868,stream
M1-01284,2026-09-01 05:21:00,20260901,5,1,1,1,3,0.384,16.52129995636642,stream
M2-01285,2026-09-01 05:21:15,20260901,5,2,5,1,3,0.559,13.800600077956915,stream
M1-01286,2026-09-01 05:21:30,20260901,5,1,2,1,4,0.674,13.167300028726459,stream
M2-01287,2026-09-01 05:21:45,20260901,5,2,4,1,3,0.508,15.903899911791086,stream
M1-01288,2026-09-01 05:22:00,20260901,5,1,4,1,1,0.43,17.330699833109975,stream
M2-01289,2026-09-01 05:22:15,20260901,5,2,2,1,5,0.707,11.705299839377403,stream
M1-01290,2026-09-01 05:22:30,20260901,5,1,1,1,3,0.579,19.999700132757425,stream
M2-01291,2026-09-01 05:22:45,20260901,5,2,5,1,3,0.597,13.882699888199568,stream
M1-01292,2026-09-01 05:23:00,20260901,5,1,2,1,2,0.77,13.873999938368797,stream
M2-01293,2026-09-01 05:23:15,20260901,5,2,6,1,6,0.737,19.852699944749475,stream
M1-01294,2026-09-01 05:23:30,20260901,5,1,6,1,3,0.553,15.159799950197339,stream
M2-01295,2026-09-01 05:23:45,20260901,5,2,5,1,3,0.492,12.091799871996045,stream
M1-01296,2026-09-01 05:24:00,20260901,5,1,6,1,2,0.755,12.139200000092387,stream
M2-01297,2026-09-01 05:24:15,20260901,5,2,2,1,2,0.759,21.943700034171343,stream
M1-01298,2026-09-01 05:24:30,20260901,5,1,1,1,2,0.313,32.5038000009954,stream
M2-01299,2026-09-01 05:24:45,20260901,5,2,3,1,6,0.789,18.496300093829632,stream
M1-01300,2026-09-01 05:25:00,20260901,5,1,3,1,3,0.859,17.69470004364848,stream
M2-01301,2026-09-01 05:25:15,20260901,5,2,2,1,2,0.552,15.843699919059873,stream
M1-01302,2026-09-01 05:25:30,20260901,5,1,3,1,1,0.868,32.21079986542463,stream
M2-01303,2026-09-01 05:25:45,20260901,5,2,1,1,4,0.305,18.33429979160428,stream
M1-01304,2026-09-01 05:26:00,20260901,5,1,2,1,5,0.707,24.240100057795644,stream
M2-01305,2026-09-01 05:26:15,20260901,5,2,6,1,7,0.775,16.53179991990328,stream
M1-01306,2026-09-01 05:26:30,20260901,5,1,5,1,3,0.505,14.69750003889203,stream
M2-01307,2026-09-01 05:26:45,20260901,5,2,2,1,5,0.707,16.718999948352575,stream
M1-01308,2026-09-01 05:27:00,20260901,5,1,1,1,2,0.313,26.745500043034554,stream
M2-01309,2026-09-01 05:27:15,20260901,5,2,4,1,1,0.597,14.046099968254566,stream
M1-01310,2026-09-01 05:27:30,20260901,5,1,6,1,6,0.591,18.52439995855093,stream
M2-01311,2026-09-01 05:27:45,20260901,5,2,1,1,1,0.432,14.90029995329678,stream
M1-01312,2026-09-01 05:28:00,20260901,5,1,6,1,3,0.688,11.913999915122986,stream
M2-01313,2026-09-01 05:28:15,20260901,5,2,6,1,7,0.59,15.094100032001734,stream
M1-01314,2026-09-01 05:28:30,20260901,5,1,4,1,1,0.719,25.901499902829528,stream
M2-01315,2026-09-01 05:28:45,20260901,5,2,2,1,3,0.64,13.380899792537093,stream
M1-01316,2026-09-01 05:29:00,20260901,5,1,6,1,3,0.715,11.603299994021654,stream
M2-01317,2026-09-01 05:29:15,20260901,5,2,6,1,4,0.699,13.042200123891234,stream
M1-01318,2026-09-01 05:29:30,20260901,5,1,1,1,3,0.384,19.548800075426698,stream
M2-01319,2026-09-01 05:29:45,20260901,5,2,3,1,3,0.526,13.353300048038363,stream
M1-01320,2026-09-01 05:30:00,20260901,5,1,3,1,5,0.826,27.306600008159876,stream
M2-01321,2026-09-01 05:30:15,20260901,5,2,4,1,2,0.627,24.563999846577644,stream
M1-01322,2026-09-01 05:30:30,20260901,5,1,1,1,4,0.541,18.85459991171956,stream
M2-01323,2026-09-01 05:30:45,20260901,5,2,6,1,7,0.59,17.078900011256337,stream
M1-01324,2026-09-01 05:31:00,20260901,5,1,1,1,4,0.52,16.770799877122045,stream
M2-01325,2026-09-01 05:31:15,20260901,5,2,5,1,2,0.389,11.996400076895952,stream
M1-01326,2026-09-01 05:31:30,20260901,5,1,1,1,4,0.644,20.267999963834882,stream
M2-01327,2026-09-01 05:31:45,20260901,5,2,4,1,3,0.757,27.478199917823076,stream
M1-01328,2026-09-01 05:32:00,20260901,5,1,3,1,3,0.861,29.778300086036325,stream
M2-01329,2026-09-01 05:32:15,20260901,5,2,6,1,5,0.767,15.52699995227158,stream
M1-01330,2026-09-01 05:32:30,20260901,5,1,2,1,3,0.64,30.557800084352493,stream
M2-01331,2026-09-01 05:32:45,20260901,5,2,4,1,1,0.719,14.869899954646826,stream
M1-01332,2026-09-01 05:33:00,20260901,5,1,3,1,3,0.859,10.445399908348918,stream
M2-01333,2026-09-01 05:33:15,20260901,5,2,5,1,4,0.641,13.33300000987947,stream
M1-01334,2026-09-01 05:33:30,20260901,5,1,4,1,3,0.757,11.37549988925457,stream
M2-01335,2026-09-01 05:33:45,20260901,5,2,2,1,2,0.746,17.937100026756525,stream
M1-01336,2026-09-01 05:34:00,20260901,5,1,4,1,2,0.597,11.059700045734644,stream
M2-01337,2026-09-01 05:34:15,20260901,5,2,3,1,4,0.892,11.189799988642335,stream
M1-01338,2026-09-01 05:34:30,20260901,5,1,3,1,2,0.78,15.944200102239847,stream
M2-01339,2026-09-01 05:34:45,20260901,5,2,5,1,3,0.359,11.60690002143383,stream
M1-01340,2026-09-01 05:35:00,20260901,5,1,4,1,3,0.34,12.154900003224611,stream
M2-01341,2026-09-01 05:35:15,20260901,5,2,1,1,4,0.377,34.956200048327446,stream
M1-01342,2026-09-01 05:35:30,20260901,5,1,3,1,6,0.816,16.47859998047352,stream
M2-01343,2026-09-01 05:35:45,20260901,5,2,5,1,1,0.603,14.455200172960758,stream
M1-01344,2026-09-01 05:36:00,20260901,5,1,3,1,2,0.846,10.87510003708303,stream
M2-01345,2026-09-01 05:36:15,20260901,5,2,5,1,5,0.797,15.11669997125864,stream
M1-01346,2026-09-01 05:36:30,20260901,5,1,5,1,1,0.554,11.243600165471435,stream
M2-01347,2026-09-01 05:36:45,20260901,5,2,1,1,4,0.616,17.208399949595332,stream
M1-01348,2026-09-01 05:37:00,20260901,5,1,5,1,1,0.501,23.783799959346652,stream
M2-01349,2026-09-01 05:37:15,20260901,5,2,5,1,2,0.482,39.33049994520843,stream
M1-01350,2026-09-01 05:37:30,20260901,5,1,5,1,3,0.515,41.97929985821247,stream
M2-01351,2026-09-01 05:37:45,20260901,5,2,3,1,3,0.832,23.4844998922199,stream
M1-01352,2026-09-01 05:38:00,20260901,5,1,6,1,7,0.775,22.114200051873922,stream
M2-01353,2026-09-01 05:38:15,20260901,5,2,1,1,4,0.52,24.512500036507845,stream
M1-01354,2026-09-01 05:38:30,20260901,5,1,4,1,3,0.621,12.169899884611368,stream
M2-01355,2026-09-01 05:38:45,20260901,5,2,4,1,1,0.535,14.815600123256445,stream
M1-01356,2026-09-01 05:39:00,20260901,5,1,2,1,6,0.643,11.668200138956308,stream
M2-01357,2026-09-01 05:39:15,20260901,5,2,4,1,2,0.597,34.19059980660677,stream
M1-01358,2026-09-01 05:39:30,20260901,5,1,3,1,3,0.884,39.08460005186498,stream
M2-01359,2026-09-01 05:39:45,20260901,5,2,5,1,3,0.359,30.06769996136427,stream
M1-01360,2026-09-01 05:40:00,20260901,5,1,1,1,1,0.552,29.88209994509816,stream
M2-01361,2026-09-01 05:40:15,20260901,5,2,1,1,4,0.305,30.70289990864694,stream
M1-01362,2026-09-01 05:40:30,20260901,5,1,3,1,2,0.78,28.9385998621583,stream
M2-01363,2026-09-01 05:40:45,20260901,5,2,1,1,4,0.616,26.882600039243698,stream
M1-01364,2026-09-01 05:41:00,20260901,5,1,3,1,3,0.881,29.55360012128949,stream
M2-01365,2026-09-01 05:41:15,20260901,5,2,6,1,6,0.804,30.859600054100156,stream
M1-01366,2026-09-01 05:41:30,20260901,5,1,6,1,6,0.804,26.429299963638186,stream
M2-01367,2026-09-01 05:41:45,20260901,5,2,5,1,3,0.509,28.08389998972416,stream
M1-01368,2026-09-01 05:42:00,20260901,5,1,6,1,2,0.755,27.036000043153763,stream
M2-01369,2026-09-01 05:42:15,20260901,5,2,3,1,3,0.861,36.491200095042586,stream
M1-01370,2026-09-01 05:42:30,20260901,5,1,6,1,7,0.775,31.010899925604463,stream
M2-01371,2026-09-01 05:42:45,20260901,5,2,2,1,3,0.717,29.573099920526147,stream
M1-01372,2026-09-01 05:43:00,20260901,5,1,5,1,1,0.603,27.079599909484386,stream
M2-01373,2026-09-01 05:43:15,20260901,5,2,5,1,4,0.584,27.95909997075796,stream
M1-01374,2026-09-01 05:43:30,20260901,5,1,3,1,5,0.826,24.884599959477782,stream
M2-01375,2026-09-01 05:43:45,20260901,5,2,4,1,5,0.523,31.580999959260225,stream
M1-01376,2026-09-01 05:44:00,20260901,5,1,3,1,3,0.526,29.981999890878797,stream
M2-01377,2026-09-01 05:44:15,20260901,5,2,2,1,3,0.717,29.25539994612336,stream
M1-01378,2026-09-01 05:44:30,20260901,5,1,1,1,1,0.506,26.90180018544197,stream
M2-01379,2026-09-01 05:44:45,20260901,5,2,5,1,3,0.559,25.925699854269624,stream
M1-01380,2026-09-01 05:45:00,20260901,5,1,3,1,6,0.789,29.96099996380508,stream
M2-01381,2026-09-01 05:45:15,20260901,5,2,3,1,3,0.889,27.183400001376867,stream
M1-01382,2026-09-01 05:45:30,20260901,5,1,6,1,7,0.608,26.625899830833077,stream
M2-01383,2026-09-01 05:45:45,20260901,5,2,6,1,5,0.643,26.742800138890743,stream
M1-01384,2026-09-01 05:46:00,20260901,5,1,5,1,1,0.501,25.853800121694803,stream
M2-01385,2026-09-01 05:46:15,20260901,5,2,6,1,6,0.804,27.27339998818934,stream
M1-01386,2026-09-01 05:46:30,20260901,5,1,4,1,3,0.445,25.78440005891025,stream
M2-01387,2026-09-01 05:46:45,20260901,5,2,2,1,2,0.746,27.696199947968125,stream
M1-01388,2026-09-01 05:47:00,20260901,5,1,2,1,1,0.595,25.422299979254603,stream
M2-01389,2026-09-01 05:47:15,20260901,5,2,3,1,6,0.789,28.198499931022525,stream
M1-01390,2026-09-01 05:47:30,20260901,5,1,1,1,2,0.569,24.01990001089871,stream
M2-01391,2026-09-01 05:47:45,20260901,5,2,7,0,0,,25.795900030061603,stream
M1-01392,2026-09-01 05:48:00,20260901,5,1,1,1,1,0.552,28.097999980673194,stream
M2-01393,2026-09-01 05:48:15,20260901,5,2,5,1,3,0.559,26.284600142389536,stream
M1-01394,2026-09-01 05:48:30,20260901,5,1,2,1,1,0.595,25.29369993135333,stream
M2-01395,2026-09-01 05:48:45,20260901,5,2,3,1,3,0.884,24.937700014561415,stream
M1-01396,2026-09-01 05:49:00,20260901,5,1,4,1,1,0.636,25.271400110796094,stream
M2-01397,2026-09-01 05:49:15,20260901,5,2,3,1,3,0.861,28.405799996107817,stream
M1-01398,2026-09-01 05:49:30,20260901,5,1,6,1,7,0.59,32.608300214633346,stream
M2-01399,2026-09-01 05:49:45,20260901,5,2,3,1,4,0.899,28.110699960961938,stream
M1-01400,2026-09-01 05:50:00,20260901,5,1,3,1,2,0.865,29.298999812453985,stream
M2-01401,2026-09-01 05:50:15,20260901,5,2,5,1,3,0.359,25.791299995034933,stream
M1-01402,2026-09-01 05:50:30,20260901,5,1,4,1,2,0.597,24.912800174206495,stream
M2-01403,2026-09-01 05:50:45,20260901,5,2,6,1,6,0.591,31.421800144016743,stream
M1-01404,2026-09-01 05:51:00,20260901,5,1,4,1,2,0.902,30.380000127479434,stream
M2-01405,2026-09-01 05:51:15,20260901,5,2,2,1,5,0.707,28.083499986678362,stream
M1-01406,2026-09-01 05:51:30,20260901,5,1,1,1,3,0.579,22.839599987491965,stream
M2-01407,2026-09-01 05:51:45,20260901,5,2,2,1,2,0.755,27.844900032505393,stream
M1-01408,2026-09-01 05:52:00,20260901,5,1,5,1,1,0.621,26.080099865794182,stream
M2-01409,2026-09-01 05:52:15,20260901,5,2,1,1,2,0.48,28.79070001654327,stream
M1-01410,2026-09-01 05:52:30,20260901,5,1,4,1,3,0.698,27.192699955776334,stream
M2-01411,2026-09-01 05:52:45,20260901,5,2,2,1,4,0.596,29.690800001844764,stream
M1-01412,2026-09-01 05:53:00,20260901,5,1,3,1,5,0.826,28.769400203600526,stream
M2-01413,2026-09-01 05:53:15,20260901,5,2,1,1,2,0.569,22.918600123375654,stream
M1-01414,2026-09-01 05:53:30,20260901,5,1,5,1,1,0.303,29.490400105714798,stream
M2-01415,2026-09-01 05:53:45,20260901,5,2,6,1,2,0.662,20.615499932318926,stream
M1-01416,2026-09-01 05:54:00,20260901,5,1,6,1,3,0.553,31.791500048711896,stream
M2-01417,2026-09-01 05:54:15,20260901,5,2,3,1,3,0.881,29.10289983265102,stream
M1-01418,2026-09-01 05:54:30,20260901,5,1,6,1,5,0.639,25.648799957707524,stream
M2-01419,2026-09-01 05:54:45,20260901,5,2,2,1,4,0.714,25.43609985150397,stream
M1-01420,2026-09-01 05:55:00,20260901,5,1,1,1,2,0.269,37.28460008278489,stream
M2-01421,2026-09-01 05:55:15,20260901,5,2,5,1,5,0.797,29.03790003620088,stream
M1-01422,2026-09-01 05:55:30,20260901,5,1,4,1,2,0.427,25.648899842053652,stream
M2-01423,2026-09-01 05:55:45,20260901,5,2,3,1,3,0.914,26.822000043466687,stream
M1-01424,2026-09-01 05:56:00,20260901,5,1,2,1,3,0.709,28.68410013616085,stream
M2-01425,2026-09-01 05:56:15,20260901,5,2,5,1,1,0.603,27.44680014438927,stream
M1-01426,2026-09-01 05:56:30,20260901,5,1,2,1,5,0.707,29.463399900123477,stream
M2-01427,2026-09-01 05:56:45,20260901,5,2,1,1,1,0.579,28.19329989142716,stream
M1-01428,2026-09-01 05:57:00,20260901,5,1,6,1,1,0.67,27.5046001188457,stream
M2-01429,2026-09-01 05:57:15,20260901,5,2,6,1,3,0.564,28.50320003926754,stream
M1-01430,2026-09-01 05:57:30,20260901,5,1,2,1,3,0.531,27.24969992414117,stream
M2-01431,2026-09-01 05:57:45,20260901,5,2,5,1,3,0.509,31.80150012485683,stream
M1-01432,2026-09-01 05:58:00,20260901,5,1,7,0,0,,24.74630018696189,stream
M2-01433,2026-09-01 05:58:15,20260901,5,2,5,1,4,0.641,29.483000049367547,stream
M1-01434,2026-09-01 05:58:30,20260901,5,1,6,1,2,0.73,25.36209998652339,stream
M2-01435,2026-09-01 05:58:45,20260901,5,2,5,1,3,0.427,16.361499903723598,stream
M1-01436,2026-09-01 05:59:00,20260901,5,1,6,1,4,0.699,25.094600161537528,stream
M2-01437,2026-09-01 05:59:15,20260901,5,2,4,1,5,0.523,20.788599969819188,stream
M1-01438,2026-09-01 05:59:30,20260901,5,1,3,1,4,0.834,16.130999894812703,stream
M2-01439,2026-09-01 05:59:45,20260901,5,2,3,1,3,0.851,15.955100068822503,stream
M1-01440,2026-09-01 06:00:00,20260901,6,1,3,1,6,0.816,16.947400057688355,stream
M2-01441,2026-09-01 06:00:15,20260901,6,2,3,1,6,0.896,13.993799919262528,stream
M1-01442,2026-09-01 06:00:30,20260901,6,1,1,1,4,0.377,14.998900005593896,stream
M2-01443,2026-09-01 06:00:45,20260901,6,2,4,1,1,0.597,23.373799864202738,stream
M1-01444,2026-09-01 06:01:00,20260901,6,1,3,1,3,0.914,38.30509982071817,stream
M2-01445,2026-09-01 06:01:15,20260901,6,2,3,1,6,0.901,26.721700094640255,stream
M1-01446,2026-09-01 06:01:30,20260901,6,1,5,1,1,0.387,23.886699927970767,stream
M2-01447,2026-09-01 06:01:45,20260901,6,2,5,1,2,0.534,15.862899832427502,stream
M1-01448,2026-09-01 06:02:00,20260901,6,1,5,1,3,0.515,16.21259981766343,stream
M2-01449,2026-09-01 06:02:15,20260901,6,2,3,1,5,0.848,17.369900131598115,stream
M1-01450,2026-09-01 06:02:30,20260901,6,1,3,1,5,0.826,23.83480011485517,stream
M2-01451,2026-09-01 06:02:45,20260901,6,2,2,1,4,0.714,13.036200078204274,stream
M1-01452,2026-09-01 06:03:00,20260901,6,1,4,1,2,0.902,41.210100054740906,stream
M2-01453,2026-09-01 06:03:15,20260901,6,2,2,1,2,0.755,31.244999961927533,stream
M1-01454,2026-09-01 06:03:30,20260901,6,1,1,1,5,0.531,25.782600045204163,stream
M2-01455,2026-09-01 06:03:45,20260901,6,2,5,1,4,0.313,16.12559985369444,stream
M1-01456,2026-09-01 06:04:00,20260901,6,1,2,1,1,0.595,15.048500150442123,stream
M2-01457,2026-09-01 06:04:15,20260901,6,2,6,1,3,0.553,21.254200022667646,stream
M1-01458,2026-09-01 06:04:30,20260901,6,1,6,1,2,0.755,37.69070003181696,stream
M2-01459,2026-09-01 06:04:45,20260901,6,2,5,1,3,0.559,32.627500128000975,stream
M1-01460,2026-09-01 06:05:00,20260901,6,1,4,1,5,0.523,26.892900001257658,stream
M2-01461,2026-09-01 06:05:15,20260901,6,2,4,1,1,0.636,27.934900019317865,stream
M1-01462,2026-09-01 06:05:30,20260901,6,1,4,1,4,0.569,26.47210005670786,stream
M2-01463,2026-09-01 06:05:45,20260901,6,2,1,1,4,0.52,26.29710012115538,stream
M1-01464,2026-09-01 06:06:00,20260901,6,1,5,1,3,0.505,22.38540002144873,stream
M2-01465,2026-09-01 06:06:15,20260901,6,2,4,1,1,0.719,33.48560002632439,stream
M1-01466,2026-09-01 06:06:30,20260901,6,1,6,1,3,0.696,23.957900004461408,stream
M2-01467,2026-09-01 06:06:45,20260901,6,2,6,1,3,0.715,11.683800024911761,stream
M1-01468,2026-09-01 06:07:00,20260901,6,1,2,1,2,0.83,11.833499884232879,stream
M2-01469,2026-09-01 06:07:15,20260901,6,2,1,1,4,0.477,15.113599831238389,stream
M1-01470,2026-09-01 06:07:30,20260901,6,1,4,1,1,0.636,14.255399815738201,stream
M2-01471,2026-09-01 06:07:45,20260901,6,2,5,1,1,0.603,12.545200064778328,stream
M1-01472,2026-09-01 06:08:00,20260901,6,1,2,1,3,0.531,15.876600053161383,stream
M2-01473,2026-09-01 06:08:15,20260901,6,2,6,1,6,0.804,14.90489998832345,stream
M1-01474,2026-09-01 06:08:30,20260901,6,1,2,1,2,0.742,12.228599982336164,stream
M2-01475,2026-09-01 06:08:45,20260901,6,2,6,1,2,0.73,14.941300032660365,stream
M1-01476,2026-09-01 06:09:00,20260901,6,1,4,1,3,0.445,18.300000112503767,stream
M2-01477,2026-09-01 06:09:15,20260901,6,2,6,1,7,0.59,13.110500061884522,stream
M1-01478,2026-09-01 06:09:30,20260901,6,1,6,1,2,0.755,12.300300179049373,stream
M2-01479,2026-09-01 06:09:45,20260901,6,2,5,1,2,0.389,12.645900016650558,stream
M1-01480,2026-09-01 06:10:00,20260901,6,1,1,1,4,0.477,33.5124998819083,stream
M2-01481,2026-09-01 06:10:15,20260901,6,2,3,1,1,0.868,33.1927000079304,stream
M1-01482,2026-09-01 06:10:30,20260901,6,1,5,1,2,0.482,30.46289994381368,stream
M2-01483,2026-09-01 06:10:45,20260901,6,2,3,1,1,0.769,41.90320009365678,stream
M1-01484,2026-09-01 06:11:00,20260901,6,1,3,1,3,0.857,32.22819999791682,stream
M2-01485,2026-09-01 06:11:15,20260901,6,2,2,1,3,0.548,31.8575999699533,stream
M1-01486,2026-09-01 06:11:30,20260901,6,1,4,1,3,0.653,35.526399966329336,stream
M2-01487,2026-09-01 06:11:45,20260901,6,2,1,1,3,0.529,13.14490009099245,stream
M1-01488,2026-09-01 06:12:00,20260901,6,1,5,1,2,0.482,16.159800114110112,stream
M2-01489,2026-09-01 06:12:15,20260901,6,2,3,1,4,0.769,15.460100024938583,stream
M1-01490,2026-09-01 06:12:30,20260901,6,1,3,1,3,0.859,14.391599921509624,stream
M2-01491,2026-09-01 06:12:45,20260901,6,2,4,1,5,0.934,14.39659995958209,stream
M1-01492,2026-09-01 06:13:00,20260901,6,1,5,1,4,0.313,15.715999994426966,stream
M2-01493,2026-09-01 06:13:15,20260901,6,2,1,1,2,0.571,11.889400193467736,stream
M1-01494,2026-09-01 06:13:30,20260901,6,1,2,1,4,0.714,11.19230012409389,stream
M2-01495,2026-09-01 06:13:45,20260901,6,2,2,1,1,0.282,11.298199882730842,stream
M1-01496,2026-09-01 06:14:00,20260901,6,1,4,1,1,0.885,15.783899929374456,stream
M2-01497,2026-09-01 06:14:15,20260901,6,2,1,1,1,0.579,32.370900036767125,stream
M1-01498,2026-09-01 06:14:30,20260901,6,1,4,1,1,0.597,31.742400024086237,stream
M2-01499,2026-09-01 06:14:45,20260901,6,2,6,1,3,0.696,13.851499883458018,stream
M1-01500,2026-09-01 06:15:00,20260901,6,1,4,1,1,0.535,23.905500071123242,stream
M2-01501,2026-09-01 06:15:15,20260901,6,2,3,1,2,0.78,14.569400111213326,stream
M1-01502,2026-09-01 06:15:30,20260901,6,1,3,1,3,0.526,14.143400127068162,stream
M2-01503,2026-09-01 06:15:45,20260901,6,2,3,1,4,0.834,17.291999887675047,stream
M1-01504,2026-09-01 06:16:00,20260901,6,1,4,1,3,0.757,30.85549990646541,stream
M2-01505,2026-09-01 06:16:15,20260901,6,2,6,1,5,0.639,27.641599997878075,stream
M1-01506,2026-09-01 06:16:30,20260901,6,1,3,1,3,0.912,23.72639998793602,stream
M2-01507,2026-09-01 06:16:45,20260901,6,2,7,0,0,,15.502699883654714,stream
M1-01508,2026-09-01 06:17:00,20260901,6,1,3,1,5,0.882,12.869700090959668,stream
M2-01509,2026-09-01 06:17:15,20260901,6,2,1,1,5,0.352,13.23199993930757,stream
M1-01510,2026-09-01 06:17:30,20260901,6,1,5,1,3,0.359,13.445799937471747,stream
M2-01511,2026-09-01 06:17:45,20260901,6,2,1,1,2,0.569,12.511600041761994,stream
M1-01512,2026-09-01 06:18:00,20260901,6,1,3,1,3,0.526,10.809500003233552,stream
M2-01513,2026-09-01 06:18:15,20260901,6,2,2,1,11,0.744,10.966799920424819,stream
M1-01514,2026-09-01 06:18:30,20260901,6,1,4,1,1,0.535,11.37279998511076,stream
M2-01515,2026-09-01 06:18:45,20260901,6,2,4,1,5,0.523,11.917199939489365,stream
M1-01516,2026-09-01 06:19:00,20260901,6,1,3,1,4,0.834,11.52049982920289,stream
M2-01517,2026-09-01 06:19:15,20260901,6,2,6,1,3,0.696,12.395499972626567,stream
M1-01518,2026-09-01 06:19:30,20260901,6,1,6,1,7,0.59,12.889399891719222,stream
M2-01519,2026-09-01 06:19:45,20260901,6,2,6,1,5,0.643,11.636900017037988,stream
M1-01520,2026-09-01 06:20:00,20260901,6,1,4,1,1,0.43,22.47089985758066,stream
M2-01521,2026-09-01 06:20:15,20260901,6,2,6,1,3,0.709,12.119399849325418,stream
M1-01522,2026-09-01 06:20:30,20260901,6,1,1,1,4,0.52,13.366200029850006,stream
M2-01523,2026-09-01 06:20:45,20260901,6,2,7,0,0,,12.825399870052934,stream
M1-01524,2026-09-01 06:21:00,20260901,6,1,4,1,1,0.849,28.39459991082549,stream
M2-01525,2026-09-01 06:21:15,20260901,6,2,4,1,3,0.445,24.250400019809604,stream
M1-01526,2026-09-01 06:21:30,20260901,6,1,5,1,1,0.621,10.76809992082417,stream
M2-01527,2026-09-01 06:21:45,20260901,6,2,2,1,4,0.596,14.507099986076355,stream
M1-01528,2026-09-01 06:22:00,20260901,6,1,5,1,3,0.559,11.039800010621548,stream
M2-01529,2026-09-01 06:22:15,20260901,6,2,3,1,3,0.914,11.528000002726912,stream
M1-01530,2026-09-01 06:22:30,20260901,6,1,3,1,3,0.912,10.419900063425303,stream
M2-01531,2026-09-01 06:22:45,20260901,6,2,1,1,4,0.541,24.40200001001358,stream
M1-01532,2026-09-01 06:23:00,20260901,6,1,4,1,1,0.535,11.573799885809422,stream
M2-01533,2026-09-01 06:23:15,20260901,6,2,5,1,2,0.48,13.177900109440088,stream
M1-01534,2026-09-01 06:23:30,20260901,6,1,5,1,3,0.756,13.706499943509698,stream
M2-01535,2026-09-01 06:23:45,20260901,6,2,2,1,13,0.714,15.370000153779984,stream
M1-01536,2026-09-01 06:24:00,20260901,6,1,1,1,3,0.384,15.061300015076995,stream
M2-01537,2026-09-01 06:24:15,20260901,6,2,1,1,2,0.313,11.897800024598837,stream
M1-01538,2026-09-01 06:24:30,20260901,6,1,5,1,3,0.559,10.565399890765548,stream
M2-01539,2026-09-01 06:24:45,20260901,6,2,3,1,3,0.884,10.097800055518746,stream
M1-01540,2026-09-01 06:25:00,20260901,6,1,4,1,1,0.636,10.908800177276134,stream
M2-01541,2026-09-01 06:25:15,20260901,6,2,1,1,5,0.531,12.048600008711219,stream
M1-01542,2026-09-01 06:25:30,20260901,6,1,1,1,2,0.269,23.499000119045377,stream
M2-01543,2026-09-01 06:25:45,20260901,6,2,2,1,4,0.714,21.76030003465712,stream
M1-01544,2026-09-01 06:26:00,20260901,6,1,7,0,0,,24.515700060874224,stream
M2-01545,2026-09-01 06:26:15,20260901,6,2,6,1,5,0.767,16.898900037631392,stream
M1-01546,2026-09-01 06:26:30,20260901,6,1,5,1,1,0.382,14.830500120297074,stream
M2-01547,2026-09-01 06:26:45,20260901,6,2,5,1,1,0.554,13.231399934738874,stream
M1-01548,2026-09-01 06:27:00,20260901,6,1,1,1,2,0.48,30.932400142773986,stream
M2-01549,2026-09-01 06:27:15,20260901,6,2,3,1,3,0.909,14.240800170227885,stream
M1-01550,2026-09-01 06:27:30,20260901,6,1,1,1,4,0.541,13.252300210297108,stream
M2-01551,2026-09-01 06:27:45,20260901,6,2,3,1,3,0.909,16.40719990245998,stream
M1-01552,2026-09-01 06:28:00,20260901,6,1,4,1,3,0.34,30.896699987351894,stream
M2-01553,2026-09-01 06:28:15,20260901,6,2,2,1,4,0.596,13.958000112324953,stream
M1-01554,2026-09-01 06:28:30,20260901,6,1,6,1,3,0.696,13.376000104472041,stream
M2-01555,2026-09-01 06:28:45,20260901,6,2,3,1,3,0.857,12.58660014718771,stream
M1-01556,2026-09-01 06:29:00,20260901,6,1,4,1,3,0.508,12.543499935418367,stream
M2-01557,2026-09-01 06:29:15,20260901,6,2,6,1,5,0.767,15.04910015501082,stream
M1-01558,2026-09-01 06:29:30,20260901,6,1,2,1,2,0.755,19.304299959912896,stream
M2-01559,2026-09-01 06:29:45,20260901,6,2,6,1,10,0.657,13.834200100973248,stream
M1-01560,2026-09-01 06:30:00,20260901,6,1,2,1,2,0.759,13.061499921604991,stream
M2-01561,2026-09-01 06:30:15,20260901,6,2,4,1,2,0.597,13.249100185930729,stream
M1-01562,2026-09-01 06:30:30,20260901,6,1,3,1,5,0.882,11.253000004217029,stream
M2-01563,2026-09-01 06:30:45,20260901,6,2,5,1,4,0.313,10.579599998891354,stream
M1-01564,2026-09-01 06:31:00,20260901,6,1,1,1,2,0.312,9.964999975636601,stream
M2-01565,2026-09-01 06:31:15,20260901,6,2,2,1,2,0.746,11.723499977961183,stream
M1-01566,2026-09-01 06:31:30,20260901,6,1,2,1,4,0.596,10.736700147390366,stream
M2-01567,2026-09-01 06:31:45,20260901,6,2,2,1,13,0.714,12.100599939003587,stream
M1-01568,2026-09-01 06:32:00,20260901,6,1,5,1,4,0.709,11.335300048813224,stream
M2-01569,2026-09-01 06:32:15,20260901,6,2,6,1,1,0.57,14.113500015810132,stream
M1-01570,2026-09-01 06:32:30,20260901,6,1,1,1,2,0.48,36.27069992944598,stream
M2-01571,2026-09-01 06:32:45,20260901,6,2,5,1,3,0.756,26.976099936291575,stream
M1-01572,2026-09-01 06:33:00,20260901,6,1,1,1,2,0.48,25.714999996125698,stream
M2-01573,2026-09-01 06:33:15,20260901,6,2,5,1,3,0.549,25.65069985575974,stream
M1-01574,2026-09-01 06:33:30,20260901,6,1,7,0,0,,22.03170000575483,stream
M2-01575,2026-09-01 06:33:45,20260901,6,2,6,1,3,0.709,17.825999995693564,stream
M1-01576,2026-09-01 06:34:00,20260901,6,1,6,1,2,0.73,10.982200037688017,stream
M2-01577,2026-09-01 06:34:15,20260901,6,2,4,1,1,0.43,9.47350007481873,stream
M1-01578,2026-09-01 06:34:30,20260901,6,1,2,1,9,0.776,10.81890007480979,stream
M2-01579,2026-09-01 06:34:45,20260901,6,2,3,1,3,0.884,27.489699888974428,stream
M1-01580,2026-09-01 06:35:00,20260901,6,1,7,0,0,,22.7526999078691,stream
M2-01581,2026-09-01 06:35:15,20260901,6,2,1,1,3,0.469,26.16789983585477,stream
M1-01582,2026-09-01 06:35:30,20260901,6,1,1,1,2,0.313,18.922500079497695,stream
M2-01583,2026-09-01 06:35:45,20260901,6,2,5,1,3,0.505,12.113400036469102,stream
M1-01584,2026-09-01 06:36:00,20260901,6,1,2,1,3,0.709,24.093099869787693,stream
M2-01585,2026-09-01 06:36:15,20260901,6,2,3,1,3,0.832,10.454599978402257,stream
M1-01586,2026-09-01 06:36:30,20260901,6,1,2,1,11,0.744,10.231999913230538,stream
M2-01587,2026-09-01 06:36:45,20260901,6,2,3,1,6,0.901,16.079700086265802,stream
M1-01588,2026-09-01 06:37:00,20260901,6,1,3,1,3,0.912,17.091400222852826,stream
M2-01589,2026-09-01 06:37:15,20260901,6,2,6,1,2,0.755,12.895400170236826,stream
M1-01590,2026-09-01 06:37:30,20260901,6,1,3,1,3,0.526,23.41059991158545,stream
M2-01591,2026-09-01 06:37:45,20260901,6,2,3,1,6,0.901,30.806199880316854,stream
M1-01592,2026-09-01 06:38:00,20260901,6,1,5,1,4,0.584,13.437299989163876,stream
M2-01593,2026-09-01 06:38:15,20260901,6,2,4,1,3,0.621,17.330100061371922,stream
M1-01594,2026-09-01 06:38:30,20260901,6,1,2,1,1,0.595,12.118099955841899,stream
M2-01595,2026-09-01 06:38:45,20260901,6,2,3,1,4,0.769,11.651600012555718,stream
M1-01596,2026-09-01 06:39:00,20260901,6,1,5,1,3,0.515,9.121200069785118,stream
M2-01597,2026-09-01 06:39:15,20260901,6,2,2,1,1,0.595,11.607400141656399,stream
M1-01598,2026-09-01 06:39:30,20260901,6,1,1,1,4,0.52,27.041800087317824,stream
M2-01599,2026-09-01 06:39:45,20260901,6,2,6,1,2,0.73,26.301800040528178,stream
M1-01600,2026-09-01 06:40:00,20260901,6,1,7,0,0,,12.091099983081222,stream
M2-01601,2026-09-01 06:40:15,20260901,6,2,2,1,2,0.552,11.746899923309684,stream
M1-01602,2026-09-01 06:40:30,20260901,6,1,6,1,1,0.57,13.084199978038669,stream
M2-01603,2026-09-01 06:40:45,20260901,6,2,5,1,3,0.492,10.583100141957402,stream
M1-01604,2026-09-01 06:41:00,20260901,6,1,1,1,4,0.616,11.860100086778402,stream
M2-01605,2026-09-01 06:41:15,20260901,6,2,3,1,3,0.909,10.57450007647276,stream
M1-01606,2026-09-01 06:41:30,20260901,6,1,7,0,0,,11.182099813595414,stream
M2-01607,2026-09-01 06:41:45,20260901,6,2,2,1,2,0.742,9.442399954423308,stream
M1-01608,2026-09-01 06:42:00,20260901,6,1,6,1,1,0.682,13.396000023931265,stream
M2-01609,2026-09-01 06:42:15,20260901,6,2,4,1,3,0.621,9.743200149387121,stream
M1-01610,2026-09-01 06:42:30,20260901,6,1,6,1,5,0.639,18.20149994455278,stream
M2-01611,2026-09-01 06:42:45,20260901,6,2,3,1,1,0.769,22.864700062200427,stream
M1-01612,2026-09-01 06:43:00,20260901,6,1,4,1,1,0.719,20.715099992230535,stream
M2-01613,2026-09-01 06:43:15,20260901,6,2,5,1,3,0.756,16.988800140097737,stream
M1-01614,2026-09-01 06:43:30,20260901,6,1,2,1,3,0.531,29.672499978914857,stream
M2-01615,2026-09-01 06:43:45,20260901,6,2,3,1,4,0.904,28.659500181674957,stream
M1-01616,2026-09-01 06:44:00,20260901,6,1,6,1,1,0.787,23.636099882423878,stream
M2-01617,2026-09-01 06:44:15,20260901,6,2,2,1,13,0.714,22.747799986973405,stream
M1-01618,2026-09-01 06:44:30,20260901,6,1,5,1,2,0.48,27.949099894613028,stream
M2-01619,2026-09-01 06:44:45,20260901,6,2,5,1,3,0.549,23.732499917969108,stream
M1-01620,2026-09-01 06:45:00,20260901,6,1,1,1,2,0.358,14.283099910244346,stream
M2-01621,2026-09-01 06:45:15,20260901,6,2,5,1,3,0.427,16.05940004810691,stream
M1-01622,2026-09-01 06:45:30,20260901,6,1,1,1,3,0.469,13.087600003927946,stream
M2-01623,2026-09-01 06:45:45,20260901,6,2,5,1,4,0.584,33.206599997356534,stream
M1-01624,2026-09-01 06:46:00,20260901,6,1,3,1,5,0.826,12.223399942740798,stream
M2-01625,2026-09-01 06:46:15,20260901,6,2,1,1,3,0.579,26.503900066018105,stream
M1-01626,2026-09-01 06:46:30,20260901,6,1,1,1,2,0.313,10.820900090038776,stream
M2-01627,2026-09-01 06:46:45,20260901,6,2,1,1,1,0.432,10.897499974817038,stream
M1-01628,2026-09-01 06:47:00,20260901,6,1,4,1,1,0.597,11.611100053414702,stream
M2-01629,2026-09-01 06:47:15,20260901,6,2,6,1,2,0.77,30.735600041225553,stream
M1-01630,2026-09-01 06:47:30,20260901,6,1,4,1,3,0.445,15.027999877929688,stream
M2-01631,2026-09-01 06:47:45,20260901,6,2,5,1,1,0.621,10.863600065931678,stream
M1-01632,2026-09-01 06:48:00,20260901,6,1,4,1,5,0.934,11.396199930459261,stream
M2-01633,2026-09-01 06:48:15,20260901,6,2,3,1,4,0.904,17.436800058931112,stream
M1-01634,2026-09-01 06:48:30,20260901,6,1,4,1,2,0.627,10.520899901166558,stream
M2-01635,2026-09-01 06:48:45,20260901,6,2,5,1,3,0.492,11.500699911266565,stream
M1-01636,2026-09-01 06:49:00,20260901,6,1,4,1,1,0.636,27.281699934974313,stream
M2-01637,2026-09-01 06:49:15,20260901,6,2,6,1,3,0.696,20.865099970251322,stream
M1-01638,2026-09-01 06:49:30,20260901,6,1,2,1,6,0.643,11.378299910575151,stream
M2-01639,2026-09-01 06:49:45,20260901,6,2,2,1,13,0.714,11.896800016984344,stream
M1-01640,2026-09-01 06:50:00,20260901,6,1,3,1,5,0.848,13.647000072523952,stream
M2-01641,2026-09-01 06:50:15,20260901,6,2,1,1,4,0.305,19.815700128674507,stream
M1-01642,2026-09-01 06:50:30,20260901,6,1,2,1,9,0.776,11.113099986687303,stream
M2-01643,2026-09-01 06:50:45,20260901,6,2,2,1,4,0.596,34.47429998777807,stream
M1-01644,2026-09-01 06:51:00,20260901,6,1,1,1,4,0.477,13.674900168552995,stream
M2-01645,2026-09-01 06:51:15,20260901,6,2,3,1,4,0.892,12.576200067996979,stream
M1-01646,2026-09-01 06:51:30,20260901,6,1,6,1,2,0.77,16.743799904361367,stream
M2-01647,2026-09-01 06:51:45,20260901,6,2,2,1,2,0.742,12.690900126472116,stream
M1-01648,2026-09-01 06:52:00,20260901,6,1,1,1,2,0.48,10.6498000677675,stream
M2-01649,2026-09-01 06:52:15,20260901,6,2,4,1,1,0.719,12.514600064605474,stream
M1-01650,2026-09-01 06:52:30,20260901,6,1,6,1,1,0.682,13.465899974107742,stream
M2-01651,2026-09-01 06:52:45,20260901,6,2,1,1,2,0.312,11.949500069022179,stream
M1-01652,2026-09-01 06:53:00,20260901,6,1,6,1,3,0.709,12.834200169891119,stream
M2-01653,2026-09-01 06:53:15,20260901,6,2,3,1,6,0.816,12.005899799987674,stream
M1-01654,2026-09-01 06:53:30,20260901,6,1,4,1,1,0.43,17.992099979892373,stream
M2-01655,2026-09-01 06:53:45,20260901,6,2,1,1,1,0.552,11.107500176876783,stream
M1-01656,2026-09-01 06:54:00,20260901,6,1,6,1,6,0.591,11.507200077176094,stream
M2-01657,2026-09-01 06:54:15,20260901,6,2,2,1,5,0.707,17.63839996419847,stream
M1-01658,2026-09-01 06:54:30,20260901,6,1,4,1,3,0.757,16.291300067678094,stream
M2-01659,2026-09-01 06:54:45,20260901,6,2,1,1,3,0.529,22.826800122857094,stream
M1-01660,2026-09-01 06:55:00,20260901,6,1,4,1,3,0.508,13.079300057142973,stream
M2-01661,2026-09-01 06:55:15,20260901,6,2,1,1,1,0.552,15.283199958503246,stream
M1-01662,2026-09-01 06:55:30,20260901,6,1,4,1,1,0.885,24.24909989349544,stream
M2-01663,2026-09-01 06:55:45,20260901,6,2,4,1,3,0.445,34.20659992843866,stream
M1-01664,2026-09-01 06:56:00,20260901,6,1,6,1,4,0.699,31.080200104042888,stream
M2-01665,2026-09-01 06:56:15,20260901,6,2,6,1,3,0.688,26.099200127646327,stream
M1-01666,2026-09-01 06:56:30,20260901,6,1,3,1,3,0.881,25.640100007876754,stream
M2-01667,2026-09-01 06:56:45,20260901,6,2,6,1,5,0.643,31.509399879723787,stream
M1-01668,2026-09-01 06:57:00,20260901,6,1,3,1,6,0.816,12.271300191059709,stream
M2-01669,2026-09-01 06:57:15,20260901,6,2,5,1,3,0.559,28.85539992712438,stream
M1-01670,2026-09-01 06:57:30,20260901,6,1,4,1,3,0.621,29.56209983676672,stream
M2-01671,2026-09-01 06:57:45,20260901,6,2,4,1,1,0.719,11.504500173032284,stream
M1-01672,2026-09-01 06:58:00,20260901,6,1,2,1,9,0.776,12.39980012178421,stream
M2-01673,2026-09-01 06:58:15,20260901,6,2,1,1,5,0.352,15.46339993365109,stream
M1-01674,2026-09-01 06:58:30,20260901,6,1,4,1,3,0.621,14.536699978634715,stream
M2-01675,2026-09-01 06:58:45,20260901,6,2,3,1,3,0.832,12.148600071668625,stream
M1-01676,2026-09-01 06:59:00,20260901,6,1,2,1,4,0.714,15.827600145712495,stream
M2-01677,2026-09-01 06:59:15,20260901,6,2,4,1,1,0.43,12.88549997843802,stream
M1-01678,2026-09-01 06:59:30,20260901,6,1,1,1,1,0.579,10.483199963346124,stream
M2-01679,2026-09-01 06:59:45,20260901,6,2,4,1,3,0.757,11.434200219810009,stream
M1-01680,2026-09-01 07:00:00,20260901,7,1,1,1,2,0.438,12.478700140491128,stream
M2-01681,2026-09-01 07:00:15,20260901,7,2,2,1,4,0.674,12.453399831429124,stream
M1-01682,2026-09-01 07:00:30,20260901,7,1,1,1,4,0.541,14.504200080409646,stream
M2-01683,2026-09-01 07:00:45,20260901,7,2,3,1,2,0.83,24.048799881711602,stream
M1-01684,2026-09-01 07:01:00,20260901,7,1,1,1,4,0.305,22.660800023004413,stream
M2-01685,2026-09-01 07:01:15,20260901,7,2,2,1,2,0.552,13.862099964171648,stream
M1-01686,2026-09-01 07:01:30,20260901,7,1,4,1,2,0.597,11.70619996264577,stream
M2-01687,2026-09-01 07:01:45,20260901,7,2,6,1,3,0.715,11.223899899050593,stream
M1-01688,2026-09-01 07:02:00,20260901,7,1,7,0,0,,11.830300092697144,stream
M2-01689,2026-09-01 07:02:15,20260901,7,2,6,1,1,0.787,9.830000111833215,stream
M1-01690,2026-09-01 07:02:30,20260901,7,1,1,1,4,0.377,11.684800032526255,stream
M2-01691,2026-09-01 07:02:45,20260901,7,2,3,1,2,0.865,10.11909986846149,stream
M1-01692,2026-09-01 07:03:00,20260901,7,1,4,1,3,0.621,10.462699923664331,stream
M2-01693,2026-09-01 07:03:15,20260901,7,2,5,1,3,0.515,11.834299890324473,stream
M1-01694,2026-09-01 07:03:30,20260901,7,1,6,1,3,0.706,17.116100061684847,stream
M2-01695,2026-09-01 07:03:45,20260901,7,2,5,1,3,0.359,10.125600034371018,stream
M1-01696,2026-09-01 07:04:00,20260901,7,1,5,1,2,0.48,15.033200150355697,stream
M2-01697,2026-09-01 07:04:15,20260901,7,2,1,1,2,0.313,9.985800134018064,stream
M1-01698,2026-09-01 07:04:30,20260901,7,1,1,1,1,0.552,17.510600155219436,stream
M2-01699,2026-09-01 07:04:45,20260901,7,2,5,1,1,0.387,24.797300109639764,stream
M1-01700,2026-09-01 07:05:00,20260901,7,1,4,1,2,0.479,14.762699836865067,stream
M2-01701,2026-09-01 07:05:15,20260901,7,2,3,1,3,0.832,12.171899899840355,stream
M1-01702,2026-09-01 07:05:30,20260901,7,1,1,1,5,0.352,14.11860017105937,stream
M2-01703,2026-09-01 07:05:45,20260901,7,2,6,1,1,0.682,22.8815998416394,stream
M1-01704,2026-09-01 07:06:00,20260901,7,1,5,1,4,0.584,14.229499967768788,stream
M2-01705,2026-09-01 07:06:15,20260901,7,2,1,1,2,0.438,36.02450015023351,stream
M1-01706,2026-09-01 07:06:30,20260901,7,1,1,1,2,0.313,12.89020013064146,stream
M2-01707,2026-09-01 07:06:45,20260901,7,2,3,1,4,0.904,13.742499984800816,stream
M1-01708,2026-09-01 07:07:00,20260901,7,1,4,1,3,0.757,13.335200026631355,stream
M2-01709,2026-09-01 07:07:15,20260901,7,2,1,1,2,0.571,28.259200043976307,stream
M1-01710,2026-09-01 07:07:30,20260901,7,1,5,1,1,0.554,12.994300108402967,stream
M2-01711,2026-09-01 07:07:45,20260901,7,2,1,1,4,0.616,11.211599921807647,stream
M1-01712,2026-09-01 07:08:00,20260901,7,1,2,1,1,0.595,14.895400032401085,stream
M2-01713,2026-09-01 07:08:15,20260901,7,2,5,1,4,0.584,14.898600056767464,stream
M1-01714,2026-09-01 07:08:30,20260901,7,1,6,1,7,0.59,13.455600012093782,stream
M2-01715,2026-09-01 07:08:45,20260901,7,2,3,1,2,0.846,12.853399850428104,stream
M1-01716,2026-09-01 07:09:00,20260901,7,1,1,1,4,0.52,10.793500114232302,stream
M2-01717,2026-09-01 07:09:15,20260901,7,2,1,1,3,0.579,28.792399913072586,stream
M1-01718,2026-09-01 07:09:30,20260901,7,1,4,1,2,0.627,13.602500082924962,stream
M2-01719,2026-09-01 07:09:45,20260901,7,2,3,1,4,0.892,18.082000082358718,stream
M1-01720,2026-09-01 07:10:00,20260901,7,1,2,1,3,0.531,27.97890012152493,stream
M2-01721,2026-09-01 07:10:15,20260901,7,2,5,1,5,0.797,18.6381998937577,stream
M1-01722,2026-09-01 07:10:30,20260901,7,1,6,1,3,0.709,15.598300145938993,stream
M2-01723,2026-09-01 07:10:45,20260901,7,2,2,1,2,0.759,12.585899792611599,stream
M1-01724,2026-09-01 07:11:00,20260901,7,1,2,1,2,0.746,10.8754001557827,stream
M2-01725,2026-09-01 07:11:15,20260901,7,2,2,1,3,0.709,10.642600012943149,stream
M1-01726,2026-09-01 07:11:30,20260901,7,1,2,1,3,0.531,15.340500045567751,stream
M2-01727,2026-09-01 07:11:45,20260901,7,2,6,1,3,0.564,11.80270011536777,stream
M1-01728,2026-09-01 07:12:00,20260901,7,1,6,1,6,0.804,22.312700049951673,stream
M2-01729,2026-09-01 07:12:15,20260901,7,2,3,1,3,0.889,17.27720000781119,stream
M1-01730,2026-09-01 07:12:30,20260901,7,1,6,1,6,0.737,14.845099998638034,stream
M2-01731,2026-09-01 07:12:45,20260901,7,2,3,1,6,0.789,14.37889994122088,stream
M1-01732,2026-09-01 07:13:00,20260901,7,1,1,1,4,0.541,12.794400099664927,stream
M2-01733,2026-09-01 07:13:15,20260901,7,2,5,1,4,0.709,10.547500103712082,stream
M1-01734,2026-09-01 07:13:30,20260901,7,1,6,1,7,0.59,15.415499918162823,stream
M2-01735,2026-09-01 07:13:45,20260901,7,2,6,1,8,0.632,31.393199926242232,stream
M1-01736,2026-09-01 07:14:00,20260901,7,1,4,1,1,0.535,32.79840014874935,stream
M2-01737,2026-09-01 07:14:15,20260901,7,2,1,1,2,0.48,31.820999924093485,stream
M1-01738,2026-09-01 07:14:30,20260901,7,1,2,1,6,0.828,29.309900011867285,stream
M2-01739,2026-09-01 07:14:45,20260901,7,2,3,1,1,0.769,28.710199985653162,stream
M1-01740,2026-09-01 07:15:00,20260901,7,1,6,1,3,0.696,24.54879996366799,stream
M2-01741,2026-09-01 07:15:15,20260901,7,2,3,1,6,0.896,27.711299946531653,stream
M1-01742,2026-09-01 07:15:30,20260901,7,1,3,1,6,0.789,13.56979995034635,stream
M2-01743,2026-09-01 07:15:45,20260901,7,2,2,1,5,0.707,13.5538000613451,stream
M1-01744,2026-09-01 07:16:00,20260901,7,1,3,1,3,0.859,27.484399965032935,stream
M2-01745,2026-09-01 07:16:15,20260901,7,2,4,1,3,0.445,18.42639991082251,stream
M1-01746,2026-09-01 07:16:30,20260901,7,1,2,1,6,0.828,39.012599969282746,stream
M2-01747,2026-09-01 07:16:45,20260901,7,2,2,1,2,0.746,23.936500074341893,stream
M1-01748,2026-09-01 07:17:00,20260901,7,1,4,1,3,0.653,25.70279990322888,stream
M2-01749,2026-09-01 07:17:15,20260901,7,2,4,1,4,0.569,16.104300040751696,stream
M1-01750,2026-09-01 07:17:30,20260901,7,1,4,1,1,0.576,30.46360006555915,stream
M2-01751,2026-09-01 07:17:45,20260901,7,2,5,1,3,0.559,30.1834000274539,stream
M1-01752,2026-09-01 07:18:00,20260901,7,1,2,1,2,0.77,13.688599923625588,stream
M2-01753,2026-09-01 07:18:15,20260901,7,2,4,1,5,0.523,12.580800103023648,stream
M1-01754,2026-09-01 07:18:30,20260901,7,1,5,1,3,0.559,30.18530015833676,stream
M2-01755,2026-09-01 07:18:45,20260901,7,2,1,1,4,0.377,28.44240004196763,stream
M1-01756,2026-09-01 07:19:00,20260901,7,1,2,1,2,0.746,27.459299890324473,stream
M2-01757,2026-09-01 07:19:15,20260901,7,2,7,0,0,,11.318200035020709,stream
M1-01758,2026-09-01 07:19:30,20260901,7,1,1,1,5,0.531,40.228000143542886,stream
M2-01759,2026-09-01 07:19:45,20260901,7,2,6,1,7,0.775,29.714100062847137,stream
M1-01760,2026-09-01 07:20:00,20260901,7,1,4,1,1,0.43,24.570100009441376,stream
M2-01761,2026-09-01 07:20:15,20260901,7,2,2,1,3,0.709,29.09580012783408,stream
M1-01762,2026-09-01 07:20:30,20260901,7,1,2,1,3,0.64,25.379099883139133,stream
M2-01763,2026-09-01 07:20:45,20260901,7,2,1,1,4,0.477,33.66090008057654,stream
M1-01764,2026-09-01 07:21:00,20260901,7,1,1,1,4,0.541,13.408200116828084,stream
M2-01765,2026-09-01 07:21:15,20260901,7,2,3,1,2,0.865,13.75720021314919,stream
M1-01766,2026-09-01 07:21:30,20260901,7,1,5,1,4,0.313,31.24559996649623,stream
M2-01767,2026-09-01 07:21:45,20260901,7,2,1,1,3,0.579,14.799899887293577,stream
M1-01768,2026-09-01 07:22:00,20260901,7,1,1,1,4,0.52,14.251699903979897,stream
M2-01769,2026-09-01 07:22:15,20260901,7,2,1,1,1,0.37,26.545200031250715,stream
M1-01770,2026-09-01 07:22:30,20260901,7,1,7,0,0,,21.72159985639155,stream
M2-01771,2026-09-01 07:22:45,20260901,7,2,5,1,2,0.482,30.91800003312528,stream
M1-01772,2026-09-01 07:23:00,20260901,7,1,6,1,5,0.639,23.19290000014007,stream
M2-01773,2026-09-01 07:23:15,20260901,7,2,2,1,2,0.759,13.692800188437104,stream
M1-01774,2026-09-01 07:23:30,20260901,7,1,2,1,1,0.595,12.628600001335144,stream
M2-01775,2026-09-01 07:23:45,20260901,7,2,6,1,5,0.643,17.189100151881576,stream
M1-01776,2026-09-01 07:24:00,20260901,7,1,4,1,1,0.584,11.63810002617538,stream
M2-01777,2026-09-01 07:24:15,20260901,7,2,1,1,4,0.541,29.241699958220124,stream
M1-01778,2026-09-01 07:24:30,20260901,7,1,4,1,3,0.653,13.147599995136261,stream
M2-01779,2026-09-01 07:24:45,20260901,7,2,3,1,4,0.834,24.00039997883141,stream
M1-01780,2026-09-01 07:25:00,20260901,7,1,5,1,1,0.621,32.97719988040626,stream
M2-01781,2026-09-01 07:25:15,20260901,7,2,6,1,7,0.775,30.111100059002638,stream
M1-01782,2026-09-01 07:25:30,20260901,7,1,3,1,4,0.904,23.462400073185563,stream
M2-01783,2026-09-01 07:25:45,20260901,7,2,3,1,1,0.868,29.905500123277307,stream
M1-01784,2026-09-01 07:26:00,20260901,7,1,2,1,2,0.77,23.28060008585453,stream
M2-01785,2026-09-01 07:26:15,20260901,7,2,4,1,1,0.576,14.155299868434668,stream
M1-01786,2026-09-01 07:26:30,20260901,7,1,5,1,4,0.313,41.78590001538396,stream
M2-01787,2026-09-01 07:26:45,20260901,7,2,2,1,2,0.6,38.395100040361285,stream
M1-01788,2026-09-01 07:27:00,20260901,7,1,5,1,1,0.501,15.289000002667308,stream
M2-01789,2026-09-01 07:27:15,20260901,7,2,4,1,2,0.479,13.148700119927526,stream
M1-01790,2026-09-01 07:27:30,20260901,7,1,7,0,0,,25.653399992734194,stream
M2-01791,2026-09-01 07:27:45,20260901,7,2,2,1,5,0.715,30.328999971970916,stream
M1-01792,2026-09-01 07:28:00,20260901,7,1,4,1,3,0.508,14.246100094169378,stream
M2-01793,2026-09-01 07:28:15,20260901,7,2,5,1,3,0.559,23.033100180327892,stream
M1-01794,2026-09-01 07:28:30,20260901,7,1,6,1,1,0.67,24.403899908065796,stream
M2-01795,2026-09-01 07:28:45,20260901,7,2,3,1,2,0.83,31.655500177294016,stream
M1-01796,2026-09-01 07:29:00,20260901,7,1,1,1,2,0.438,24.246799992397428,stream
M2-01797,2026-09-01 07:29:15,20260901,7,2,4,1,2,0.902,26.13270003348589,stream
M1-01798,2026-09-01 07:29:30,20260901,7,1,3,1,4,0.834,12.804899830371141,stream
M2-01799,2026-09-01 07:29:45,20260901,7,2,3,1,3,0.889,16.210900153964758,stream
M1-01800,2026-09-01 07:30:00,20260901,7,1,5,1,1,0.554,12.439699843525887,stream
M2-01801,2026-09-01 07:30:15,20260901,7,2,4,1,1,0.584,11.668200138956308,stream
M1-01802,2026-09-01 07:30:30,20260901,7,1,2,1,6,0.828,18.54389999061823,stream
M2-01803,2026-09-01 07:30:45,20260901,7,2,4,1,1,0.535,12.72989995777607,stream
M1-01804,2026-09-01 07:31:00,20260901,7,1,3,1,1,0.769,16.773399896919727,stream
M2-01805,2026-09-01 07:31:15,20260901,7,2,6,1,1,0.682,19.14840005338192,stream
M1-01806,2026-09-01 07:31:30,20260901,7,1,5,1,4,0.709,11.843200074508786,stream
M2-01807,2026-09-01 07:31:45,20260901,7,2,4,1,1,0.535,11.484300019219518,stream
M1-01808,2026-09-01 07:32:00,20260901,7,1,5,1,3,0.509,12.501999968662858,stream
M2-01809,2026-09-01 07:32:15,20260901,7,2,1,1,2,0.269,11.492100078612566,stream
M1-01810,2026-09-01 07:32:30,20260901,7,1,3,1,3,0.526,16.969199990853667,stream
M2-01811,2026-09-01 07:32:45,20260901,7,2,3,1,3,0.857,31.96900011971593,stream
M1-01812,2026-09-01 07:33:00,20260901,7,1,5,1,2,0.534,35.19369987770915,stream
M2-01813,2026-09-01 07:33:15,20260901,7,2,4,1,4,0.892,18.22520000860095,stream
M1-01814,2026-09-01 07:33:30,20260901,7,1,5,1,1,0.382,24.10089992918074,stream
M2-01815,2026-09-01 07:33:45,20260901,7,2,1,1,4,0.305,21.828300086781383,stream
M1-01816,2026-09-01 07:34:00,20260901,7,1,6,1,4,0.699,33.15270016901195,stream
M2-01817,2026-09-01 07:34:15,20260901,7,2,6,1,5,0.639,20.80029994249344,stream
M1-01818,2026-09-01 07:34:30,20260901,7,1,5,1,2,0.48,30.171499820426106,stream
M2-01819,2026-09-01 07:34:45,20260901,7,2,3,1,3,0.859,26.45509992726147,stream
M1-01820,2026-09-01 07:35:00,20260901,7,1,3,1,3,0.857,25.405599968507886,stream
M2-01821,2026-09-01 07:35:15,20260901,7,2,1,1,3,0.384,16.17620000615716,stream
M1-01822,2026-09-01 07:35:30,20260901,7,1,6,1,5,0.639,17.00620003975928,stream
M2-01823,2026-09-01 07:35:45,20260901,7,2,3,1,2,0.865,24.977099848911166,stream
M1-01824,2026-09-01 07:36:00,20260901,7,1,4,1,3,0.34,14.08430002629757,stream
M2-01825,2026-09-01 07:36:15,20260901,7,2,6,1,7,0.59,26.129300007596612,stream
M1-01826,2026-09-01 07:36:30,20260901,7,1,1,1,3,0.359,12.443199986591935,stream
M2-01827,2026-09-01 07:36:45,20260901,7,2,5,1,1,0.501,11.509499978274107,stream
M1-01828,2026-09-01 07:37:00,20260901,7,1,1,1,1,0.37,12.329100165516138,stream
M2-01829,2026-09-01 07:37:15,20260901,7,2,2,1,2,0.755,11.680900119245052,stream
M1-01830,2026-09-01 07:37:30,20260901,7,1,4,1,3,0.34,12.228300096467137,stream
M2-01831,2026-09-01 07:37:45,20260901,7,2,1,1,4,0.541,11.81839988566935,stream
M1-01832,2026-09-01 07:38:00,20260901,7,1,4,1,3,0.653,21.360799903050065,stream
M2-01833,2026-09-01 07:38:15,20260901,7,2,4,1,3,0.34,23.77530001103878,stream
M1-01834,2026-09-01 07:38:30,20260901,7,1,4,1,2,0.902,12.240699958056211,stream
M2-01835,2026-09-01 07:38:45,20260901,7,2,1,1,1,0.432,23.80380011163652,stream
M1-01836,2026-09-01 07:39:00,20260901,7,1,4,1,1,0.719,21.55139995738864,stream
M2-01837,2026-09-01 07:39:15,20260901,7,2,6,1,4,0.699,13.158899964764714,stream
M1-01838,2026-09-01 07:39:30,20260901,7,1,4,1,4,0.569,13.093499932438135,stream
M2-01839,2026-09-01 07:39:45,20260901,7,2,2,1,2,0.746,15.373499831184745,stream
M1-01840,2026-09-01 07:40:00,20260901,7,1,2,1,5,0.707,16.496199881657958,stream
M2-01841,2026-09-01 07:40:15,20260901,7,2,3,1,5,0.826,15.671500004827976,stream
M1-01842,2026-09-01 07:40:30,20260901,7,1,5,1,2,0.48,12.936499901115894,stream
M2-01843,2026-09-01 07:40:45,20260901,7,2,4,1,1,0.719,14.103200053796172,stream
M1-01844,2026-09-01 07:41:00,20260901,7,1,2,1,3,0.531,16.8117000721395,stream
M2-01845,2026-09-01 07:41:15,20260901,7,2,6,1,7,0.642,14.688999857753515,stream
M1-01846,2026-09-01 07:41:30,20260901,7,1,3,1,6,0.896,13.728199992328882,stream
M2-01847,2026-09-01 07:41:45,20260901,7,2,5,1,3,0.597,13.081999961286783,stream
M1-01848,2026-09-01 07:42:00,20260901,7,1,7,0,0,,9.514100151136518,stream
M2-01849,2026-09-01 07:42:15,20260901,7,2,4,1,2,0.401,15.517600113525987,stream
M1-01850,2026-09-01 07:42:30,20260901,7,1,3,1,3,0.884,10.037099942564964,stream
M2-01851,2026-09-01 07:42:45,20260901,7,2,2,1,2,0.755,12.706399895250797,stream
M1-01852,2026-09-01 07:43:00,20260901,7,1,6,1,7,0.59,27.08679996430874,stream
M2-01853,2026-09-01 07:43:15,20260901,7,2,4,1,3,0.757,24.166000075638294,stream
M1-01854,2026-09-01 07:43:30,20260901,7,1,5,1,2,0.48,26.05860005132854,stream
M2-01855,2026-09-01 07:43:45,20260901,7,2,6,1,2,0.73,23.918999824672937,stream
M1-01856,2026-09-01 07:44:00,20260901,7,1,5,1,4,0.584,30.87090002372861,stream
M2-01857,2026-09-01 07:44:15,20260901,7,2,1,1,1,0.552,31.255500158295035,stream
M1-01858,2026-09-01 07:44:30,20260901,7,1,2,1,3,0.829,18.506000051274896,stream
M2-01859,2026-09-01 07:44:45,20260901,7,2,3,1,3,0.881,18.01060000434518,stream
M1-01860,2026-09-01 07:45:00,20260901,7,1,2,1,2,0.552,25.812500156462193,stream
M2-01861,2026-09-01 07:45:15,20260901,7,2,7,0,0,,14.708499889820814,stream
M1-01862,2026-09-01 07:45:30,20260901,7,1,3,1,3,0.912,15.179799869656563,stream
M2-01863,2026-09-01 07:45:45,20260901,7,2,3,1,4,0.899,26.204499881714582,stream
M1-01864,2026-09-01 07:46:00,20260901,7,1,4,1,1,0.584,17.9492998868227,stream
M2-01865,2026-09-01 07:46:15,20260901,7,2,6,1,3,0.696,19.026400055736303,stream
M1-01866,2026-09-01 07:46:30,20260901,7,1,1,1,3,0.384,13.127600075677037,stream
M2-01867,2026-09-01 07:46:45,20260901,7,2,3,1,3,0.861,14.639500062912703,stream
M1-01868,2026-09-01 07:47:00,20260901,7,1,5,1,3,0.515,10.488699888810515,stream
M2-01869,2026-09-01 07:47:15,20260901,7,2,4,1,2,0.902,13.608499895781279,stream
M1-01870,2026-09-01 07:47:30,20260901,7,1,1,1,4,0.616,12.075799982994795,stream
M2-01871,2026-09-01 07:47:45,20260901,7,2,6,1,6,0.804,14.241000171750784,stream
M1-01872,2026-09-01 07:48:00,20260901,7,1,4,1,1,0.719,20.843399921432137,stream
M2-01873,2026-09-01 07:48:15,20260901,7,2,3,1,3,0.851,13.016499811783433,stream
M1-01874,2026-09-01 07:48:30,20260901,7,1,4,1,2,0.627,17.569399904459715,stream
M2-01875,2026-09-01 07:48:45,20260901,7,2,2,1,3,0.717,13.649699976667762,stream
M1-01876,2026-09-01 07:49:00,20260901,7,1,3,1,3,0.884,12.524900026619434,stream
M2-01877,2026-09-01 07:49:15,20260901,7,2,2,1,13,0.714,15.880699967965484,stream
M1-01878,2026-09-01 07:49:30,20260901,7,1,2,1,5,0.715,11.258200043812394,stream
M2-01879,2026-09-01 07:49:45,20260901,7,2,7,0,0,,24.59480008110404,stream
M1-01880,2026-09-01 07:50:00,20260901,7,1,6,1,5,0.639,30.571699840947986,stream
M2-01881,2026-09-01 07:50:15,20260901,7,2,4,1,3,0.757,23.505799937993288,stream
M1-01882,2026-09-01 07:50:30,20260901,7,1,2,1,1,0.282,48.19780006073415,stream
M2-01883,2026-09-01 07:50:45,20260901,7,2,1,1,5,0.352,25.24919994175434,stream
M1-01884,2026-09-01 07:51:00,20260901,7,1,4,1,2,0.902,23.46689999103546,stream
M2-01885,2026-09-01 07:51:15,20260901,7,2,5,1,6,0.667,26.680600130930543,stream
M1-01886,2026-09-01 07:51:30,20260901,7,1,4,1,1,0.535,34.78569979779422,stream
M2-01887,2026-09-01 07:51:45,20260901,7,2,4,1,4,0.569,23.32820021547377,stream
M1-01888,2026-09-01 07:52:00,20260901,7,1,1,1,3,0.529,26.790499920025468,stream
M2-01889,2026-09-01 07:52:15,20260901,7,2,6,1,1,0.57,62.95230006799102,stream
M1-01890,2026-09-01 07:52:30,20260901,7,1,6,1,6,0.804,25.82890004850924,stream
M2-01891,2026-09-01 07:52:45,20260901,7,2,1,1,3,0.529,29.241599841043353,stream
M1-01892,2026-09-01 07:53:00,20260901,7,1,4,1,2,0.427,32.195899868384004,stream
M2-01893,2026-09-01 07:53:15,20260901,7,2,5,1,3,0.427,27.913699857890606,stream
M1-01894,2026-09-01 07:53:30,20260901,7,1,5,1,3,0.515,40.60909990221262,stream
M2-01895,2026-09-01 07:53:45,20260901,7,2,2,1,2,0.77,36.118999822065234,stream
M1-01896,2026-09-01 07:54:00,20260901,7,1,2,1,5,0.707,27.907100040465593,stream
M2-01897,2026-09-01 07:54:15,20260901,7,2,2,1,1,0.595,24.052200140431523,stream
M1-01898,2026-09-01 07:54:30,20260901,7,1,2,1,3,0.717,14.635900035500526,stream
M2-01899,2026-09-01 07:54:45,20260901,7,2,2,1,1,0.282,12.491900008171797,stream
M1-01900,2026-09-01 07:55:00,20260901,7,1,2,1,2,0.83,16.719199949875474,stream
M2-01901,2026-09-01 07:55:15,20260901,7,2,1,1,5,0.352,35.31229984946549,stream
M1-01902,2026-09-01 07:55:30,20260901,7,1,5,1,2,0.534,22.953799925744534,stream
M2-01903,2026-09-01 07:55:45,20260901,7,2,2,1,13,0.714,12.544200057163835,stream
M1-01904,2026-09-01 07:56:00,20260901,7,1,5,1,3,0.359,17.68129994161427,stream
M2-01905,2026-09-01 07:56:15,20260901,7,2,4,1,3,0.757,13.612600043416023,stream
M1-01906,2026-09-01 07:56:30,20260901,7,1,6,1,6,0.737,14.024300035089254,stream
M2-01907,2026-09-01 07:56:45,20260901,7,2,3,1,2,0.846,10.691900039091706,stream
M1-01908,2026-09-01 07:57:00,20260901,7,1,3,1,4,0.904,13.247499940916896,stream
M2-01909,2026-09-01 07:57:15,20260901,7,2,6,1,7,0.775,14.188000001013279,stream
M1-01910,2026-09-01 07:57:30,20260901,7,1,2,1,6,0.643,14.409700175747275,stream
M2-01911,2026-09-01 07:57:45,20260901,7,2,4,1,3,0.508,17.880799947306514,stream
M1-01912,2026-09-01 07:58:00,20260901,7,1,3,1,3,0.832,12.593100080266595,stream
M2-01913,2026-09-01 07:58:15,20260901,7,2,2,1,3,0.531,12.658100109547377,stream
M1-01914,2026-09-01 07:58:30,20260901,7,1,3,1,5,0.826,13.79240001551807,stream
M2-01915,2026-09-01 07:58:45,20260901,7,2,6,1,7,0.59,18.608700018376112,stream
M1-01916,2026-09-01 07:59:00,20260901,7,1,5,1,3,0.597,14.445400098338723,stream
M2-01917,2026-09-01 07:59:15,20260901,7,2,3,1,6,0.789,13.51980003528297,stream
M1-01918,2026-09-01 07:59:30,20260901,7,1,5,1,1,0.501,33.54449989274144,stream
M2-01919,2026-09-01 07:59:45,20260901,7,2,6,1,3,0.706,26.013800175860524,stream
M1-01920,2026-09-01 08:00:00,20260901,8,1,2,1,2,0.759,14.66840016655624,stream
M2-01921,2026-09-01 08:00:15,20260901,8,2,4,1,2,0.627,14.881000155583024,stream
M1-01922,2026-09-01 08:00:30,20260901,8,1,5,1,3,0.549,13.052500085905194,stream
M2-01923,2026-09-01 08:00:45,20260901,8,2,3,1,5,0.882,16.244699945673347,stream
M1-01924,2026-09-01 08:01:00,20260901,8,1,3,1,3,0.859,14.118999941274524,stream
M2-01925,2026-09-01 08:01:15,20260901,8,2,4,1,2,0.627,13.992900028824806,stream
M1-01926,2026-09-01 08:01:30,20260901,8,1,3,1,3,0.884,13.146799989044666,stream
M2-01927,2026-09-01 08:01:45,20260901,8,2,4,1,1,0.43,29.10030004568398,stream
M1-01928,2026-09-01 08:02:00,20260901,8,1,5,1,1,0.554,12.19639996998012,stream
M2-01929,2026-09-01 08:02:15,20260901,8,2,5,1,4,0.313,11.682900134474039,stream
M1-01930,2026-09-01 08:02:30,20260901,8,1,3,1,5,0.882,11.314300121739507,stream
M2-01931,2026-09-01 08:02:45,20260901,8,2,4,1,3,0.508,10.897499974817038,stream
M1-01932,2026-09-01 08:03:00,20260901,8,1,4,1,3,0.508,21.45819994620979,stream
M2-01933,2026-09-01 08:03:15,20260901,8,2,1,1,2,0.571,27.939500054344535,stream
M1-01934,2026-09-01 08:03:30,20260901,8,1,6,1,6,0.804,32.210899982601404,stream
M2-01935,2026-09-01 08:03:45,20260901,8,2,2,1,1,0.595,38.094500079751015,stream
M1-01936,2026-09-01 08:04:00,20260901,8,1,2,1,2,0.759,22.840699879452586,stream
M2-01937,2026-09-01 08:04:15,20260901,8,2,1,1,5,0.531,11.747899930924177,stream
M1-01938,2026-09-01 08:04:30,20260901,8,1,7,0,0,,14.54950007610023,stream
M2-01939,2026-09-01 08:04:45,20260901,8,2,6,1,10,0.657,41.677100118249655,stream
M1-01940,2026-09-01 08:05:00,20260901,8,1,6,1,3,0.696,12.32969993725419,stream
M2-01941,2026-09-01 08:05:15,20260901,8,2,5,1,4,0.584,15.559700084850192,stream
M1-01942,2026-09-01 08:05:30,20260901,8,1,1,1,3,0.359,12.832500040531158,stream
M2-01943,2026-09-01 08:05:45,20260901,8,2,6,1,3,0.709,10.81689982675016,stream
M1-01944,2026-09-01 08:06:00,20260901,8,1,6,1,1,0.682,11.540599865838885,stream
M2-01945,2026-09-01 08:06:15,20260901,8,2,6,1,3,0.709,16.363099915906787,stream
M1-01946,2026-09-01 08:06:30,20260901,8,1,2,1,7,0.806,16.347800148651004,stream
M2-01947,2026-09-01 08:06:45,20260901,8,2,6,1,10,0.657,25.718200020492077,stream
M1-01948,2026-09-01 08:07:00,20260901,8,1,6,1,1,0.57,13.93180014565587,stream
M2-01949,2026-09-01 08:07:15,20260901,8,2,6,1,4,0.699,29.157200129702687,stream
M1-01950,2026-09-01 08:07:30,20260901,8,1,5,1,3,0.492,21.776099922135472,stream
M2-01951,2026-09-01 08:07:45,20260901,8,2,7,0,0,,22.21799991093576,stream
M1-01952,2026-09-01 08:08:00,20260901,8,1,3,1,3,0.851,24.878300027921796,stream
M2-01953,2026-09-01 08:08:15,20260901,8,2,7,0,0,,13.820799998939037,stream
M1-01954,2026-09-01 08:08:30,20260901,8,1,6,1,3,0.715,23.364600026980042,stream
M2-01955,2026-09-01 08:08:45,20260901,8,2,2,1,5,0.707,18.831299850717187,stream
M1-01956,2026-09-01 08:09:00,20260901,8,1,4,1,2,0.627,12.180899968370795,stream
M2-01957,2026-09-01 08:09:15,20260901,8,2,1,1,3,0.469,11.8881999514997,stream
M1-01958,2026-09-01 08:09:30,20260901,8,1,1,1,4,0.52,13.588399859145284,stream
M2-01959,2026-09-01 08:09:45,20260901,8,2,1,1,2,0.569,13.027099892497063,stream
M1-01960,2026-09-01 08:10:00,20260901,8,1,1,1,1,0.506,24.08650005236268,stream
M2-01961,2026-09-01 08:10:15,20260901,8,2,4,1,1,0.636,12.175299925729632,stream
M1-01962,2026-09-01 08:10:30,20260901,8,1,5,1,4,0.709,24.034500122070312,stream
M2-01963,2026-09-01 08:10:45,20260901,8,2,3,1,5,0.848,32.37640019506216,stream
M1-01964,2026-09-01 08:11:00,20260901,8,1,1,1,3,0.359,12.129500042647123,stream
M2-01965,2026-09-01 08:11:15,20260901,8,2,6,1,8,0.632,12.5772999599576,stream
M1-01966,2026-09-01 08:11:30,20260901,8,1,4,1,5,0.934,27.20970008522272,stream
M2-01967,2026-09-01 08:11:45,20260901,8,2,4,1,2,0.401,26.484600035473704,stream
M1-01968,2026-09-01 08:12:00,20260901,8,1,7,0,0,,27.115499833598733,stream
M2-01969,2026-09-01 08:12:15,20260901,8,2,6,1,3,0.709,15.932299895212054,stream
M1-01970,2026-09-01 08:12:30,20260901,8,1,3,1,3,0.526,15.397100010886788,stream
M2-01971,2026-09-01 08:12:45,20260901,8,2,6,1,2,0.662,25.8780000731349,stream
M1-01972,2026-09-01 08:13:00,20260901,8,1,5,1,3,0.688,30.94790014438331,stream
M2-01973,2026-09-01 08:13:15,20260901,8,2,2,1,2,0.83,15.169900143519044,stream
M1-01974,2026-09-01 08:13:30,20260901,8,1,2,1,3,0.531,17.667599953711033,stream
M2-01975,2026-09-01 08:13:45,20260901,8,2,5,1,3,0.505,30.6381001137197,stream
M1-01976,2026-09-01 08:14:00,20260901,8,1,5,1,3,0.515,25.12919995933771,stream
M2-01977,2026-09-01 08:14:15,20260901,8,2,1,1,3,0.529,12.921000132337213,stream
M1-01978,2026-09-01 08:14:30,20260901,8,1,5,1,4,0.313,16.816899878904223,stream
M2-01979,2026-09-01 08:14:45,20260901,8,2,2,1,5,0.707,15.806499868631363,stream
M1-01980,2026-09-01 08:15:00,20260901,8,1,1,1,4,0.541,25.150900008156896,stream
M2-01981,2026-09-01 08:15:15,20260901,8,2,6,1,1,0.57,13.481799978762865,stream
M1-01982,2026-09-01 08:15:30,20260901,8,1,2,1,1,0.282,14.502699952572584,stream
M2-01983,2026-09-01 08:15:45,20260901,8,2,5,1,4,0.584,12.164699845016003,stream
M1-01984,2026-09-01 08:16:00,20260901,8,1,4,1,3,0.508,14.64819977991283,stream
M2-01985,2026-09-01 08:16:15,20260901,8,2,6,1,2,0.77,15.967000043019652,stream
M1-01986,2026-09-01 08:16:30,20260901,8,1,6,1,3,0.553,13.388700084760785,stream
M2-01987,2026-09-01 08:16:45,20260901,8,2,2,1,3,0.717,26.66139998473227,stream
M1-01988,2026-09-01 08:17:00,20260901,8,1,4,1,1,0.885,12.549699982628226,stream
M2-01989,2026-09-01 08:17:15,20260901,8,2,6,1,7,0.775,11.953999986872077,stream
M1-01990,2026-09-01 08:17:30,20260901,8,1,4,1,2,0.597,14.211100060492754,stream
M2-01991,2026-09-01 08:17:45,20260901,8,2,3,1,3,0.832,12.241800082847476,stream
M1-01992,2026-09-01 08:18:00,20260901,8,1,1,1,4,0.305,12.81399978324771,stream
M2-01993,2026-09-01 08:18:15,20260901,8,2,6,1,7,0.608,13.800000073388219,stream
M1-01994,2026-09-01 08:18:30,20260901,8,1,2,1,13,0.714,13.965300051495433,stream
M2-01995,2026-09-01 08:18:45,20260901,8,2,4,1,1,0.43,11.797800194472075,stream
M1-01996,2026-09-01 08:19:00,20260901,8,1,2,1,5,0.707,12.210900196805596,stream
M2-01997,2026-09-01 08:19:15,20260901,8,2,4,1,1,0.885,11.4054000005126,stream
M1-01998,2026-09-01 08:19:30,20260901,8,1,5,1,3,0.559,14.242999954149127,stream
M2-01999,2026-09-01 08:19:45,20260901,8,2,1,1,1,0.552,11.251499876379967,stream
M1-02000,2026-09-01 08:20:00,20260901,8,1,4,1,2,0.627,12.764899991452694,stream
M2-02001,2026-09-01 08:20:15,20260901,8,2,1,1,4,0.644,14.350400073453784,stream
M1-02002,2026-09-01 08:20:30,20260901,8,1,6,1,1,0.57,13.159600086510181,stream
M2-02003,2026-09-01 08:20:45,20260901,8,2,6,1,7,0.608,12.26289989426732,stream
M1-02004,2026-09-01 08:21:00,20260901,8,1,4,1,2,0.597,11.174999875947833,stream
M2-02005,2026-09-01 08:21:15,20260901,8,2,3,1,4,0.904,12.0943000074476,stream
M1-02006,2026-09-01 08:21:30,20260901,8,1,2,1,3,0.749,16.475799959152937,stream
M2-02007,2026-09-01 08:21:45,20260901,8,2,5,1,4,0.641,34.99650000594556,stream
M1-02008,2026-09-01 08:22:00,20260901,8,1,4,1,3,0.621,24.352299980819225,stream
M2-02009,2026-09-01 08:22:15,20260901,8,2,1,1,3,0.384,12.621800182387233,stream
M1-02010,2026-09-01 08:22:30,20260901,8,1,5,1,1,0.303,20.28769999742508,stream
M2-02011,2026-09-01 08:22:45,20260901,8,2,6,1,3,0.688,28.140600072219968,stream
M1-02012,2026-09-01 08:23:00,20260901,8,1,1,1,1,0.432,26.50150004774332,stream
M2-02013,2026-09-01 08:23:15,20260901,8,2,3,1,3,0.851,27.64390013180673,stream
M1-02014,2026-09-01 08:23:30,20260901,8,1,5,1,4,0.641,35.621299874037504,stream
M2-02015,2026-09-01 08:23:45,20260901,8,2,5,1,3,0.582,16.98919991031289,stream
M1-02016,2026-09-01 08:24:00,20260901,8,1,5,1,3,0.515,16.160700004547834,stream
M2-02017,2026-09-01 08:24:15,20260901,8,2,6,1,1,0.682,33.44459994696081,stream
M1-02018,2026-09-01 08:24:30,20260901,8,1,4,1,3,0.34,17.628900008276105,stream
M2-02019,2026-09-01 08:24:45,20260901,8,2,5,1,2,0.48,28.90020003542304,stream
M1-02020,2026-09-01 08:25:00,20260901,8,1,3,1,3,0.832,20.392199978232384,stream
M2-02021,2026-09-01 08:25:15,20260901,8,2,2,1,9,0.776,24.272500071674585,stream
M1-02022,2026-09-01 08:25:30,20260901,8,1,2,1,2,0.83,21.242499817162752,stream
M2-02023,2026-09-01 08:25:45,20260901,8,2,5,1,1,0.382,28.878599870949984,stream
M1-02024,2026-09-01 08:26:00,20260901,8,1,4,1,1,0.576,20.391299854964018,stream
M2-02025,2026-09-01 08:26:15,20260901,8,2,2,1,3,0.531,16.262900084257126,stream
M1-02026,2026-09-01 08:26:30,20260901,8,1,3,1,2,0.888,13.77719989977777,stream
M2-02027,2026-09-01 08:26:45,20260901,8,2,6,1,2,0.77,11.576300021260977,stream
M1-02028,2026-09-01 08:27:00,20260901,8,1,2,1,2,0.755,13.197400141507387,stream
M2-02029,2026-09-01 08:27:15,20260901,8,2,4,1,3,0.621,12.459200108423829,stream
M1-02030,2026-09-01 08:27:30,20260901,8,1,1,1,2,0.269,22.50279998406768,stream
M2-02031,2026-09-01 08:27:45,20260901,8,2,1,1,2,0.269,14.190000016242266,stream
M1-02032,2026-09-01 08:28:00,20260901,8,1,5,1,1,0.303,12.760900193825364,stream
M2-02033,2026-09-01 08:28:15,20260901,8,2,4,1,3,0.34,11.76519994623959,stream
M1-02034,2026-09-01 08:28:30,20260901,8,1,5,1,3,0.559,12.31039990670979,stream
M2-02035,2026-09-01 08:28:45,20260901,8,2,4,1,3,0.508,25.41130012832582,stream
M1-02036,2026-09-01 08:29:00,20260901,8,1,5,1,3,0.549,25.057399878278375,stream
M2-02037,2026-09-01 08:29:15,20260901,8,2,7,0,0,,23.032700177282095,stream
M1-02038,2026-09-01 08:29:30,20260901,8,1,3,1,3,0.832,26.742100017145276,stream
M2-02039,2026-09-01 08:29:45,20260901,8,2,5,1,4,0.709,13.673100154846907,stream
M1-02040,2026-09-01 08:30:00,20260901,8,1,2,1,2,0.83,14.23799991607666,stream
M2-02041,2026-09-01 08:30:15,20260901,8,2,7,0,0,,13.243299908936024,stream
M1-02042,2026-09-01 08:30:30,20260901,8,1,3,1,4,0.899,29.235600028187037,stream
M2-02043,2026-09-01 08:30:45,20260901,8,2,2,1,2,0.755,12.923400150611997,stream
M1-02044,2026-09-01 08:31:00,20260901,8,1,4,1,1,0.636,29.44989991374314,stream
M2-02045,2026-09-01 08:31:15,20260901,8,2,1,1,2,0.438,32.969099935144186,stream
M1-02046,2026-09-01 08:31:30,20260901,8,1,2,1,2,0.77,13.336799805983901,stream
M2-02047,2026-09-01 08:31:45,20260901,8,2,6,1,1,0.67,24.77849996648729,stream
M1-02048,2026-09-01 08:32:00,20260901,8,1,1,1,2,0.358,32.296800054609776,stream
M2-02049,2026-09-01 08:32:15,20260901,8,2,6,1,2,0.662,30.771000077947974,stream
M1-02050,2026-09-01 08:32:30,20260901,8,1,2,1,2,0.77,24.985400028526783,stream
M2-02051,2026-09-01 08:32:45,20260901,8,2,6,1,7,0.608,33.731100149452686,stream
M1-02052,2026-09-01 08:33:00,20260901,8,1,5,1,3,0.505,21.721600089222193,stream
M2-02053,2026-09-01 08:33:15,20260901,8,2,2,1,3,0.829,17.22929999232292,stream
M1-02054,2026-09-01 08:33:30,20260901,8,1,1,1,5,0.531,14.312499901279807,stream
M2-02055,2026-09-01 08:33:45,20260901,8,2,1,1,4,0.616,11.929100146517158,stream
M1-02056,2026-09-01 08:34:00,20260901,8,1,4,1,2,0.597,32.99940004944801,stream
M2-02057,2026-09-01 08:34:15,20260901,8,2,5,1,3,0.549,21.961000049486756,stream
M1-02058,2026-09-01 08:34:30,20260901,8,1,6,1,2,0.755,25.284299859777093,stream
M2-02059,2026-09-01 08:34:45,20260901,8,2,6,1,4,0.699,29.74910009652376,stream
M1-02060,2026-09-01 08:35:00,20260901,8,1,5,1,3,0.582,24.016200099140406,stream
M2-02061,2026-09-01 08:35:15,20260901,8,2,7,0,0,,21.071000024676323,stream
M1-02062,2026-09-01 08:35:30,20260901,8,1,1,1,3,0.359,12.031099991872907,stream
M2-02063,2026-09-01 08:35:45,20260901,8,2,5,1,2,0.48,14.04549996368587,stream
M1-02064,2026-09-01 08:36:00,20260901,8,1,5,1,3,0.505,12.644799891859293,stream
M2-02065,2026-09-01 08:36:15,20260901,8,2,3,1,3,0.884,13.878000201657414,stream
M1-02066,2026-09-01 08:36:30,20260901,8,1,3,1,5,0.826,29.27200007252395,stream
M2-02067,2026-09-01 08:36:45,20260901,8,2,1,1,2,0.438,28.740499867126346,stream
M1-02068,2026-09-01 08:37:00,20260901,8,1,6,1,7,0.775,13.936300063505769,stream
M2-02069,2026-09-01 08:37:15,20260901,8,2,1,1,5,0.531,15.739199938252568,stream
M1-02070,2026-09-01 08:37:30,20260901,8,1,3,1,1,0.769,15.647299820557237,stream
M2-02071,2026-09-01 08:37:45,20260901,8,2,2,1,2,0.83,11.700499802827835,stream
M1-02072,2026-09-01 08:38:00,20260901,8,1,5,1,2,0.389,13.070299988612533,stream
M2-02073,2026-09-01 08:38:15,20260901,8,2,3,1,6,0.816,15.279200160875916,stream
M1-02074,2026-09-01 08:38:30,20260901,8,1,3,1,3,0.857,13.684900011867285,stream
M2-02075,2026-09-01 08:38:45,20260901,8,2,2,1,6,0.828,13.585299951955676,stream
M1-02076,2026-09-01 08:39:00,20260901,8,1,1,1,2,0.569,12.667799834161997,stream
M2-02077,2026-09-01 08:39:15,20260901,8,2,5,1,3,0.359,12.982100015506148,stream
M1-02078,2026-09-01 08:39:30,20260901,8,1,4,1,3,0.445,11.840499937534332,stream
M2-02079,2026-09-01 08:39:45,20260901,8,2,5,1,4,0.313,11.87380007468164,stream
M1-02080,2026-09-01 08:40:00,20260901,8,1,3,1,5,0.826,14.02459992095828,stream
M2-02081,2026-09-01 08:40:15,20260901,8,2,7,0,0,,14.49159998446703,stream
M1-02082,2026-09-01 08:40:30,20260901,8,1,1,1,3,0.529,12.320799985900521,stream
M2-02083,2026-09-01 08:40:45,20260901,8,2,3,1,5,0.882,12.529900064691901,stream
M1-02084,2026-09-01 08:41:00,20260901,8,1,5,1,2,0.482,15.112800057977438,stream
M2-02085,2026-09-01 08:41:15,20260901,8,2,4,1,2,0.427,16.075999941676855,stream
M1-02086,2026-09-01 08:41:30,20260901,8,1,2,1,6,0.828,13.194900006055832,stream
M2-02087,2026-09-01 08:41:45,20260901,8,2,4,1,2,0.401,13.008699985221028,stream
M1-02088,2026-09-01 08:42:00,20260901,8,1,4,1,1,0.584,13.296500081196427,stream
M2-02089,2026-09-01 08:42:15,20260901,8,2,2,1,2,0.759,16.540999989956617,stream
M1-02090,2026-09-01 08:42:30,20260901,8,1,2,1,3,0.749,15.689299907535315,stream
M2-02091,2026-09-01 08:42:45,20260901,8,2,3,1,2,0.846,31.145900022238493,stream
M1-02092,2026-09-01 08:43:00,20260901,8,1,2,1,11,0.744,28.459600172936916,stream
M2-02093,2026-09-01 08:43:15,20260901,8,2,5,1,4,0.709,28.210500022396445,stream
M1-02094,2026-09-01 08:43:30,20260901,8,1,6,1,1,0.67,22.3944999743253,stream
M2-02095,2026-09-01 08:43:45,20260901,8,2,4,1,3,0.757,27.55060000345111,stream
M1-02096,2026-09-01 08:44:00,20260901,8,1,3,1,6,0.896,30.830500181764364,stream
M2-02097,2026-09-01 08:44:15,20260901,8,2,4,1,5,0.523,26.735099963843822,stream
M1-02098,2026-09-01 08:44:30,20260901,8,1,6,1,5,0.639,27.906700037419796,stream
M2-02099,2026-09-01 08:44:45,20260901,8,2,2,1,5,0.715,16.501500038430095,stream
M1-02100,2026-09-01 08:45:00,20260901,8,1,2,1,6,0.643,11.222000000998378,stream
M2-02101,2026-09-01 08:45:15,20260901,8,2,4,1,2,0.479,14.788100030273199,stream
M1-02102,2026-09-01 08:45:30,20260901,8,1,4,1,3,0.445,23.913899902254343,stream
M2-02103,2026-09-01 08:45:45,20260901,8,2,5,1,3,0.597,31.58199996687472,stream
M1-02104,2026-09-01 08:46:00,20260901,8,1,5,1,1,0.554,10.798899922519922,stream
M2-02105,2026-09-01 08:46:15,20260901,8,2,2,1,2,0.83,15.868599992245436,stream
M1-02106,2026-09-01 08:46:30,20260901,8,1,6,1,1,0.787,10.952399810776114,stream
M2-02107,2026-09-01 08:46:45,20260901,8,2,4,1,4,0.892,16.506799962371588,stream
M1-02108,2026-09-01 08:47:00,20260901,8,1,6,1,2,0.73,12.755700154229999,stream
M2-02109,2026-09-01 08:47:15,20260901,8,2,4,1,3,0.757,29.304099967703223,stream
M1-02110,2026-09-01 08:47:30,20260901,8,1,4,1,2,0.902,12.798600131645799,stream
M2-02111,2026-09-01 08:47:45,20260901,8,2,3,1,3,0.914,13.748100027441978,stream
M1-02112,2026-09-01 08:48:00,20260901,8,1,4,1,3,0.757,26.33959986269474,stream
M2-02113,2026-09-01 08:48:15,20260901,8,2,4,1,2,0.479,27.589599834755063,stream
M1-02114,2026-09-01 08:48:30,20260901,8,1,3,1,6,0.896,26.127099990844727,stream
M2-02115,2026-09-01 08:48:45,20260901,8,2,1,1,1,0.432,17.54219993017614,stream
M1-02116,2026-09-01 08:49:00,20260901,8,1,5,1,1,0.303,12.396400095894933,stream
M2-02117,2026-09-01 08:49:15,20260901,8,2,3,1,3,0.861,32.16049983166158,stream
M1-02118,2026-09-01 08:49:30,20260901,8,1,2,1,6,0.643,38.69459987618029,stream
M2-02119,2026-09-01 08:49:45,20260901,8,2,3,1,4,0.769,34.118999959900975,stream
M1-02120,2026-09-01 08:50:00,20260901,8,1,2,1,1,0.595,23.744700010865927,stream
M2-02121,2026-09-01 08:50:15,20260901,8,2,3,1,3,0.884,18.98960000835359,stream
M1-02122,2026-09-01 08:50:30,20260901,8,1,3,1,3,0.889,29.11040000617504,stream
M2-02123,2026-09-01 08:50:45,20260901,8,2,2,1,3,0.548,27.742400066927075,stream
M1-02124,2026-09-01 08:51:00,20260901,8,1,3,1,4,0.892,21.959600038826466,stream
M2-02125,2026-09-01 08:51:15,20260901,8,2,5,1,2,0.389,17.995100002735853,stream
M1-02126,2026-09-01 08:51:30,20260901,8,1,2,1,2,0.83,13.783000176772475,stream
M2-02127,2026-09-01 08:51:45,20260901,8,2,7,0,0,,21.538499975576997,stream
M1-02128,2026-09-01 08:52:00,20260901,8,1,6,1,6,0.804,33.01360015757382,stream
M2-02129,2026-09-01 08:52:15,20260901,8,2,4,1,5,0.523,31.650600023567677,stream
M1-02130,2026-09-01 08:52:30,20260901,8,1,4,1,1,0.43,20.623400108888745,stream
M2-02131,2026-09-01 08:52:45,20260901,8,2,4,1,4,0.569,13.411300024017692,stream
M1-02132,2026-09-01 08:53:00,20260901,8,1,5,1,3,0.492,15.967000043019652,stream
M2-02133,2026-09-01 08:53:15,20260901,8,2,4,1,4,0.569,15.591899864375591,stream
M1-02134,2026-09-01 08:53:30,20260901,8,1,5,1,3,0.559,13.980200048536062,stream
M2-02135,2026-09-01 08:53:45,20260901,8,2,6,1,3,0.688,10.276200016960502,stream
M1-02136,2026-09-01 08:54:00,20260901,8,1,2,1,1,0.867,12.536099879071116,stream
M2-02137,2026-09-01 08:54:15,20260901,8,2,6,1,5,0.643,19.981800112873316,stream
M1-02138,2026-09-01 08:54:30,20260901,8,1,4,1,2,0.479,16.351299826055765,stream
M2-02139,2026-09-01 08:54:45,20260901,8,2,5,1,3,0.597,25.91650001704693,stream
M1-02140,2026-09-01 08:55:00,20260901,8,1,3,1,6,0.816,19.731000065803528,stream
M2-02141,2026-09-01 08:55:15,20260901,8,2,5,1,3,0.688,23.974800016731024,stream
M1-02142,2026-09-01 08:55:30,20260901,8,1,2,1,3,0.749,23.42709992080927,stream
M2-02143,2026-09-01 08:55:45,20260901,8,2,3,1,3,0.909,14.784500002861023,stream
M1-02144,2026-09-01 08:56:00,20260901,8,1,5,1,4,0.584,13.31909978762269,stream
M2-02145,2026-09-01 08:56:15,20260901,8,2,6,1,7,0.775,35.01329990103841,stream
M1-02146,2026-09-01 08:56:30,20260901,8,1,1,1,3,0.579,14.212400186806917,stream
M2-02147,2026-09-01 08:56:45,20260901,8,2,7,0,0,,12.08669994957745,stream
M1-02148,2026-09-01 08:57:00,20260901,8,1,5,1,1,0.554,14.032399980351329,stream
M2-02149,2026-09-01 08:57:15,20260901,8,2,3,1,5,0.848,18.084200099110603,stream
M1-02150,2026-09-01 08:57:30,20260901,8,1,4,1,3,0.34,16.849499894306064,stream
M2-02151,2026-09-01 08:57:45,20260901,8,2,2,1,2,0.83,11.809099931269884,stream
M1-02152,2026-09-01 08:58:00,20260901,8,1,4,1,2,0.902,12.453699950128794,stream
M2-02153,2026-09-01 08:58:15,20260901,8,2,1,1,1,0.37,23.59630004502833,stream
M1-02154,2026-09-01 08:58:30,20260901,8,1,5,1,6,0.667,23.291700053960085,stream
M2-02155,2026-09-01 08:58:45,20260901,8,2,1,1,3,0.384,16.834700014442205,stream
M1-02156,2026-09-01 08:59:00,20260901,8,1,4,1,3,0.508,13.343599857762456,stream
M2-02157,2026-09-01 08:59:15,20260901,8,2,7,0,0,,15.281999949365854,stream
M1-02158,2026-09-01 08:59:30,20260901,8,1,3,1,3,0.832,14.105600072070956,stream
M2-02159,2026-09-01 08:59:45,20260901,8,2,2,1,11,0.744,13.859899947419763,stream
M1-02160,2026-09-01 09:00:00,20260901,9,1,3,1,3,0.912,25.06760018877685,stream
M2-02161,2026-09-01 09:00:15,20260901,9,2,2,1,2,0.552,20.62690001912415,stream
M1-02162,2026-09-01 09:00:30,20260901,9,1,7,0,0,,26.455399813130498,stream
M2-02163,2026-09-01 09:00:45,20260901,9,2,2,1,9,0.776,25.80510010011494,stream
M1-02164,2026-09-01 09:01:00,20260901,9,1,6,1,3,0.709,10.88349986821413,stream
M2-02165,2026-09-01 09:01:15,20260901,9,2,4,1,1,0.576,13.20839999243617,stream
M1-02166,2026-09-01 09:01:30,20260901,9,1,1,1,5,0.352,12.862599920481443,stream
M2-02167,2026-09-01 09:01:45,20260901,9,2,2,1,3,0.749,28.64710008725524,stream
M1-02168,2026-09-01 09:02:00,20260901,9,1,1,1,2,0.48,21.23679989017546,stream
M2-02169,2026-09-01 09:02:15,20260901,9,2,1,1,2,0.569,12.351400218904018,stream
M1-02170,2026-09-01 09:02:30,20260901,9,1,4,1,1,0.584,13.290900038555264,stream
M2-02171,2026-09-01 09:02:45,20260901,9,2,5,1,1,0.501,26.405900018289685,stream
M1-02172,2026-09-01 09:03:00,20260901,9,1,1,1,5,0.531,30.21880006417632,stream
M2-02173,2026-09-01 09:03:15,20260901,9,2,2,1,5,0.715,18.77220021560788,stream
M1-02174,2026-09-01 09:03:30,20260901,9,1,1,1,1,0.506,12.52519991248846,stream
M2-02175,2026-09-01 09:03:45,20260901,9,2,6,1,4,0.699,12.548499973490834,stream
M1-02176,2026-09-01 09:04:00,20260901,9,1,6,1,2,0.77,32.62110007926822,stream
M2-02177,2026-09-01 09:04:15,20260901,9,2,2,1,11,0.744,15.030100010335445,stream
M1-02178,2026-09-01 09:04:30,20260901,9,1,1,1,2,0.313,28.6185999866575,stream
M2-02179,2026-09-01 09:04:45,20260901,9,2,4,1,1,0.849,24.628000101074576,stream
M1-02180,2026-09-01 09:05:00,20260901,9,1,2,1,3,0.829,25.358399841934443,stream
M2-02181,2026-09-01 09:05:15,20260901,9,2,1,1,3,0.579,34.29149999283254,stream
M1-02182,2026-09-01 09:05:30,20260901,9,1,5,1,3,0.756,32.299499958753586,stream
M2-02183,2026-09-01 09:05:45,20260901,9,2,6,1,6,0.737,14.581899857148528,stream
M1-02184,2026-09-01 09:06:00,20260901,9,1,4,1,1,0.702,24.12039996124804,stream
M2-02185,2026-09-01 09:06:15,20260901,9,2,1,1,2,0.269,14.947699848562479,stream
M1-02186,2026-09-01 09:06:30,20260901,9,1,5,1,1,0.387,20.976300118491054,stream
M2-02187,2026-09-01 09:06:45,20260901,9,2,2,1,2,0.552,16.330800019204617,stream
M1-02188,2026-09-01 09:07:00,20260901,9,1,2,1,3,0.749,14.256900176405907,stream
M2-02189,2026-09-01 09:07:15,20260901,9,2,2,1,2,0.83,13.028800021857023,stream
M1-02190,2026-09-01 09:07:30,20260901,9,1,4,1,1,0.702,14.81040008366108,stream
M2-02191,2026-09-01 09:07:45,20260901,9,2,4,1,1,0.584,25.93229990452528,stream
M1-02192,2026-09-01 09:08:00,20260901,9,1,5,1,2,0.48,17.695900052785873,stream
M2-02193,2026-09-01 09:08:15,20260901,9,2,1,1,3,0.579,12.394300196319818,stream
M1-02194,2026-09-01 09:08:30,20260901,9,1,3,1,4,0.834,29.903999995440245,stream
M2-02195,2026-09-01 09:08:45,20260901,9,2,2,1,3,0.717,24.654299952089787,stream
M1-02196,2026-09-01 09:09:00,20260901,9,1,4,1,1,0.584,25.75449994765222,stream
M2-02197,2026-09-01 09:09:15,20260901,9,2,1,1,3,0.384,23.945899913087487,stream
M1-02198,2026-09-01 09:09:30,20260901,9,1,6,1,3,0.715,21.87149995006621,stream
M2-02199,2026-09-01 09:09:45,20260901,9,2,3,1,3,0.851,25.95470007508993,stream
M1-02200,2026-09-01 09:10:00,20260901,9,1,1,1,5,0.352,21.415499970316887,stream
M2-02201,2026-09-01 09:10:15,20260901,9,2,7,0,0,,28.221199987456203,stream
M1-02202,2026-09-01 09:10:30,20260901,9,1,3,1,3,0.884,44.782100012525916,stream
M2-02203,2026-09-01 09:10:45,20260901,9,2,4,1,2,0.401,14.911300037056208,stream
M1-02204,2026-09-01 09:11:00,20260901,9,1,3,1,4,0.892,13.741999864578247,stream
M2-02205,2026-09-01 09:11:15,20260901,9,2,6,1,8,0.632,15.34070004709065,stream
M1-02206,2026-09-01 09:11:30,20260901,9,1,4,1,3,0.621,20.571399945765734,stream
M2-02207,2026-09-01 09:11:45,20260901,9,2,6,1,1,0.57,33.64389995113015,stream
M1-02208,2026-09-01 09:12:00,20260901,9,1,2,1,13,0.714,31.233200104907155,stream
M2-02209,2026-09-01 09:12:15,20260901,9,2,6,1,10,0.657,35.53409990854561,stream
M1-02210,2026-09-01 09:12:30,20260901,9,1,5,1,4,0.584,28.815400088205934,stream
M2-02211,2026-09-01 09:12:45,20260901,9,2,7,0,0,,15.274399891495705,stream
M1-02212,2026-09-01 09:13:00,20260901,9,1,3,1,3,0.526,36.028699949383736,stream
M2-02213,2026-09-01 09:13:15,20260901,9,2,1,1,1,0.432,22.536700125783682,stream
M1-02214,2026-09-01 09:13:30,20260901,9,1,1,1,1,0.432,22.623599972575903,stream
M2-02215,2026-09-01 09:13:45,20260901,9,2,3,1,2,0.78,30.703499913215637,stream
M1-02216,2026-09-01 09:14:00,20260901,9,1,1,1,4,0.541,19.01240018196404,stream
M2-02217,2026-09-01 09:14:15,20260901,9,2,6,1,3,0.706,16.92849979735911,stream
M1-02218,2026-09-01 09:14:30,20260901,9,1,2,1,2,0.755,36.926900036633015,stream
M2-02219,2026-09-01 09:14:45,20260901,9,2,6,1,3,0.688,34.08589982427657,stream
M1-02220,2026-09-01 09:15:00,20260901,9,1,6,1,1,0.67,20.13049996457994,stream
M2-02221,2026-09-01 09:15:15,20260901,9,2,2,1,13,0.714,16.593800159171224,stream
M1-02222,2026-09-01 09:15:30,20260901,9,1,4,1,1,0.584,20.508599933236837,stream
M2-02223,2026-09-01 09:15:45,20260901,9,2,2,1,3,0.717,28.86600000783801,stream
M1-02224,2026-09-01 09:16:00,20260901,9,1,5,1,2,0.482,27.189199812710285,stream
M2-02225,2026-09-01 09:16:15,20260901,9,2,6,1,1,0.67,15.72880009189248,stream
M1-02226,2026-09-01 09:16:30,20260901,9,1,3,1,5,0.848,17.83849997445941,stream
M2-02227,2026-09-01 09:16:45,20260901,9,2,2,1,11,0.744,17.447100020945072,stream
M1-02228,2026-09-01 09:17:00,20260901,9,1,4,1,3,0.653,25.009499862790108,stream
M2-02229,2026-09-01 09:17:15,20260901,9,2,5,1,4,0.313,27.755099814385176,stream
M1-02230,2026-09-01 09:17:30,20260901,9,1,5,1,3,0.597,15.757500194013119,stream
M2-02231,2026-09-01 09:17:45,20260901,9,2,2,1,6,0.643,14.536799862980843,stream
M1-02232,2026-09-01 09:18:00,20260901,9,1,5,1,3,0.505,12.14609993621707,stream
M2-02233,2026-09-01 09:18:15,20260901,9,2,1,1,3,0.359,14.49129986576736,stream
M1-02234,2026-09-01 09:18:30,20260901,9,1,6,1,3,0.706,13.980800053104758,stream
M2-02235,2026-09-01 09:18:45,20260901,9,2,5,1,2,0.48,28.844599844887853,stream
M1-02236,2026-09-01 09:19:00,20260901,9,1,2,1,4,0.674,20.144599955528975,stream
M2-02237,2026-09-01 09:19:15,20260901,9,2,5,1,4,0.313,21.75160008482635,stream
M1-02238,2026-09-01 09:19:30,20260901,9,1,3,1,4,0.769,29.576299944892526,stream
M2-02239,2026-09-01 09:19:45,20260901,9,2,5,1,1,0.554,24.930499959737062,stream
M1-02240,2026-09-01 09:20:00,20260901,9,1,2,1,2,0.552,30.261199921369553,stream
M2-02241,2026-09-01 09:20:15,20260901,9,2,4,1,3,0.621,29.200100107118487,stream
M1-02242,2026-09-01 09:20:30,20260901,9,1,5,1,5,0.797,35.60689999721944,stream
M2-02243,2026-09-01 09:20:45,20260901,9,2,3,1,4,0.892,27.841300005093217,stream
M1-02244,2026-09-01 09:21:00,20260901,9,1,2,1,4,0.596,37.87419991567731,stream
M2-02245,2026-09-01 09:21:15,20260901,9,2,4,1,1,0.702,25.400799931958318,stream
M1-02246,2026-09-01 09:21:30,20260901,9,1,3,1,3,0.881,26.295999996364117,stream
M2-02247,2026-09-01 09:21:45,20260901,9,2,4,1,2,0.627,27.630799915641546,stream
M1-02248,2026-09-01 09:22:00,20260901,9,1,1,1,2,0.313,25.793599896132946,stream
M2-02249,2026-09-01 09:22:15,20260901,9,2,5,1,3,0.559,24.2660001385957,stream
M1-02250,2026-09-01 09:22:30,20260901,9,1,5,1,4,0.641,28.442699927836657,stream
M2-02251,2026-09-01 09:22:45,20260901,9,2,3,1,4,0.904,29.50709988363087,stream
M1-02252,2026-09-01 09:23:00,20260901,9,1,2,1,3,0.749,26.248799869790673,stream
M2-02253,2026-09-01 09:23:15,20260901,9,2,4,1,3,0.621,26.411699829623103,stream
M1-02254,2026-09-01 09:23:30,20260901,9,1,3,1,1,0.868,25.882699992507696,stream
M2-02255,2026-09-01 09:23:45,20260901,9,2,3,1,2,0.83,26.875399984419346,stream
M1-02256,2026-09-01 09:24:00,20260901,9,1,5,1,4,0.709,28.366100043058395,stream
M2-02257,2026-09-01 09:24:15,20260901,9,2,4,1,1,0.719,25.074100121855736,stream
M1-02258,2026-09-01 09:24:30,20260901,9,1,1,1,4,0.541,32.67350001260638,stream
M2-02259,2026-09-01 09:24:45,20260901,9,2,3,1,4,0.769,28.28209986910224,stream
M1-02260,2026-09-01 09:25:00,20260901,9,1,1,1,5,0.531,29.14670016616583,stream
M2-02261,2026-09-01 09:25:15,20260901,9,2,5,1,3,0.515,30.090600019320846,stream
M1-02262,2026-09-01 09:25:30,20260901,9,1,4,1,2,0.597,21.81380009278655,stream
M2-02263,2026-09-01 09:25:45,20260901,9,2,3,1,4,0.769,25.592599995434284,stream
M1-02264,2026-09-01 09:26:00,20260901,9,1,2,1,6,0.828,30.046600149944425,stream
M2-02265,2026-09-01 09:26:15,20260901,9,2,4,1,1,0.597,30.82019998691976,stream
M1-02266,2026-09-01 09:26:30,20260901,9,1,3,1,1,0.769,26.705200085416436,stream
M2-02267,2026-09-01 09:26:45,20260901,9,2,3,1,3,0.526,27.152099879458547,stream
M1-02268,2026-09-01 09:27:00,20260901,9,1,5,1,1,0.303,30.918800039216876,stream
M2-02269,2026-09-01 09:27:15,20260901,9,2,5,1,2,0.48,28.733700048178434,stream
M1-02270,2026-09-01 09:27:30,20260901,9,1,2,1,2,0.755,27.487499872222543,stream
M2-02271,2026-09-01 09:27:45,20260901,9,2,2,1,2,0.83,27.434299932792783,stream
M1-02272,2026-09-01 09:28:00,20260901,9,1,4,1,1,0.885,29.22050002962351,stream
M2-02273,2026-09-01 09:28:15,20260901,9,2,3,1,6,0.896,30.370899941772223,stream
M1-02274,2026-09-01 09:28:30,20260901,9,1,4,1,1,0.636,25.57720011100173,stream
M2-02275,2026-09-01 09:28:45,20260901,9,2,6,1,1,0.787,24.420600151643157,stream
M1-02276,2026-09-01 09:29:00,20260901,9,1,5,1,3,0.688,26.952699990943074,stream
M2-02277,2026-09-01 09:29:15,20260901,9,2,6,1,6,0.591,27.287499979138374,stream
M1-02278,2026-09-01 09:29:30,20260901,9,1,2,1,3,0.64,29.56130006350577,stream
M2-02279,2026-09-01 09:29:45,20260901,9,2,5,1,3,0.756,28.161500114947557,stream
M1-02280,2026-09-01 09:30:00,20260901,9,1,6,1,7,0.775,29.317500069737434,stream
M2-02281,2026-09-01 09:30:15,20260901,9,2,1,1,4,0.644,28.52519997395575,stream
M1-02282,2026-09-01 09:30:30,20260901,9,1,2,1,4,0.714,29.939099913462996,stream
M2-02283,2026-09-01 09:30:45,20260901,9,2,3,1,2,0.733,25.832900078967214,stream
M1-02284,2026-09-01 09:31:00,20260901,9,1,5,1,4,0.584,23.170300060883164,stream
M2-02285,2026-09-01 09:31:15,20260901,9,2,6,1,2,0.73,24.447400122880936,stream
M1-02286,2026-09-01 09:31:30,20260901,9,1,6,1,5,0.643,31.55870013870299,stream
M2-02287,2026-09-01 09:31:45,20260901,9,2,2,1,4,0.674,26.65120013989508,stream
M1-02288,2026-09-01 09:32:00,20260901,9,1,1,1,2,0.312,29.527799924835563,stream
M2-02289,2026-09-01 09:32:15,20260901,9,2,2,1,1,0.595,24.661700008437037,stream
M1-02290,2026-09-01 09:32:30,20260901,9,1,3,1,5,0.826,16.026300145313144,stream
M2-02291,2026-09-01 09:32:45,20260901,9,2,1,1,4,0.52,17.869799863547087,stream
M1-02292,2026-09-01 09:33:00,20260901,9,1,3,1,4,0.904,15.777099877595901,stream
M2-02293,2026-09-01 09:33:15,20260901,9,2,6,1,6,0.737,14.325799886137247,stream
M1-02294,2026-09-01 09:33:30,20260901,9,1,2,1,2,0.746,14.83369991183281,stream
M2-02295,2026-09-01 09:33:45,20260901,9,2,4,1,1,0.849,15.287499874830246,stream
M1-02296,2026-09-01 09:34:00,20260901,9,1,4,1,1,0.43,17.01360009610653,stream
M2-02297,2026-09-01 09:34:15,20260901,9,2,6,1,8,0.632,16.22779993340373,stream
M1-02298,2026-09-01 09:34:30,20260901,9,1,2,1,4,0.714,15.242800116539001,stream
M2-02299,2026-09-01 09:34:45,20260901,9,2,4,1,1,0.719,25.24759992957115,stream
M1-02300,2026-09-01 09:35:00,20260901,9,1,5,1,2,0.389,27.471400098875165,stream
M2-02301,2026-09-01 09:35:15,20260901,9,2,2,1,2,0.742,32.51260006800294,stream
M1-02302,2026-09-01 09:35:30,20260901,9,1,2,1,1,0.282,20.212900126352906,stream
M2-02303,2026-09-01 09:35:45,20260901,9,2,4,1,3,0.34,32.453699968755245,stream
M1-02304,2026-09-01 09:36:00,20260901,9,1,1,1,1,0.37,15.00730006955564,stream
M2-02305,2026-09-01 09:36:15,20260901,9,2,3,1,4,0.892,14.203700004145503,stream
M1-02306,2026-09-01 09:36:30,20260901,9,1,6,1,6,0.804,14.08570003695786,stream
M2-02307,2026-09-01 09:36:45,20260901,9,2,5,1,3,0.756,18.683800008147955,stream
M1-02308,2026-09-01 09:37:00,20260901,9,1,2,1,4,0.714,32.439100090414286,stream
M2-02309,2026-09-01 09:37:15,20260901,9,2,3,1,3,0.912,16.591199906542897,stream
M1-02310,2026-09-01 09:37:30,20260901,9,1,2,1,9,0.776,14.181399950757623,stream
M2-02311,2026-09-01 09:37:45,20260901,9,2,5,1,4,0.584,12.124700006097555,stream
M1-02312,2026-09-01 09:38:00,20260901,9,1,5,1,1,0.382,11.478699976578355,stream
M2-02313,2026-09-01 09:38:15,20260901,9,2,6,1,10,0.657,14.025100041180849,stream
M1-02314,2026-09-01 09:38:30,20260901,9,1,7,0,0,,21.103800041601062,stream
M2-02315,2026-09-01 09:38:45,20260901,9,2,3,1,4,0.834,13.330499874427915,stream
M1-02316,2026-09-01 09:39:00,20260901,9,1,2,1,3,0.64,12.534200213849545,stream
M2-02317,2026-09-01 09:39:15,20260901,9,2,6,1,3,0.696,24.970500031486154,stream
M1-02318,2026-09-01 09:39:30,20260901,9,1,7,0,0,,28.385699959471822,stream
M2-02319,2026-09-01 09:39:45,20260901,9,2,6,1,3,0.688,15.40859998203814,stream
M1-02320,2026-09-01 09:40:00,20260901,9,1,5,1,3,0.359,13.87499994598329,stream
M2-02321,2026-09-01 09:40:15,20260901,9,2,6,1,3,0.553,12.363499961793423,stream
M1-02322,2026-09-01 09:40:30,20260901,9,1,5,1,2,0.482,13.479199958965182,stream
M2-02323,2026-09-01 09:40:45,20260901,9,2,2,1,3,0.59,12.405999936163425,stream
M1-02324,2026-09-01 09:41:00,20260901,9,1,6,1,6,0.591,12.79970002360642,stream
M2-02325,2026-09-01 09:41:15,20260901,9,2,4,1,1,0.885,22.921300027519464,stream
M1-02326,2026-09-01 09:41:30,20260901,9,1,1,1,4,0.616,25.50249989144504,stream
M2-02327,2026-09-01 09:41:45,20260901,9,2,3,1,3,0.889,14.794900082051754,stream
M1-02328,2026-09-01 09:42:00,20260901,9,1,5,1,3,0.688,15.97040006890893,stream
M2-02329,2026-09-01 09:42:15,20260901,9,2,6,1,4,0.699,17.420300049707294,stream
M1-02330,2026-09-01 09:42:30,20260901,9,1,3,1,5,0.848,14.432600000873208,stream
M2-02331,2026-09-01 09:42:45,20260901,9,2,5,1,3,0.549,15.995899913832545,stream
M1-02332,2026-09-01 09:43:00,20260901,9,1,2,1,3,0.829,11.594600044190884,stream
M2-02333,2026-09-01 09:43:15,20260901,9,2,1,1,3,0.579,14.035700121894479,stream
M1-02334,2026-09-01 09:43:30,20260901,9,1,1,1,2,0.48,11.689199833199382,stream
M2-02335,2026-09-01 09:43:45,20260901,9,2,1,1,2,0.312,12.435999931767583,stream
M1-02336,2026-09-01 09:44:00,20260901,9,1,2,1,13,0.714,15.262600034475327,stream
M2-02337,2026-09-01 09:44:15,20260901,9,2,3,1,3,0.889,25.7145999930799,stream
M1-02338,2026-09-01 09:44:30,20260901,9,1,4,1,3,0.698,13.312200084328651,stream
M2-02339,2026-09-01 09:44:45,20260901,9,2,6,1,5,0.643,15.10230009444058,stream
M1-02340,2026-09-01 09:45:00,20260901,9,1,6,1,5,0.639,13.339499942958355,stream
M2-02341,2026-09-01 09:45:15,20260901,9,2,2,1,6,0.828,18.706300063058734,stream
M1-02342,2026-09-01 09:45:30,20260901,9,1,6,1,3,0.553,11.834499891847372,stream
M2-02343,2026-09-01 09:45:45,20260901,9,2,6,1,7,0.775,14.187599997967482,stream
M1-02344,2026-09-01 09:46:00,20260901,9,1,1,1,3,0.359,26.999699883162975,stream
M2-02345,2026-09-01 09:46:15,20260901,9,2,5,1,4,0.584,12.428699992597103,stream
M1-02346,2026-09-01 09:46:30,20260901,9,1,4,1,2,0.427,16.654600156471133,stream
M2-02347,2026-09-01 09:46:45,20260901,9,2,6,1,1,0.682,15.448699938133359,stream
M1-02348,2026-09-01 09:47:00,20260901,9,1,6,1,3,0.696,16.440300038084388,stream
M2-02349,2026-09-01 09:47:15,20260901,9,2,3,1,2,0.846,32.36940014176071,stream
M1-02350,2026-09-01 09:47:30,20260901,9,1,6,1,6,0.804,30.92869999818504,stream
M2-02351,2026-09-01 09:47:45,20260901,9,2,3,1,4,0.892,15.521400142461061,stream
M1-02352,2026-09-01 09:48:00,20260901,9,1,5,1,3,0.359,32.39349997602403,stream
M2-02353,2026-09-01 09:48:15,20260901,9,2,6,1,7,0.775,29.60570016875863,stream
M1-02354,2026-09-01 09:48:30,20260901,9,1,2,1,2,0.742,12.143100146204233,stream
M2-02355,2026-09-01 09:48:45,20260901,9,2,2,1,2,0.746,11.525999987497926,stream
M1-02356,2026-09-01 09:49:00,20260901,9,1,4,1,4,0.892,11.009700130671263,stream
M2-02357,2026-09-01 09:49:15,20260901,9,2,5,1,3,0.549,12.041299836710095,stream
M1-02358,2026-09-01 09:49:30,20260901,9,1,4,1,3,0.757,14.000900089740753,stream
M2-02359,2026-09-01 09:49:45,20260901,9,2,4,1,1,0.885,14.025599928572774,stream
M1-02360,2026-09-01 09:50:00,20260901,9,1,4,1,3,0.34,12.07390008494258,stream
M2-02361,2026-09-01 09:50:15,20260901,9,2,4,1,1,0.885,11.195600032806396,stream
M1-02362,2026-09-01 09:50:30,20260901,9,1,6,1,3,0.553,27.261400129646063,stream
M2-02363,2026-09-01 09:50:45,20260901,9,2,3,1,5,0.848,14.042000053450465,stream
M1-02364,2026-09-01 09:51:00,20260901,9,1,4,1,1,0.849,25.904199806973338,stream
M2-02365,2026-09-01 09:51:15,20260901,9,2,1,1,2,0.269,13.202300062403083,stream
M1-02366,2026-09-01 09:51:30,20260901,9,1,2,1,2,0.759,13.72160017490387,stream
M2-02367,2026-09-01 09:51:45,20260901,9,2,2,1,1,0.867,12.77150004170835,stream
M1-02368,2026-09-01 09:52:00,20260901,9,1,1,1,1,0.506,28.9342999458313,stream
M2-02369,2026-09-01 09:52:15,20260901,9,2,2,1,1,0.595,17.358599929139018,stream
M1-02370,2026-09-01 09:52:30,20260901,9,1,4,1,3,0.34,12.829100014641881,stream
M2-02371,2026-09-01 09:52:45,20260901,9,2,4,1,4,0.569,13.963799923658371,stream
M1-02372,2026-09-01 09:53:00,20260901,9,1,5,1,1,0.382,14.522999990731478,stream
M2-02373,2026-09-01 09:53:15,20260901,9,2,2,1,3,0.717,13.051000190898776,stream
M1-02374,2026-09-01 09:53:30,20260901,9,1,4,1,2,0.401,15.37139993160963,stream
M2-02375,2026-09-01 09:53:45,20260901,9,2,1,1,2,0.48,11.51209999807179,stream
M1-02376,2026-09-01 09:54:00,20260901,9,1,1,1,4,0.305,12.815000023692846,stream
M2-02377,2026-09-01 09:54:15,20260901,9,2,4,1,2,0.597,13.325799955055118,stream
M1-02378,2026-09-01 09:54:30,20260901,9,1,2,1,3,0.717,12.676199898123741,stream
M2-02379,2026-09-01 09:54:45,20260901,9,2,1,1,4,0.644,23.684999905526638,stream
M1-02380,2026-09-01 09:55:00,20260901,9,1,4,1,1,0.719,17.965999897569418,stream
M2-02381,2026-09-01 09:55:15,20260901,9,2,7,0,0,,13.846299843862653,stream
M1-02382,2026-09-01 09:55:30,20260901,9,1,5,1,1,0.621,23.518800036981702,stream
M2-02383,2026-09-01 09:55:45,20260901,9,2,4,1,1,0.719,19.53159994445741,stream
M1-02384,2026-09-01 09:56:00,20260901,9,1,5,1,1,0.382,12.414899887517095,stream
M2-02385,2026-09-01 09:56:15,20260901,9,2,2,1,3,0.717,11.335399933159351,stream
M1-02386,2026-09-01 09:56:30,20260901,9,1,6,1,3,0.696,11.168300174176693,stream
M2-02387,2026-09-01 09:56:45,20260901,9,2,1,1,5,0.531,14.146100031211972,stream
M1-02388,2026-09-01 09:57:00,20260901,9,1,6,1,5,0.767,11.864500120282173,stream
M2-02389,2026-09-01 09:57:15,20260901,9,2,2,1,13,0.714,22.617299808189273,stream
M1-02390,2026-09-01 09:57:30,20260901,9,1,5,1,1,0.603,43.175699887797236,stream
M2-02391,2026-09-01 09:57:45,20260901,9,2,6,1,1,0.57,13.034600066021085,stream
M1-02392,2026-09-01 09:58:00,20260901,9,1,5,1,3,0.582,14.298399910330772,stream
M2-02393,2026-09-01 09:58:15,20260901,9,2,3,1,6,0.816,13.002500170841813,stream
M1-02394,2026-09-01 09:58:30,20260901,9,1,4,1,1,0.584,34.58329988643527,stream
M2-02395,2026-09-01 09:58:45,20260901,9,2,5,1,3,0.427,12.619700049981475,stream
M1-02396,2026-09-01 09:59:00,20260901,9,1,5,1,1,0.387,17.583700129762292,stream
M2-02397,2026-09-01 09:59:15,20260901,9,2,1,1,1,0.579,33.61320006661117,stream
M1-02398,2026-09-01 09:59:30,20260901,9,1,1,1,2,0.313,28.600099962204695,stream
M2-02399,2026-09-01 09:59:45,20260901,9,2,6,1,4,0.699,20.41199989616871,stream
M1-02400,2026-09-01 10:00:00,20260901,10,1,5,1,3,0.359,19.688299857079983,stream
M2-02401,2026-09-01 10:00:15,20260901,10,2,1,1,4,0.377,18.782399827614427,stream
M1-02402,2026-09-01 10:00:30,20260901,10,1,2,1,7,0.806,32.530299853533506,stream
M2-02403,2026-09-01 10:00:45,20260901,10,2,4,1,3,0.653,27.835600078105927,stream
M1-02404,2026-09-01 10:01:00,20260901,10,1,6,1,3,0.715,29.315599938854575,stream
M2-02405,2026-09-01 10:01:15,20260901,10,2,4,1,1,0.636,15.784600051119924,stream
M1-02406,2026-09-01 10:01:30,20260901,10,1,3,1,6,0.816,32.20229991711676,stream
M2-02407,2026-09-01 10:01:45,20260901,10,2,1,1,3,0.469,17.277699895203114,stream
M1-02408,2026-09-01 10:02:00,20260901,10,1,1,1,4,0.305,31.720900209620595,stream
M2-02409,2026-09-01 10:02:15,20260901,10,2,3,1,1,0.769,14.85899998806417,stream
M1-02410,2026-09-01 10:02:30,20260901,10,1,6,1,3,0.715,14.004100114107132,stream
M2-02411,2026-09-01 10:02:45,20260901,10,2,1,1,5,0.352,15.953700058162212,stream
M1-02412,2026-09-01 10:03:00,20260901,10,1,6,1,7,0.608,11.597099946811795,stream
M2-02413,2026-09-01 10:03:15,20260901,10,2,5,1,3,0.492,24.47609999217093,stream
M1-02414,2026-09-01 10:03:30,20260901,10,1,4,1,2,0.401,26.80819993838668,stream
M2-02415,2026-09-01 10:03:45,20260901,10,2,2,1,1,0.595,12.676999904215336,stream
M1-02416,2026-09-01 10:04:00,20260901,10,1,4,1,1,0.849,30.958799878135324,stream
M2-02417,2026-09-01 10:04:15,20260901,10,2,3,1,6,0.901,27.407800080254674,stream
M1-02418,2026-09-01 10:04:30,20260901,10,1,7,0,0,,11.095300083979964,stream
M2-02419,2026-09-01 10:04:45,20260901,10,2,6,1,7,0.642,12.456499971449375,stream
M1-02420,2026-09-01 10:05:00,20260901,10,1,3,1,4,0.769,11.037799995392561,stream
M2-02421,2026-09-01 10:05:15,20260901,10,2,3,1,3,0.914,14.887100085616112,stream
M1-02422,2026-09-01 10:05:30,20260901,10,1,2,1,1,0.867,21.194300148636103,stream
M2-02423,2026-09-01 10:05:45,20260901,10,2,4,1,1,0.584,29.494200134649873,stream
M1-02424,2026-09-01 10:06:00,20260901,10,1,4,1,5,0.523,15.655600000172853,stream
M2-02425,2026-09-01 10:06:15,20260901,10,2,5,1,4,0.641,14.019700000062585,stream
M1-02426,2026-09-01 10:06:30,20260901,10,1,3,1,4,0.892,25.676399935036898,stream
M2-02427,2026-09-01 10:06:45,20260901,10,2,2,1,2,0.83,13.288600137457252,stream
M1-02428,2026-09-01 10:07:00,20260901,10,1,6,1,7,0.642,15.980799915269017,stream
M2-02429,2026-09-01 10:07:15,20260901,10,2,3,1,3,0.832,15.779800014570355,stream
M1-02430,2026-09-01 10:07:30,20260901,10,1,1,1,4,0.644,14.056500047445297,stream
M2-02431,2026-09-01 10:07:45,20260901,10,2,1,1,2,0.48,15.604800079017878,stream
M1-02432,2026-09-01 10:08:00,20260901,10,1,2,1,1,0.595,16.45670016296208,stream
M2-02433,2026-09-01 10:08:15,20260901,10,2,3,1,3,0.909,12.90050009265542,stream
M1-02434,2026-09-01 10:08:30,20260901,10,1,6,1,7,0.59,11.160500114783645,stream
M2-02435,2026-09-01 10:08:45,20260901,10,2,7,0,0,,11.732600163668394,stream
M1-02436,2026-09-01 10:09:00,20260901,10,1,5,1,3,0.559,10.71790000423789,stream
M2-02437,2026-09-01 10:09:15,20260901,10,2,5,1,3,0.688,27.28619985282421,stream
M1-02438,2026-09-01 10:09:30,20260901,10,1,1,1,1,0.579,24.946599965915084,stream
M2-02439,2026-09-01 10:09:45,20260901,10,2,5,1,2,0.534,16.76889997906983,stream
M1-02440,2026-09-01 10:10:00,20260901,10,1,5,1,1,0.303,16.57269988209009,stream
M2-02441,2026-09-01 10:10:15,20260901,10,2,3,1,4,0.834,12.52140011638403,stream
M1-02442,2026-09-01 10:10:30,20260901,10,1,3,1,5,0.848,12.487900210544467,stream
M2-02443,2026-09-01 10:10:45,20260901,10,2,4,1,5,0.523,14.226500177755952,stream
M1-02444,2026-09-01 10:11:00,20260901,10,1,1,1,4,0.541,12.73160008713603,stream
M2-02445,2026-09-01 10:11:15,20260901,10,2,1,1,1,0.506,11.474200058728456,stream
M1-02446,2026-09-01 10:11:30,20260901,10,1,3,1,4,0.834,12.359000043943524,stream
M2-02447,2026-09-01 10:11:45,20260901,10,2,6,1,2,0.77,15.254100086167455,stream
M1-02448,2026-09-01 10:12:00,20260901,10,1,6,1,2,0.662,10.434999829158187,stream
M2-02449,2026-09-01 10:12:15,20260901,10,2,2,1,13,0.714,19.523499999195337,stream
M1-02450,2026-09-01 10:12:30,20260901,10,1,2,1,2,0.755,16.10339991748333,stream
M2-02451,2026-09-01 10:12:45,20260901,10,2,1,1,5,0.352,15.007900074124336,stream
M1-02452,2026-09-01 10:13:00,20260901,10,1,2,1,6,0.643,11.156300082802773,stream
M2-02453,2026-09-01 10:13:15,20260901,10,2,4,1,2,0.902,11.195400031283498,stream
M1-02454,2026-09-01 10:13:30,20260901,10,1,3,1,1,0.868,17.877999925985932,stream
M2-02455,2026-09-01 10:13:45,20260901,10,2,1,1,4,0.616,12.782899895682931,stream
M1-02456,2026-09-01 10:14:00,20260901,10,1,6,1,2,0.73,11.881900019943714,stream
M2-02457,2026-09-01 10:14:15,20260901,10,2,3,1,2,0.78,14.338500099256635,stream
M1-02458,2026-09-01 10:14:30,20260901,10,1,3,1,3,0.832,12.497999938204885,stream
M2-02459,2026-09-01 10:14:45,20260901,10,2,4,1,5,0.523,16.972699901089072,stream
M1-02460,2026-09-01 10:15:00,20260901,10,1,1,1,1,0.506,14.298100024461746,stream
M2-02461,2026-09-01 10:15:15,20260901,10,2,3,1,3,0.884,17.88549986667931,stream
M1-02462,2026-09-01 10:15:30,20260901,10,1,3,1,3,0.861,25.31050005927682,stream
M2-02463,2026-09-01 10:15:45,20260901,10,2,4,1,4,0.892,16.827800078317523,stream
M1-02464,2026-09-01 10:16:00,20260901,10,1,6,1,3,0.715,12.708300026133657,stream
M2-02465,2026-09-01 10:16:15,20260901,10,2,6,1,3,0.564,17.174999928101897,stream
M1-02466,2026-09-01 10:16:30,20260901,10,1,2,1,4,0.714,14.427900081500411,stream
M2-02467,2026-09-01 10:16:45,20260901,10,2,5,1,1,0.382,14.14350001141429,stream
M1-02468,2026-09-01 10:17:00,20260901,10,1,5,1,1,0.382,26.2640998698771,stream
M2-02469,2026-09-01 10:17:15,20260901,10,2,1,1,2,0.312,17.383000114932656,stream
M1-02470,2026-09-01 10:17:30,20260901,10,1,3,1,4,0.892,25.578599888831377,stream
M2-02471,2026-09-01 10:17:45,20260901,10,2,5,1,3,0.492,30.49729997292161,stream
M1-02472,2026-09-01 10:18:00,20260901,10,1,5,1,3,0.515,12.875400017946959,stream
M2-02473,2026-09-01 10:18:15,20260901,10,2,1,1,4,0.377,14.664300018921494,stream
M1-02474,2026-09-01 10:18:30,20260901,10,1,2,1,2,0.746,30.246900161728263,stream
M2-02475,2026-09-01 10:18:45,20260901,10,2,5,1,3,0.359,21.09029982239008,stream
M1-02476,2026-09-01 10:19:00,20260901,10,1,1,1,4,0.305,28.468100121244788,stream
M2-02477,2026-09-01 10:19:15,20260901,10,2,6,1,3,0.564,30.73120000772178,stream
M1-02478,2026-09-01 10:19:30,20260901,10,1,3,1,6,0.901,32.011899864301085,stream
M2-02479,2026-09-01 10:19:45,20260901,10,2,3,1,6,0.789,15.394499991089106,stream
M1-02480,2026-09-01 10:20:00,20260901,10,1,2,1,2,0.77,27.758900076150894,stream
M2-02481,2026-09-01 10:20:15,20260901,10,2,3,1,3,0.884,12.781900120899081,stream
M1-02482,2026-09-01 10:20:30,20260901,10,1,1,1,2,0.571,11.609500041231513,stream
M2-02483,2026-09-01 10:20:45,20260901,10,2,6,1,3,0.715,11.578800156712532,stream
M1-02484,2026-09-01 10:21:00,20260901,10,1,5,1,3,0.505,18.059700028970838,stream
M2-02485,2026-09-01 10:21:15,20260901,10,2,4,1,1,0.702,10.690399911254644,stream
M1-02486,2026-09-01 10:21:30,20260901,10,1,1,1,2,0.269,10.438899975270033,stream
M2-02487,2026-09-01 10:21:45,20260901,10,2,3,1,3,0.526,10.135200107470155,stream
M1-02488,2026-09-01 10:22:00,20260901,10,1,5,1,2,0.482,12.009500060230494,stream
M2-02489,2026-09-01 10:22:15,20260901,10,2,1,1,1,0.432,12.963099870830774,stream
M1-02490,2026-09-01 10:22:30,20260901,10,1,5,1,3,0.756,11.623299913480878,stream
M2-02491,2026-09-01 10:22:45,20260901,10,2,1,1,3,0.529,11.456100037321448,stream
M1-02492,2026-09-01 10:23:00,20260901,10,1,6,1,7,0.608,11.320499936118722,stream
M2-02493,2026-09-01 10:23:15,20260901,10,2,2,1,4,0.596,26.651500025764108,stream
M1-02494,2026-09-01 10:23:30,20260901,10,1,5,1,3,0.688,13.449399964883924,stream
M2-02495,2026-09-01 10:23:45,20260901,10,2,1,1,4,0.616,13.986699981614947,stream
M1-02496,2026-09-01 10:24:00,20260901,10,1,5,1,3,0.756,9.724000003188848,stream
M2-02497,2026-09-01 10:24:15,20260901,10,2,2,1,6,0.828,14.688799856230617,stream
M1-02498,2026-09-01 10:24:30,20260901,10,1,3,1,3,0.884,15.646100044250488,stream
M2-02499,2026-09-01 10:24:45,20260901,10,2,1,1,2,0.438,27.56779990158975,stream
M1-02500,2026-09-01 10:25:00,20260901,10,1,5,1,3,0.549,27.937399921938777,stream
M2-02501,2026-09-01 10:25:15,20260901,10,2,2,1,2,0.6,16.50650007650256,stream
M1-02502,2026-09-01 10:25:30,20260901,10,1,2,1,2,0.552,28.320700163021684,stream
M2-02503,2026-09-01 10:25:45,20260901,10,2,6,1,3,0.706,35.10669991374016,stream
M1-02504,2026-09-01 10:26:00,20260901,10,1,6,1,3,0.553,26.872699847444892,stream
M2-02505,2026-09-01 10:26:15,20260901,10,2,2,1,2,0.83,33.230600180104375,stream
M1-02506,2026-09-01 10:26:30,20260901,10,1,4,1,2,0.479,21.934800082817674,stream
M2-02507,2026-09-01 10:26:45,20260901,10,2,2,1,11,0.744,33.41589984484017,stream
M1-02508,2026-09-01 10:27:00,20260901,10,1,6,1,2,0.77,24.433800019323826,stream
M2-02509,2026-09-01 10:27:15,20260901,10,2,6,1,3,0.709,25.285099865868688,stream
M1-02510,2026-09-01 10:27:30,20260901,10,1,4,1,1,0.885,27.01560012064874,stream
M2-02511,2026-09-01 10:27:45,20260901,10,2,3,1,2,0.83,17.310300143435597,stream
M1-02512,2026-09-01 10:28:00,20260901,10,1,2,1,3,0.531,35.38739983923733,stream
M2-02513,2026-09-01 10:28:15,20260901,10,2,3,1,3,0.851,30.301099875941873,stream
M1-02514,2026-09-01 10:28:30,20260901,10,1,3,1,2,0.83,15.370399923995137,stream
M2-02515,2026-09-01 10:28:45,20260901,10,2,5,1,5,0.797,16.839200165122747,stream
M1-02516,2026-09-01 10:29:00,20260901,10,1,2,1,11,0.744,14.10040003247559,stream
M2-02517,2026-09-01 10:29:15,20260901,10,2,2,1,2,0.6,31.87369997613132,stream
M1-02518,2026-09-01 10:29:30,20260901,10,1,4,1,1,0.849,16.855499939993024,stream
M2-02519,2026-09-01 10:29:45,20260901,10,2,3,1,3,0.909,12.902699876576662,stream
M1-02520,2026-09-01 10:30:00,20260901,10,1,2,1,4,0.596,24.944999953731894,stream
M2-02521,2026-09-01 10:30:15,20260901,10,2,3,1,3,0.857,13.564999913796782,stream
M1-02522,2026-09-01 10:30:30,20260901,10,1,5,1,3,0.505,10.912399971857667,stream
M2-02523,2026-09-01 10:30:45,20260901,10,2,6,1,2,0.662,10.844199918210506,stream
M1-02524,2026-09-01 10:31:00,20260901,10,1,1,1,3,0.579,11.228099931031466,stream
M2-02525,2026-09-01 10:31:15,20260901,10,2,1,1,3,0.469,11.98459998704493,stream
M1-02526,2026-09-01 10:31:30,20260901,10,1,6,1,3,0.553,11.72529999166727,stream
M2-02527,2026-09-01 10:31:45,20260901,10,2,3,1,3,0.912,12.619799934327602,stream
M1-02528,2026-09-01 10:32:00,20260901,10,1,3,1,5,0.882,23.05029984563589,stream
M2-02529,2026-09-01 10:32:15,20260901,10,2,3,1,2,0.865,25.401100050657988,stream
M1-02530,2026-09-01 10:32:30,20260901,10,1,1,1,4,0.616,13.437899993732572,stream
M2-02531,2026-09-01 10:32:45,20260901,10,2,1,1,3,0.469,16.720799962058663,stream
M1-02532,2026-09-01 10:33:00,20260901,10,1,6,1,5,0.639,28.199200052767992,stream
M2-02533,2026-09-01 10:33:15,20260901,10,2,1,1,4,0.377,12.570200022310019,stream
M1-02534,2026-09-01 10:33:30,20260901,10,1,3,1,3,0.861,10.774600086733699,stream
M2-02535,2026-09-01 10:33:45,20260901,10,2,1,1,1,0.506,10.579700116068125,stream
M1-02536,2026-09-01 10:34:00,20260901,10,1,2,1,1,0.282,13.054900104179978,stream
M2-02537,2026-09-01 10:34:15,20260901,10,2,3,1,3,0.857,28.24819996021688,stream
M1-02538,2026-09-01 10:34:30,20260901,10,1,2,1,11,0.744,26.573700131848454,stream
M2-02539,2026-09-01 10:34:45,20260901,10,2,5,1,3,0.492,15.867199981585145,stream
M1-02540,2026-09-01 10:35:00,20260901,10,1,5,1,3,0.515,19.027199828997254,stream
M2-02541,2026-09-01 10:35:15,20260901,10,2,3,1,3,0.884,34.750099992379546,stream
M1-02542,2026-09-01 10:35:30,20260901,10,1,3,1,4,0.769,26.84629987925291,stream
M2-02543,2026-09-01 10:35:45,20260901,10,2,1,1,4,0.644,16.94240001961589,stream
M1-02544,2026-09-01 10:36:00,20260901,10,1,4,1,1,0.702,31.939300009980798,stream
M2-02545,2026-09-01 10:36:15,20260901,10,2,5,1,3,0.597,14.922099886462092,stream
M1-02546,2026-09-01 10:36:30,20260901,10,1,5,1,1,0.501,14.812999870628119,stream
M2-02547,2026-09-01 10:36:45,20260901,10,2,4,1,3,0.508,13.383700046688318,stream
M1-02548,2026-09-01 10:37:00,20260901,10,1,2,1,4,0.674,13.787199975922704,stream
M2-02549,2026-09-01 10:37:15,20260901,10,2,1,1,2,0.313,21.16309991106391,stream
M1-02550,2026-09-01 10:37:30,20260901,10,1,6,1,7,0.642,28.446600073948503,stream
M2-02551,2026-09-01 10:37:45,20260901,10,2,4,1,4,0.569,14.97299992479384,stream
M1-02552,2026-09-01 10:38:00,20260901,10,1,3,1,2,0.865,26.075900066643953,stream
M2-02553,2026-09-01 10:38:15,20260901,10,2,2,1,3,0.709,12.160100042819977,stream
M1-02554,2026-09-01 10:38:30,20260901,10,1,3,1,4,0.899,18.86239997111261,stream
M2-02555,2026-09-01 10:38:45,20260901,10,2,3,1,1,0.769,27.985099935904145,stream
M1-02556,2026-09-01 10:39:00,20260901,10,1,6,1,7,0.59,13.10660014860332,stream
M2-02557,2026-09-01 10:39:15,20260901,10,2,3,1,4,0.834,17.73629989475012,stream
M1-02558,2026-09-01 10:39:30,20260901,10,1,6,1,5,0.643,14.827399980276823,stream
M2-02559,2026-09-01 10:39:45,20260901,10,2,6,1,3,0.709,17.985800048336387,stream
M1-02560,2026-09-01 10:40:00,20260901,10,1,3,1,2,0.846,14.45879996754229,stream
M2-02561,2026-09-01 10:40:15,20260901,10,2,1,1,4,0.616,12.17300002463162,stream
M1-02562,2026-09-01 10:40:30,20260901,10,1,1,1,4,0.305,11.551799951121211,stream
M2-02563,2026-09-01 10:40:45,20260901,10,2,1,1,2,0.569,12.294699903577566,stream
M1-02564,2026-09-01 10:41:00,20260901,10,1,6,1,3,0.564,13.489700155332685,stream
M2-02565,2026-09-01 10:41:15,20260901,10,2,3,1,3,0.851,13.059899909421802,stream
M1-02566,2026-09-01 10:41:30,20260901,10,1,1,1,3,0.529,13.418599963188171,stream
M2-02567,2026-09-01 10:41:45,20260901,10,2,6,1,3,0.553,10.782599914819002,stream
M1-02568,2026-09-01 10:42:00,20260901,10,1,3,1,3,0.909,11.884500039741397,stream
M2-02569,2026-09-01 10:42:15,20260901,10,2,3,1,5,0.848,13.33729992620647,stream
M1-02570,2026-09-01 10:42:30,20260901,10,1,5,1,5,0.797,17.7821998950094,stream
M2-02571,2026-09-01 10:42:45,20260901,10,2,6,1,1,0.787,14.176000142470002,stream
M1-02572,2026-09-01 10:43:00,20260901,10,1,3,1,2,0.846,13.529400108382106,stream
M2-02573,2026-09-01 10:43:15,20260901,10,2,1,1,1,0.37,11.377900140359998,stream
M1-02574,2026-09-01 10:43:30,20260901,10,1,3,1,1,0.868,18.623400013893843,stream
M2-02575,2026-09-01 10:43:45,20260901,10,2,6,1,3,0.706,25.480000069364905,stream
M1-02576,2026-09-01 10:44:00,20260901,10,1,5,1,4,0.584,10.200300021097064,stream
M2-02577,2026-09-01 10:44:15,20260901,10,2,2,1,2,0.77,11.964399833232164,stream
M1-02578,2026-09-01 10:44:30,20260901,10,1,3,1,6,0.901,13.330299872905016,stream
M2-02579,2026-09-01 10:44:45,20260901,10,2,6,1,10,0.657,11.376200011000037,stream
M1-02580,2026-09-01 10:45:00,20260901,10,1,1,1,2,0.358,13.583799824118614,stream
M2-02581,2026-09-01 10:45:15,20260901,10,2,4,1,1,0.43,12.01150007545948,stream
M1-02582,2026-09-01 10:45:30,20260901,10,1,4,1,3,0.653,13.328999979421496,stream
M2-02583,2026-09-01 10:45:45,20260901,10,2,3,1,3,0.914,13.032199814915657,stream
M1-02584,2026-09-01 10:46:00,20260901,10,1,7,0,0,,17.208100063726306,stream
M2-02585,2026-09-01 10:46:15,20260901,10,2,2,1,6,0.828,11.571499984711409,stream
M1-02586,2026-09-01 10:46:30,20260901,10,1,3,1,3,0.526,13.775500003248453,stream
M2-02587,2026-09-01 10:46:45,20260901,10,2,3,1,3,0.909,11.847599875181913,stream
M1-02588,2026-09-01 10:47:00,20260901,10,1,5,1,1,0.501,12.868500081822276,stream
M2-02589,2026-09-01 10:47:15,20260901,10,2,5,1,3,0.582,12.507300125434995,stream
M1-02590,2026-09-01 10:47:30,20260901,10,1,3,1,4,0.769,12.605399824678898,stream
M2-02591,2026-09-01 10:47:45,20260901,10,2,2,1,4,0.674,11.738399975001812,stream
M1-02592,2026-09-01 10:48:00,20260901,10,1,4,1,2,0.427,12.202099896967411,stream
M2-02593,2026-09-01 10:48:15,20260901,10,2,4,1,4,0.892,14.735900098457932,stream
M1-02594,2026-09-01 10:48:30,20260901,10,1,2,1,5,0.707,24.85140017233789,stream
M2-02595,2026-09-01 10:48:45,20260901,10,2,5,1,3,0.756,24.6372998226434,stream
M1-02596,2026-09-01 10:49:00,20260901,10,1,1,1,1,0.552,22.68479997292161,stream
M2-02597,2026-09-01 10:49:15,20260901,10,2,2,1,3,0.749,24.488900089636445,stream
M1-02598,2026-09-01 10:49:30,20260901,10,1,5,1,1,0.303,15.144400065764785,stream
M2-02599,2026-09-01 10:49:45,20260901,10,2,4,1,5,0.523,39.2728999722749,stream
M1-02600,2026-09-01 10:50:00,20260901,10,1,1,1,5,0.352,14.128200011327863,stream
M2-02601,2026-09-01 10:50:15,20260901,10,2,3,1,1,0.769,15.585700049996376,stream
M1-02602,2026-09-01 10:50:30,20260901,10,1,1,1,2,0.313,10.797199793159962,stream
M2-02603,2026-09-01 10:50:45,20260901,10,2,3,1,5,0.882,15.290299896150827,stream
M1-02604,2026-09-01 10:51:00,20260901,10,1,1,1,2,0.571,14.038899913430214,stream
M2-02605,2026-09-01 10:51:15,20260901,10,2,2,1,9,0.776,31.897899927571416,stream
M1-02606,2026-09-01 10:51:30,20260901,10,1,2,1,4,0.596,10.971599956974387,stream
M2-02607,2026-09-01 10:51:45,20260901,10,2,4,1,1,0.885,11.540899984538555,stream
M1-02608,2026-09-01 10:52:00,20260901,10,1,1,1,4,0.377,10.828499915078282,stream
M2-02609,2026-09-01 10:52:15,20260901,10,2,4,1,1,0.636,9.803999913856387,stream
M1-02610,2026-09-01 10:52:30,20260901,10,1,5,1,2,0.534,11.179399909451604,stream
M2-02611,2026-09-01 10:52:45,20260901,10,2,4,1,1,0.719,9.72209987230599,stream
M1-02612,2026-09-01 10:53:00,20260901,10,1,2,1,4,0.674,10.049499804154038,stream
M2-02613,2026-09-01 10:53:15,20260901,10,2,5,1,2,0.534,19.777100067585707,stream
M1-02614,2026-09-01 10:53:30,20260901,10,1,3,1,1,0.868,26.273699942976236,stream
M2-02615,2026-09-01 10:53:45,20260901,10,2,5,1,2,0.389,17.752200132235885,stream
M1-02616,2026-09-01 10:54:00,20260901,10,1,3,1,6,0.896,36.29179997369647,stream
M2-02617,2026-09-01 10:54:15,20260901,10,2,3,1,3,0.851,16.986300004646182,stream
M1-02618,2026-09-01 10:54:30,20260901,10,1,4,1,2,0.597,25.877200067043304,stream
M2-02619,2026-09-01 10:54:45,20260901,10,2,4,1,2,0.902,27.878300053998828,stream
M1-02620,2026-09-01 10:55:00,20260901,10,1,5,1,1,0.554,28.89709989540279,stream
M2-02621,2026-09-01 10:55:15,20260901,10,2,6,1,3,0.709,25.112699950113893,stream
M1-02622,2026-09-01 10:55:30,20260901,10,1,1,1,2,0.358,31.235500006005168,stream
M2-02623,2026-09-01 10:55:45,20260901,10,2,2,1,1,0.282,30.13570001348853,stream
M1-02624,2026-09-01 10:56:00,20260901,10,1,5,1,2,0.534,27.24049985408783,stream
M2-02625,2026-09-01 10:56:15,20260901,10,2,4,1,3,0.757,12.149699963629246,stream
M1-02626,2026-09-01 10:56:30,20260901,10,1,2,1,11,0.744,32.69249992445111,stream
M2-02627,2026-09-01 10:56:45,20260901,10,2,3,1,1,0.868,22.844000020995736,stream
M1-02628,2026-09-01 10:57:00,20260901,10,1,2,1,3,0.64,10.574999963864684,stream
M2-02629,2026-09-01 10:57:15,20260901,10,2,2,1,1,0.867,11.394999921321869,stream
M1-02630,2026-09-01 10:57:30,20260901,10,1,3,1,2,0.888,12.068199925124645,stream
M2-02631,2026-09-01 10:57:45,20260901,10,2,2,1,2,0.759,11.569400085136294,stream
M1-02632,2026-09-01 10:58:00,20260901,10,1,2,1,3,0.548,11.165500152856112,stream
M2-02633,2026-09-01 10:58:15,20260901,10,2,5,1,3,0.515,11.080299969762564,stream
M1-02634,2026-09-01 10:58:30,20260901,10,1,3,1,3,0.526,11.035799980163574,stream
M2-02635,2026-09-01 10:58:45,20260901,10,2,5,1,3,0.427,10.12809993699193,stream
M1-02636,2026-09-01 10:59:00,20260901,10,1,1,1,4,0.541,15.901200007647276,stream
M2-02637,2026-09-01 10:59:15,20260901,10,2,2,1,9,0.776,15.93749993480742,stream
M1-02638,2026-09-01 10:59:30,20260901,10,1,2,1,3,0.749,22.626399993896484,stream
M2-02639,2026-09-01 10:59:45,20260901,10,2,4,1,1,0.702,10.118900099769235,stream
M1-02640,2026-09-01 11:00:00,20260901,11,1,2,1,3,0.531,16.49629999883473,stream
M2-02641,2026-09-01 11:00:15,20260901,11,2,3,1,3,0.889,17.503299983218312,stream
M1-02642,2026-09-01 11:00:30,20260901,11,1,5,1,3,0.505,14.992200070992112,stream
M2-02643,2026-09-01 11:00:45,20260901,11,2,2,1,4,0.596,22.535499883815646,stream
M1-02644,2026-09-01 11:01:00,20260901,11,1,5,1,3,0.509,31.90349997021258,stream
M2-02645,2026-09-01 11:01:15,20260901,11,2,6,1,6,0.804,28.809699928388,stream
M1-02646,2026-09-01 11:01:30,20260901,11,1,2,1,5,0.707,25.607400108128786,stream
M2-02647,2026-09-01 11:01:45,20260901,11,2,3,1,1,0.868,28.463999973610044,stream
M1-02648,2026-09-01 11:02:00,20260901,11,1,5,1,2,0.534,23.4570000320673,stream
M2-02649,2026-09-01 11:02:15,20260901,11,2,3,1,2,0.733,27.944200206547976,stream
M1-02650,2026-09-01 11:02:30,20260901,11,1,1,1,4,0.305,27.968699811026454,stream
M2-02651,2026-09-01 11:02:45,20260901,11,2,4,1,1,0.719,29.15380010381341,stream
M1-02652,2026-09-01 11:03:00,20260901,11,1,2,1,11,0.744,14.653299935162067,stream
M2-02653,2026-09-01 11:03:15,20260901,11,2,1,1,2,0.312,14.44140006788075,stream
M1-02654,2026-09-01 11:03:30,20260901,11,1,4,1,1,0.719,11.62889995612204,stream
M2-02655,2026-09-01 11:03:45,20260901,11,2,2,1,1,0.282,12.793300207704306,stream
M1-02656,2026-09-01 11:04:00,20260901,11,1,4,1,1,0.584,14.666799921542406,stream
M2-02657,2026-09-01 11:04:15,20260901,11,2,5,1,4,0.641,22.284500068053603,stream
M1-02658,2026-09-01 11:04:30,20260901,11,1,4,1,1,0.43,11.040000012144446,stream
M2-02659,2026-09-01 11:04:45,20260901,11,2,2,1,3,0.59,12.42340006865561,stream
M1-02660,2026-09-01 11:05:00,20260901,11,1,4,1,5,0.523,24.403000017628074,stream
M2-02661,2026-09-01 11:05:15,20260901,11,2,5,1,1,0.501,25.00919997692108,stream
M1-02662,2026-09-01 11:05:30,20260901,11,1,5,1,2,0.534,14.597299974411726,stream
M2-02663,2026-09-01 11:05:45,20260901,11,2,5,1,3,0.359,24.669599952176213,stream
M1-02664,2026-09-01 11:06:00,20260901,11,1,1,1,1,0.432,12.981700012460351,stream
M2-02665,2026-09-01 11:06:15,20260901,11,2,2,1,4,0.596,20.06069989874959,stream
M1-02666,2026-09-01 11:06:30,20260901,11,1,1,1,4,0.644,14.206900028511882,stream
M2-02667,2026-09-01 11:06:45,20260901,11,2,5,1,1,0.501,25.008700089529157,stream
M1-02668,2026-09-01 11:07:00,20260901,11,1,1,1,2,0.569,25.70040011778474,stream
M2-02669,2026-09-01 11:07:15,20260901,11,2,1,1,2,0.313,28.27159990556538,stream
M1-02670,2026-09-01 11:07:30,20260901,11,1,1,1,2,0.569,23.795299930498004,stream
M2-02671,2026-09-01 11:07:45,20260901,11,2,3,1,3,0.889,21.805499913170934,stream
M1-02672,2026-09-01 11:08:00,20260901,11,1,4,1,1,0.535,25.904200039803982,stream
M2-02673,2026-09-01 11:08:15,20260901,11,2,4,1,5,0.934,52.873200038447976,stream
M1-02674,2026-09-01 11:08:30,20260901,11,1,6,1,5,0.643,22.177600068971515,stream
M2-02675,2026-09-01 11:08:45,20260901,11,2,3,1,3,0.857,16.396200051531196,stream
M1-02676,2026-09-01 11:09:00,20260901,11,1,4,1,1,0.719,13.70640005916357,stream
M2-02677,2026-09-01 11:09:15,20260901,11,2,3,1,3,0.884,11.756400112062693,stream
M1-02678,2026-09-01 11:09:30,20260901,11,1,6,1,3,0.553,31.74480004236102,stream
M2-02679,2026-09-01 11:09:45,20260901,11,2,4,1,1,0.535,26.334800058975816,stream
M1-02680,2026-09-01 11:10:00,20260901,11,1,3,1,6,0.901,36.7234000004828,stream
M2-02681,2026-09-01 11:10:15,20260901,11,2,1,1,3,0.529,24.91779997944832,stream
M1-02682,2026-09-01 11:10:30,20260901,11,1,2,1,3,0.531,26.555499993264675,stream
M2-02683,2026-09-01 11:10:45,20260901,11,2,6,1,7,0.608,12.044099858030677,stream
M1-02684,2026-09-01 11:11:00,20260901,11,1,3,1,3,0.889,27.147100074216723,stream
M2-02685,2026-09-01 11:11:15,20260901,11,2,2,1,3,0.717,13.971799984574318,stream
M1-02686,2026-09-01 11:11:30,20260901,11,1,1,1,2,0.48,16.41350006684661,stream
M2-02687,2026-09-01 11:11:45,20260901,11,2,1,1,1,0.552,29.39660008996725,stream
M1-02688,2026-09-01 11:12:00,20260901,11,1,5,1,4,0.313,15.073100104928017,stream
M2-02689,2026-09-01 11:12:15,20260901,11,2,1,1,2,0.269,12.351799989119172,stream
M1-02690,2026-09-01 11:12:30,20260901,11,1,6,1,3,0.706,12.994999997317791,stream
M2-02691,2026-09-01 11:12:45,20260901,11,2,3,1,4,0.769,23.646699963137507,stream
M1-02692,2026-09-01 11:13:00,20260901,11,1,3,1,1,0.868,28.03619997575879,stream
M2-02693,2026-09-01 11:13:15,20260901,11,2,4,1,5,0.934,14.453900046646595,stream
M1-02694,2026-09-01 11:13:30,20260901,11,1,6,1,3,0.553,12.868399964645505,stream
M2-02695,2026-09-01 11:13:45,20260901,11,2,2,1,13,0.714,12.283600168302655,stream
M1-02696,2026-09-01 11:14:00,20260901,11,1,6,1,6,0.591,14.919999986886978,stream
M2-02697,2026-09-01 11:14:15,20260901,11,2,6,1,7,0.59,32.88590000011027,stream
M1-02698,2026-09-01 11:14:30,20260901,11,1,5,1,4,0.313,13.001299928873777,stream
M2-02699,2026-09-01 11:14:45,20260901,11,2,3,1,3,0.861,20.449799951165915,stream
M1-02700,2026-09-01 11:15:00,20260901,11,1,1,1,4,0.377,14.583300100639462,stream
M2-02701,2026-09-01 11:15:15,20260901,11,2,6,1,6,0.591,33.7799999397248,stream
M1-02702,2026-09-01 11:15:30,20260901,11,1,2,1,2,0.759,10.944499867036939,stream
M2-02703,2026-09-01 11:15:45,20260901,11,2,3,1,2,0.83,15.292099909856915,stream
M1-02704,2026-09-01 11:16:00,20260901,11,1,6,1,2,0.662,12.822099961340427,stream
M2-02705,2026-09-01 11:16:15,20260901,11,2,4,1,3,0.757,11.603199876844883,stream
M1-02706,2026-09-01 11:16:30,20260901,11,1,4,1,1,0.576,12.283199932426214,stream
M2-02707,2026-09-01 11:16:45,20260901,11,2,3,1,2,0.733,13.23199993930757,stream
M1-02708,2026-09-01 11:17:00,20260901,11,1,5,1,3,0.597,16.361699905246496,stream
M2-02709,2026-09-01 11:17:15,20260901,11,2,6,1,1,0.57,25.21690004505217,stream
M1-02710,2026-09-01 11:17:30,20260901,11,1,7,0,0,,21.667800145223737,stream
M2-02711,2026-09-01 11:17:45,20260901,11,2,3,1,3,0.526,13.023599982261658,stream
M1-02712,2026-09-01 11:18:00,20260901,11,1,2,1,13,0.714,16.472900053486228,stream
M2-02713,2026-09-01 11:18:15,20260901,11,2,1,1,4,0.305,33.1109999679029,stream
M1-02714,2026-09-01 11:18:30,20260901,11,1,5,1,1,0.303,28.712800005450845,stream
M2-02715,2026-09-01 11:18:45,20260901,11,2,2,1,11,0.744,13.65009997971356,stream
M1-02716,2026-09-01 11:19:00,20260901,11,1,6,1,2,0.77,13.043199898675084,stream
M2-02717,2026-09-01 11:19:15,20260901,11,2,4,1,1,0.535,12.241499964147806,stream
M1-02718,2026-09-01 11:19:30,20260901,11,1,3,1,4,0.892,13.975800015032291,stream
M2-02719,2026-09-01 11:19:45,20260901,11,2,5,1,2,0.48,10.749600129202008,stream
M1-02720,2026-09-01 11:20:00,20260901,11,1,3,1,2,0.888,12.166700093075633,stream
M2-02721,2026-09-01 11:20:15,20260901,11,2,4,1,1,0.885,15.165899880230427,stream
M1-02722,2026-09-01 11:20:30,20260901,11,1,2,1,2,0.77,16.01060014218092,stream
M2-02723,2026-09-01 11:20:45,20260901,11,2,5,1,2,0.48,12.717599980533123,stream
M1-02724,2026-09-01 11:21:00,20260901,11,1,3,1,4,0.899,13.567399932071567,stream
M2-02725,2026-09-01 11:21:15,20260901,11,2,6,1,2,0.755,13.751100050285459,stream
M1-02726,2026-09-01 11:21:30,20260901,11,1,3,1,6,0.789,31.869499944150448,stream
M2-02727,2026-09-01 11:21:45,20260901,11,2,3,1,2,0.83,28.458999935537577,stream
M1-02728,2026-09-01 11:22:00,20260901,11,1,6,1,3,0.564,24.665500037372112,stream
M2-02729,2026-09-01 11:22:15,20260901,11,2,6,1,4,0.699,19.644400104880333,stream
M1-02730,2026-09-01 11:22:30,20260901,11,1,4,1,1,0.584,11.393600143492222,stream
M2-02731,2026-09-01 11:22:45,20260901,11,2,4,1,1,0.535,11.885700048878789,stream
M1-02732,2026-09-01 11:23:00,20260901,11,1,5,1,3,0.509,14.222200028598309,stream
M2-02733,2026-09-01 11:23:15,20260901,11,2,4,1,2,0.479,10.738299926742911,stream
M1-02734,2026-09-01 11:23:30,20260901,11,1,6,1,3,0.709,11.196800041943789,stream
M2-02735,2026-09-01 11:23:45,20260901,11,2,5,1,3,0.597,12.073799967765808,stream
M1-02736,2026-09-01 11:24:00,20260901,11,1,3,1,2,0.733,24.63610004633665,stream
M2-02737,2026-09-01 11:24:15,20260901,11,2,6,1,5,0.643,28.003999963402748,stream
M1-02738,2026-09-01 11:24:30,20260901,11,1,5,1,3,0.559,15.885500004515052,stream
M2-02739,2026-09-01 11:24:45,20260901,11,2,3,1,3,0.859,16.583300195634365,stream
M1-02740,2026-09-01 11:25:00,20260901,11,1,2,1,4,0.714,14.331900049000978,stream
M2-02741,2026-09-01 11:25:15,20260901,11,2,4,1,2,0.902,10.708800051361322,stream
M1-02742,2026-09-01 11:25:30,20260901,11,1,2,1,2,0.6,13.025599997490644,stream
M2-02743,2026-09-01 11:25:45,20260901,11,2,3,1,3,0.832,26.893500005826354,stream
M1-02744,2026-09-01 11:26:00,20260901,11,1,5,1,3,0.492,15.555299818515778,stream
M2-02745,2026-09-01 11:26:15,20260901,11,2,2,1,1,0.282,17.259899992495775,stream
M1-02746,2026-09-01 11:26:30,20260901,11,1,5,1,4,0.313,13.334699906408787,stream
M2-02747,2026-09-01 11:26:45,20260901,11,2,2,1,2,0.77,12.113899923861027,stream
M1-02748,2026-09-01 11:27:00,20260901,11,1,6,1,10,0.657,14.562099939212203,stream
M2-02749,2026-09-01 11:27:15,20260901,11,2,5,1,4,0.584,17.084900056943297,stream
M1-02750,2026-09-01 11:27:30,20260901,11,1,5,1,1,0.501,15.668800100684166,stream
M2-02751,2026-09-01 11:27:45,20260901,11,2,5,1,4,0.641,13.39710014872253,stream
M1-02752,2026-09-01 11:28:00,20260901,11,1,6,1,1,0.682,29.05839984305203,stream
M2-02753,2026-09-01 11:28:15,20260901,11,2,5,1,2,0.48,15.640099998563528,stream
M1-02754,2026-09-01 11:28:30,20260901,11,1,3,1,5,0.826,13.308299938216805,stream
M2-02755,2026-09-01 11:28:45,20260901,11,2,3,1,6,0.901,14.506000094115734,stream
M1-02756,2026-09-01 11:29:00,20260901,11,1,4,1,2,0.902,22.23569992929697,stream
M2-02757,2026-09-01 11:29:15,20260901,11,2,3,1,2,0.888,26.839399943128228,stream
M1-02758,2026-09-01 11:29:30,20260901,11,1,4,1,3,0.621,13.299699872732162,stream
M2-02759,2026-09-01 11:29:45,20260901,11,2,6,1,1,0.806,17.84899993799627,stream
M1-02760,2026-09-01 11:30:00,20260901,11,1,5,1,2,0.534,13.172199949622154,stream
M2-02761,2026-09-01 11:30:15,20260901,11,2,1,1,1,0.552,12.639899970963597,stream
M1-02762,2026-09-01 11:30:30,20260901,11,1,2,1,2,0.742,15.240899985656142,stream
M2-02763,2026-09-01 11:30:45,20260901,11,2,3,1,3,0.881,19.770799903199077,stream
M1-02764,2026-09-01 11:31:00,20260901,11,1,4,1,1,0.719,12.765799881890416,stream
M2-02765,2026-09-01 11:31:15,20260901,11,2,7,0,0,,12.048500124365091,stream
M1-02766,2026-09-01 11:31:30,20260901,11,1,1,1,2,0.269,11.321500176563859,stream
M2-02767,2026-09-01 11:31:45,20260901,11,2,1,1,4,0.477,15.48429997637868,stream
M1-02768,2026-09-01 11:32:00,20260901,11,1,2,1,11,0.744,13.689300045371056,stream
M2-02769,2026-09-01 11:32:15,20260901,11,2,6,1,10,0.657,14.181500067934394,stream
M1-02770,2026-09-01 11:32:30,20260901,11,1,1,1,1,0.432,11.65300002321601,stream
M2-02771,2026-09-01 11:32:45,20260901,11,2,3,1,3,0.881,11.550000170245767,stream
M1-02772,2026-09-01 11:33:00,20260901,11,1,1,1,3,0.579,23.653699783608317,stream
M2-02773,2026-09-01 11:33:15,20260901,11,2,2,1,2,0.6,25.710499845445156,stream
M1-02774,2026-09-01 11:33:30,20260901,11,1,2,1,3,0.548,18.152000149711967,stream
M2-02775,2026-09-01 11:33:45,20260901,11,2,6,1,3,0.688,18.516700016334653,stream
M1-02776,2026-09-01 11:34:00,20260901,11,1,2,1,3,0.709,12.872700113803148,stream
M2-02777,2026-09-01 11:34:15,20260901,11,2,6,1,3,0.553,13.840500032529235,stream
M1-02778,2026-09-01 11:34:30,20260901,11,1,4,1,1,0.636,24.97349982149899,stream
M2-02779,2026-09-01 11:34:45,20260901,11,2,6,1,5,0.639,24.156699888408184,stream
M1-02780,2026-09-01 11:35:00,20260901,11,1,3,1,3,0.851,12.104899855330586,stream
M2-02781,2026-09-01 11:35:15,20260901,11,2,1,1,2,0.569,26.226300047710538,stream
M1-02782,2026-09-01 11:35:30,20260901,11,1,6,1,5,0.643,21.392000140622258,stream
M2-02783,2026-09-01 11:35:45,20260901,11,2,6,1,1,0.67,14.556899899616838,stream
M1-02784,2026-09-01 11:36:00,20260901,11,1,1,1,4,0.477,29.2646000161767,stream
M2-02785,2026-09-01 11:36:15,20260901,11,2,1,1,4,0.305,24.61919980123639,stream
M1-02786,2026-09-01 11:36:30,20260901,11,1,6,1,2,0.77,26.804900029674172,stream
M2-02787,2026-09-01 11:36:45,20260901,11,2,2,1,1,0.282,13.585699955001473,stream
M1-02788,2026-09-01 11:37:00,20260901,11,1,3,1,6,0.816,11.892199981957674,stream
M2-02789,2026-09-01 11:37:15,20260901,11,2,3,1,3,0.859,15.946799889206886,stream
M1-02790,2026-09-01 11:37:30,20260901,11,1,4,1,3,0.34,16.522000078111887,stream
M2-02791,2026-09-01 11:37:45,20260901,11,2,5,1,2,0.389,13.563400134444237,stream
M1-02792,2026-09-01 11:38:00,20260901,11,1,4,1,1,0.636,10.872900020331144,stream
M2-02793,2026-09-01 11:38:15,20260901,11,2,4,1,3,0.445,11.224400019273162,stream
M1-02794,2026-09-01 11:38:30,20260901,11,1,1,1,4,0.644,15.091100009158254,stream
M2-02795,2026-09-01 11:38:45,20260901,11,2,7,0,0,,10.620799846947193,stream
M1-02796,2026-09-01 11:39:00,20260901,11,1,4,1,2,0.902,12.127199908718467,stream
M2-02797,2026-09-01 11:39:15,20260901,11,2,1,1,1,0.506,17.139900010079145,stream
M1-02798,2026-09-01 11:39:30,20260901,11,1,6,1,2,0.755,11.116900015622377,stream
M2-02799,2026-09-01 11:39:45,20260901,11,2,1,1,4,0.541,25.552500039339066,stream
M1-02800,2026-09-01 11:40:00,20260901,11,1,2,1,3,0.709,15.127400169149041,stream
M2-02801,2026-09-01 11:40:15,20260901,11,2,1,1,4,0.377,13.052300084382296,stream
M1-02802,2026-09-01 11:40:30,20260901,11,1,6,1,10,0.657,22.287100087851286,stream
M2-02803,2026-09-01 11:40:45,20260901,11,2,5,1,1,0.501,16.26050006598234,stream
M1-02804,2026-09-01 11:41:00,20260901,11,1,3,1,2,0.78,23.203900083899498,stream
M2-02805,2026-09-01 11:41:15,20260901,11,2,4,1,3,0.445,26.83200011961162,stream
M1-02806,2026-09-01 11:41:30,20260901,11,1,2,1,3,0.717,11.585300089791417,stream
M2-02807,2026-09-01 11:41:45,20260901,11,2,4,1,5,0.523,13.900200137868524,stream
M1-02808,2026-09-01 11:42:00,20260901,11,1,2,1,3,0.829,12.313699815422297,stream
M2-02809,2026-09-01 11:42:15,20260901,11,2,3,1,5,0.848,13.977899914607406,stream
M1-02810,2026-09-01 11:42:30,20260901,11,1,2,1,3,0.548,30.42480000294745,stream
M2-02811,2026-09-01 11:42:45,20260901,11,2,2,1,2,0.552,31.09030006453395,stream
M1-02812,2026-09-01 11:43:00,20260901,11,1,5,1,2,0.389,15.974199865013361,stream
M2-02813,2026-09-01 11:43:15,20260901,11,2,6,1,1,0.67,16.062499955296516,stream
M1-02814,2026-09-01 11:43:30,20260901,11,1,2,1,3,0.64,18.484799889847636,stream
M2-02815,2026-09-01 11:43:45,20260901,11,2,6,1,5,0.639,11.527900118380785,stream
M1-02816,2026-09-01 11:44:00,20260901,11,1,6,1,7,0.642,11.579700047150254,stream
M2-02817,2026-09-01 11:44:15,20260901,11,2,5,1,4,0.641,11.26480009406805,stream
M1-02818,2026-09-01 11:44:30,20260901,11,1,4,1,3,0.508,10.07319986820221,stream
M2-02819,2026-09-01 11:44:45,20260901,11,2,6,1,7,0.608,11.871299939230084,stream
M1-02820,2026-09-01 11:45:00,20260901,11,1,6,1,7,0.59,12.969100149348378,stream
M2-02821,2026-09-01 11:45:15,20260901,11,2,2,1,2,0.83,39.54479983076453,stream
M1-02822,2026-09-01 11:45:30,20260901,11,1,1,1,3,0.579,21.547700045630336,stream
M2-02823,2026-09-01 11:45:45,20260901,11,2,1,1,1,0.552,16.0219999961555,stream
M1-02824,2026-09-01 11:46:00,20260901,11,1,3,1,4,0.834,17.327900044620037,stream
M2-02825,2026-09-01 11:46:15,20260901,11,2,6,1,4,0.699,11.291499948129058,stream
M1-02826,2026-09-01 11:46:30,20260901,11,1,1,1,4,0.616,26.14839980378747,stream
M2-02827,2026-09-01 11:46:45,20260901,11,2,6,1,1,0.682,30.168000143021345,stream
M1-02828,2026-09-01 11:47:00,20260901,11,1,6,1,1,0.682,19.65329982340336,stream
M2-02829,2026-09-01 11:47:15,20260901,11,2,6,1,1,0.682,18.53800006210804,stream
M1-02830,2026-09-01 11:47:30,20260901,11,1,2,1,13,0.714,25.94009996391833,stream
M2-02831,2026-09-01 11:47:45,20260901,11,2,5,1,3,0.597,29.704299988225102,stream
M1-02832,2026-09-01 11:48:00,20260901,11,1,1,1,3,0.469,13.639099895954132,stream
M2-02833,2026-09-01 11:48:15,20260901,11,2,4,1,3,0.653,13.526299968361855,stream
M1-02834,2026-09-01 11:48:30,20260901,11,1,3,1,6,0.816,17.790199955925345,stream
M2-02835,2026-09-01 11:48:45,20260901,11,2,3,1,6,0.789,11.731000151485205,stream
M1-02836,2026-09-01 11:49:00,20260901,11,1,6,1,3,0.696,12.593799969181418,stream
M2-02837,2026-09-01 11:49:15,20260901,11,2,6,1,7,0.59,19.130100030452013,stream
M1-02838,2026-09-01 11:49:30,20260901,11,1,6,1,3,0.688,11.267600115388632,stream
M2-02839,2026-09-01 11:49:45,20260901,11,2,2,1,4,0.714,27.443999890238047,stream
M1-02840,2026-09-01 11:50:00,20260901,11,1,1,1,2,0.312,12.776599964126945,stream
M2-02841,2026-09-01 11:50:15,20260901,11,2,3,1,4,0.892,11.31800003349781,stream
M1-02842,2026-09-01 11:50:30,20260901,11,1,2,1,2,0.77,11.007199995219707,stream
M2-02843,2026-09-01 11:50:45,20260901,11,2,3,1,3,0.909,23.866300005465746,stream
M1-02844,2026-09-01 11:51:00,20260901,11,1,6,1,1,0.67,14.209900051355362,stream
M2-02845,2026-09-01 11:51:15,20260901,11,2,3,1,3,0.857,11.602100217714906,stream
M1-02846,2026-09-01 11:51:30,20260901,11,1,5,1,3,0.688,22.313500056043267,stream
M2-02847,2026-09-01 11:51:45,20260901,11,2,5,1,4,0.709,11.464600218459964,stream
M1-02848,2026-09-01 11:52:00,20260901,11,1,6,1,2,0.77,12.809100095182657,stream
M2-02849,2026-09-01 11:52:15,20260901,11,2,3,1,6,0.789,12.634499929845333,stream
M1-02850,2026-09-01 11:52:30,20260901,11,1,3,1,2,0.78,13.544399989768863,stream
M2-02851,2026-09-01 11:52:45,20260901,11,2,6,1,1,0.682,9.946300182491541,stream
M1-02852,2026-09-01 11:53:00,20260901,11,1,1,1,3,0.529,11.370599968358874,stream
M2-02853,2026-09-01 11:53:15,20260901,11,2,4,1,1,0.719,28.360400116071105,stream
M1-02854,2026-09-01 11:53:30,20260901,11,1,2,1,3,0.531,30.79960006289184,stream
M2-02855,2026-09-01 11:53:45,20260901,11,2,1,1,3,0.359,24.47139983996749,stream
M1-02856,2026-09-01 11:54:00,20260901,11,1,5,1,3,0.492,13.412999920547009,stream
M2-02857,2026-09-01 11:54:15,20260901,11,2,3,1,6,0.901,32.55629981867969,stream
M1-02858,2026-09-01 11:54:30,20260901,11,1,5,1,3,0.505,22.96670014038682,stream
M2-02859,2026-09-01 11:54:45,20260901,11,2,4,1,2,0.597,27.19680010341108,stream
M1-02860,2026-09-01 11:55:00,20260901,11,1,6,1,2,0.77,32.74630010128021,stream
M2-02861,2026-09-01 11:55:15,20260901,11,2,3,1,4,0.769,16.808300046250224,stream
M1-02862,2026-09-01 11:55:30,20260901,11,1,4,1,3,0.653,13.867700006812811,stream
M2-02863,2026-09-01 11:55:45,20260901,11,2,6,1,5,0.767,14.344300143420696,stream
M1-02864,2026-09-01 11:56:00,20260901,11,1,2,1,3,0.531,28.4126999322325,stream
M2-02865,2026-09-01 11:56:15,20260901,11,2,6,1,2,0.77,12.984399916604161,stream
M1-02866,2026-09-01 11:56:30,20260901,11,1,4,1,3,0.653,14.714400051161647,stream
M2-02867,2026-09-01 11:56:45,20260901,11,2,2,1,4,0.596,13.102099997922778,stream
M1-02868,2026-09-01 11:57:00,20260901,11,1,6,1,7,0.775,15.163500094786286,stream
M2-02869,2026-09-01 11:57:15,20260901,11,2,6,1,1,0.67,11.90169993788004,stream
M1-02870,2026-09-01 11:57:30,20260901,11,1,7,0,0,,13.229400152340531,stream
M2-02871,2026-09-01 11:57:45,20260901,11,2,7,0,0,,10.952199809253216,stream
M1-02872,2026-09-01 11:58:00,20260901,11,1,7,0,0,,10.509699815884233,stream
M2-02873,2026-09-01 11:58:15,20260901,11,2,2,1,3,0.548,14.905499992892146,stream
M1-02874,2026-09-01 11:58:30,20260901,11,1,5,1,4,0.709,17.705600010231137,stream
M2-02875,2026-09-01 11:58:45,20260901,11,2,3,1,4,0.899,27.55520003847778,stream
M1-02876,2026-09-01 11:59:00,20260901,11,1,6,1,7,0.775,23.07750005275011,stream
M2-02877,2026-09-01 11:59:15,20260901,11,2,1,1,2,0.571,11.308299843221903,stream
M1-02878,2026-09-01 11:59:30,20260901,11,1,6,1,7,0.775,12.539099901914597,stream
M2-02879,2026-09-01 11:59:45,20260901,11,2,4,1,2,0.427,10.757100069895387,stream
M1-02880,2026-09-01 12:00:00,20260901,12,1,3,1,3,0.832,11.880999896675348,stream
M2-02881,2026-09-01 12:00:15,20260901,12,2,3,1,3,0.857,11.702500050887465,stream
M1-02882,2026-09-01 12:00:30,20260901,12,1,7,0,0,,10.984400054439902,stream
M2-02883,2026-09-01 12:00:45,20260901,12,2,6,1,3,0.696,10.794600006192923,stream
M1-02884,2026-09-01 12:01:00,20260901,12,1,4,1,3,0.757,11.08359987847507,stream
M2-02885,2026-09-01 12:01:15,20260901,12,2,5,1,4,0.313,11.456399923190475,stream
M1-02886,2026-09-01 12:01:30,20260901,12,1,5,1,1,0.387,10.717500001192093,stream
M2-02887,2026-09-01 12:01:45,20260901,12,2,1,1,3,0.529,10.4286998976022,stream
M1-02888,2026-09-01 12:02:00,20260901,12,1,1,1,2,0.569,10.844299802556634,stream
M2-02889,2026-09-01 12:02:15,20260901,12,2,1,1,3,0.384,11.687499936670065,stream
M1-02890,2026-09-01 12:02:30,20260901,12,1,6,1,2,0.77,10.289099998772144,stream
M2-02891,2026-09-01 12:02:45,20260901,12,2,1,1,4,0.377,13.416599947959185,stream
M1-02892,2026-09-01 12:03:00,20260901,12,1,2,1,2,0.77,9.531799936667085,stream
M2-02893,2026-09-01 12:03:15,20260901,12,2,2,1,4,0.674,11.204399866983294,stream
M1-02894,2026-09-01 12:03:30,20260901,12,1,4,1,3,0.508,10.57320018298924,stream
M2-02895,2026-09-01 12:03:45,20260901,12,2,4,1,5,0.523,19.390400033444166,stream
M1-02896,2026-09-01 12:04:00,20260901,12,1,5,1,4,0.709,13.265500077977777,stream
M2-02897,2026-09-01 12:04:15,20260901,12,2,1,1,4,0.541,27.200999902561307,stream
M1-02898,2026-09-01 12:04:30,20260901,12,1,3,1,3,0.909,10.237899841740727,stream
M2-02899,2026-09-01 12:04:45,20260901,12,2,6,1,2,0.73,12.962999986484647,stream
M1-02900,2026-09-01 12:05:00,20260901,12,1,2,1,2,0.77,16.094999853521585,stream
M2-02901,2026-09-01 12:05:15,20260901,12,2,1,1,3,0.469,16.686700051650405,stream
M1-02902,2026-09-01 12:05:30,20260901,12,1,6,1,2,0.755,34.42199993878603,stream
M2-02903,2026-09-01 12:05:45,20260901,12,2,4,1,3,0.34,25.261000031605363,stream
M1-02904,2026-09-01 12:06:00,20260901,12,1,6,1,1,0.57,12.271499959751964,stream
M2-02905,2026-09-01 12:06:15,20260901,12,2,5,1,3,0.509,25.591300101950765,stream
M1-02906,2026-09-01 12:06:30,20260901,12,1,2,1,6,0.828,27.91179995983839,stream
M2-02907,2026-09-01 12:06:45,20260901,12,2,1,1,1,0.37,11.517399922013283,stream
M1-02908,2026-09-01 12:07:00,20260901,12,1,2,1,3,0.717,31.33910009637475,stream
M2-02909,2026-09-01 12:07:15,20260901,12,2,4,1,1,0.719,11.00850012153387,stream
M1-02910,2026-09-01 12:07:30,20260901,12,1,1,1,5,0.352,54.209799971431494,stream
M2-02911,2026-09-01 12:07:45,20260901,12,2,1,1,1,0.37,25.833599967882037,stream
M1-02912,2026-09-01 12:08:00,20260901,12,1,6,1,6,0.591,30.060600023716688,stream
M2-02913,2026-09-01 12:08:15,20260901,12,2,4,1,2,0.479,23.506800178438425,stream
M1-02914,2026-09-01 12:08:30,20260901,12,1,2,1,5,0.715,17.156900139525533,stream
M2-02915,2026-09-01 12:08:45,20260901,12,2,5,1,3,0.505,11.033999966457486,stream
M1-02916,2026-09-01 12:09:00,20260901,12,1,3,1,2,0.733,16.17220020852983,stream
M2-02917,2026-09-01 12:09:15,20260901,12,2,4,1,3,0.508,22.194999968633056,stream
M1-02918,2026-09-01 12:09:30,20260901,12,1,4,1,2,0.597,12.591900071129203,stream
M2-02919,2026-09-01 12:09:45,20260901,12,2,5,1,3,0.427,11.18569984100759,stream
M1-02920,2026-09-01 12:10:00,20260901,12,1,1,1,2,0.358,11.046299943700433,stream
M2-02921,2026-09-01 12:10:15,20260901,12,2,3,1,4,0.769,13.020599959418178,stream
M1-02922,2026-09-01 12:10:30,20260901,12,1,5,1,1,0.382,10.155700147151947,stream
M2-02923,2026-09-01 12:10:45,20260901,12,2,2,1,2,0.759,11.707199970260262,stream
M1-02924,2026-09-01 12:11:00,20260901,12,1,5,1,3,0.505,12.747800210490823,stream
M2-02925,2026-09-01 12:11:15,20260901,12,2,2,1,4,0.596,13.82940006442368,stream
M1-02926,2026-09-01 12:11:30,20260901,12,1,6,1,1,0.57,24.053899804130197,stream
M2-02927,2026-09-01 12:11:45,20260901,12,2,2,1,3,0.717,28.040700126439333,stream
M1-02928,2026-09-01 12:12:00,20260901,12,1,6,1,7,0.608,25.844800053164363,stream
M2-02929,2026-09-01 12:12:15,20260901,12,2,2,1,5,0.707,26.157299987971783,stream
M1-02930,2026-09-01 12:12:30,20260901,12,1,1,1,4,0.644,12.08700006827712,stream
M2-02931,2026-09-01 12:12:45,20260901,12,2,5,1,6,0.667,11.384099954739213,stream
M1-02932,2026-09-01 12:13:00,20260901,12,1,5,1,1,0.554,12.948399875313044,stream
M2-02933,2026-09-01 12:13:15,20260901,12,2,3,1,2,0.846,12.005399912595749,stream
M1-02934,2026-09-01 12:13:30,20260901,12,1,3,1,3,0.851,11.70190004631877,stream
M2-02935,2026-09-01 12:13:45,20260901,12,2,3,1,3,0.526,30.93119990080595,stream
M1-02936,2026-09-01 12:14:00,20260901,12,1,2,1,3,0.59,16.892899991944432,stream
M2-02937,2026-09-01 12:14:15,20260901,12,2,4,1,2,0.597,30.537200160324574,stream
M1-02938,2026-09-01 12:14:30,20260901,12,1,6,1,7,0.775,12.160199927166104,stream
M2-02939,2026-09-01 12:14:45,20260901,12,2,1,1,2,0.569,14.09010007046163,stream
M1-02940,2026-09-01 12:15:00,20260901,12,1,6,1,3,0.696,31.05999995023012,stream
M2-02941,2026-09-01 12:15:15,20260901,12,2,1,1,1,0.552,13.370000058785081,stream
M1-02942,2026-09-01 12:15:30,20260901,12,1,5,1,2,0.534,31.726100016385317,stream
M2-02943,2026-09-01 12:15:45,20260901,12,2,1,1,2,0.269,12.935700127854943,stream
M1-02944,2026-09-01 12:16:00,20260901,12,1,1,1,2,0.569,40.29079992324114,stream
M2-02945,2026-09-01 12:16:15,20260901,12,2,6,1,3,0.564,14.471700182184577,stream
M1-02946,2026-09-01 12:16:30,20260901,12,1,3,1,6,0.896,14.333799947053194,stream
M2-02947,2026-09-01 12:16:45,20260901,12,2,2,1,1,0.595,11.7166000418365,stream
M1-02948,2026-09-01 12:17:00,20260901,12,1,2,1,2,0.755,13.983499957248569,stream
M2-02949,2026-09-01 12:17:15,20260901,12,2,5,1,4,0.641,11.098899878561497,stream
M1-02950,2026-09-01 12:17:30,20260901,12,1,2,1,13,0.714,11.688499944284558,stream
M2-02951,2026-09-01 12:17:45,20260901,12,2,1,1,1,0.506,16.159600112587214,stream
M1-02952,2026-09-01 12:18:00,20260901,12,1,3,1,4,0.904,12.484599836170673,stream
M2-02953,2026-09-01 12:18:15,20260901,12,2,1,1,5,0.531,13.047900050878525,stream
M1-02954,2026-09-01 12:18:30,20260901,12,1,3,1,2,0.865,13.154600048437715,stream
M2-02955,2026-09-01 12:18:45,20260901,12,2,2,1,2,0.759,17.478100024163723,stream
M1-02956,2026-09-01 12:19:00,20260901,12,1,3,1,6,0.789,12.25879997946322,stream
M2-02957,2026-09-01 12:19:15,20260901,12,2,5,1,3,0.509,12.308300007134676,stream
M1-02958,2026-09-01 12:19:30,20260901,12,1,1,1,1,0.579,10.365100111812353,stream
M2-02959,2026-09-01 12:19:45,20260901,12,2,1,1,4,0.644,10.106599889695644,stream
M1-02960,2026-09-01 12:20:00,20260901,12,1,4,1,4,0.892,10.84390003234148,stream
M2-02961,2026-09-01 12:20:15,20260901,12,2,2,1,3,0.717,12.890799902379513,stream
M1-02962,2026-09-01 12:20:30,20260901,12,1,3,1,3,0.526,13.875899836421013,stream
M2-02963,2026-09-01 12:20:45,20260901,12,2,4,1,5,0.934,11.569600086659193,stream
M1-02964,2026-09-01 12:21:00,20260901,12,1,3,1,6,0.789,11.320500168949366,stream
M2-02965,2026-09-01 12:21:15,20260901,12,2,6,1,6,0.804,23.924299981445074,stream
M1-02966,2026-09-01 12:21:30,20260901,12,1,5,1,3,0.688,13.603399973362684,stream
M2-02967,2026-09-01 12:21:45,20260901,12,2,5,1,1,0.554,16.564999939873815,stream
M1-02968,2026-09-01 12:22:00,20260901,12,1,5,1,1,0.387,15.548599883913994,stream
M2-02969,2026-09-01 12:22:15,20260901,12,2,5,1,2,0.534,15.72249992750585,stream
M1-02970,2026-09-01 12:22:30,20260901,12,1,1,1,3,0.469,18.75999988988042,stream
M2-02971,2026-09-01 12:22:45,20260901,12,2,1,1,2,0.313,21.536400076001883,stream
M1-02972,2026-09-01 12:23:00,20260901,12,1,3,1,3,0.909,27.636799961328506,stream
M2-02973,2026-09-01 12:23:15,20260901,12,2,4,1,1,0.885,14.46940004825592,stream
M1-02974,2026-09-01 12:23:30,20260901,12,1,4,1,5,0.523,10.511999949812889,stream
M2-02975,2026-09-01 12:23:45,20260901,12,2,4,1,2,0.597,17.430600011721253,stream
M1-02976,2026-09-01 12:24:00,20260901,12,1,5,1,1,0.382,12.781400000676513,stream
M2-02977,2026-09-01 12:24:15,20260901,12,2,5,1,1,0.303,11.329399887472391,stream
M1-02978,2026-09-01 12:24:30,20260901,12,1,5,1,3,0.515,10.444599902257323,stream
M2-02979,2026-09-01 12:24:45,20260901,12,2,4,1,1,0.597,18.234199844300747,stream
M1-02980,2026-09-01 12:25:00,20260901,12,1,5,1,4,0.584,35.29920009896159,stream
M2-02981,2026-09-01 12:25:15,20260901,12,2,7,0,0,,22.039599949494004,stream
M1-02982,2026-09-01 12:25:30,20260901,12,1,2,1,1,0.867,20.78079991042614,stream
M2-02983,2026-09-01 12:25:45,20260901,12,2,2,1,2,0.755,17.125099897384644,stream
M1-02984,2026-09-01 12:26:00,20260901,12,1,6,1,1,0.57,13.089899905025959,stream
M2-02985,2026-09-01 12:26:15,20260901,12,2,4,1,2,0.479,25.084699969738722,stream
M1-02986,2026-09-01 12:26:30,20260901,12,1,5,1,4,0.313,15.98039991222322,stream
M2-02987,2026-09-01 12:26:45,20260901,12,2,3,1,3,0.909,29.324500123038888,stream
M1-02988,2026-09-01 12:27:00,20260901,12,1,2,1,2,0.759,17.216699896380305,stream
M2-02989,2026-09-01 12:27:15,20260901,12,2,7,0,0,,10.56089997291565,stream
M1-02990,2026-09-01 12:27:30,20260901,12,1,2,1,2,0.755,12.122999876737595,stream
M2-02991,2026-09-01 12:27:45,20260901,12,2,2,1,1,0.595,13.226700015366077,stream
M1-02992,2026-09-01 12:28:00,20260901,12,1,1,1,4,0.616,29.316999949514866,stream
M2-02993,2026-09-01 12:28:15,20260901,12,2,4,1,5,0.523,16.95839990861714,stream
M1-02994,2026-09-01 12:28:30,20260901,12,1,6,1,1,0.682,10.804800083860755,stream
M2-02995,2026-09-01 12:28:45,20260901,12,2,5,1,3,0.559,12.15810002759099,stream
M1-02996,2026-09-01 12:29:00,20260901,12,1,1,1,1,0.506,17.059900099411607,stream
M2-02997,2026-09-01 12:29:15,20260901,12,2,6,1,2,0.662,14.772900147363544,stream
M1-02998,2026-09-01 12:29:30,20260901,12,1,1,1,2,0.269,12.622700072824955,stream
M2-02999,2026-09-01 12:29:45,20260901,12,2,5,1,2,0.534,12.905499897897243,stream
M1-03000,2026-09-01 12:30:00,20260901,12,1,3,1,3,0.851,14.596899971365929,stream
M2-03001,2026-09-01 12:30:15,20260901,12,2,5,1,3,0.559,14.905000105500221,stream
M1-03002,2026-09-01 12:30:30,20260901,12,1,3,1,2,0.888,14.953400008380413,stream
M2-03003,2026-09-01 12:30:45,20260901,12,2,4,1,3,0.445,13.89589998871088,stream
M1-03004,2026-09-01 12:31:00,20260901,12,1,6,1,2,0.662,10.42159995995462,stream
M2-03005,2026-09-01 12:31:15,20260901,12,2,5,1,1,0.303,17.101600067690015,stream
M1-03006,2026-09-01 12:31:30,20260901,12,1,4,1,2,0.479,17.519199987873435,stream
M2-03007,2026-09-01 12:31:45,20260901,12,2,6,1,7,0.642,13.244600035250187,stream
M1-03008,2026-09-01 12:32:00,20260901,12,1,3,1,5,0.848,19.19379993341863,stream
M2-03009,2026-09-01 12:32:15,20260901,12,2,6,1,5,0.767,27.884099865332246,stream
M1-03010,2026-09-01 12:32:30,20260901,12,1,6,1,6,0.737,27.082399930804968,stream
M2-03011,2026-09-01 12:32:45,20260901,12,2,4,1,1,0.849,22.627700120210648,stream
M1-03012,2026-09-01 12:33:00,20260901,12,1,5,1,3,0.492,21.51130000129342,stream
M2-03013,2026-09-01 12:33:15,20260901,12,2,3,1,3,0.884,19.419899908825755,stream
M1-03014,2026-09-01 12:33:30,20260901,12,1,2,1,3,0.749,18.678999971598387,stream
M2-03015,2026-09-01 12:33:45,20260901,12,2,5,1,3,0.597,14.2898999620229,stream
M1-03016,2026-09-01 12:34:00,20260901,12,1,1,1,4,0.52,13.527400093153119,stream
M2-03017,2026-09-01 12:34:15,20260901,12,2,4,1,5,0.523,18.251399975270033,stream
M1-03018,2026-09-01 12:34:30,20260901,12,1,4,1,1,0.576,12.694800039753318,stream
M2-03019,2026-09-01 12:34:45,20260901,12,2,3,1,5,0.826,14.57899995148182,stream
M1-03020,2026-09-01 12:35:00,20260901,12,1,5,1,3,0.492,15.569000039249659,stream
M2-03021,2026-09-01 12:35:15,20260901,12,2,1,1,5,0.531,12.466399930417538,stream
M1-03022,2026-09-01 12:35:30,20260901,12,1,3,1,1,0.868,13.549800030887127,stream
M2-03023,2026-09-01 12:35:45,20260901,12,2,5,1,6,0.667,29.11779982969165,stream
M1-03024,2026-09-01 12:36:00,20260901,12,1,1,1,3,0.529,29.55619990825653,stream
M2-03025,2026-09-01 12:36:15,20260901,12,2,5,1,2,0.48,25.116000091657043,stream
M1-03026,2026-09-01 12:36:30,20260901,12,1,7,0,0,,12.27649999782443,stream
M2-03027,2026-09-01 12:36:45,20260901,12,2,4,1,2,0.401,49.846400041133165,stream
M1-03028,2026-09-01 12:37:00,20260901,12,1,3,1,4,0.834,30.308400047942996,stream
M2-03029,2026-09-01 12:37:15,20260901,12,2,6,1,3,0.688,33.00389996729791,stream
M1-03030,2026-09-01 12:37:30,20260901,12,1,3,1,3,0.889,21.463599987328053,stream
M2-03031,2026-09-01 12:37:45,20260901,12,2,5,1,3,0.427,16.348299803212285,stream
M1-03032,2026-09-01 12:38:00,20260901,12,1,1,1,4,0.541,11.3667999394238,stream
M2-03033,2026-09-01 12:38:15,20260901,12,2,5,1,4,0.584,14.927199808880687,stream
M1-03034,2026-09-01 12:38:30,20260901,12,1,5,1,4,0.641,11.844499967992306,stream
M2-03035,2026-09-01 12:38:45,20260901,12,2,7,0,0,,14.657899970188737,stream
M1-03036,2026-09-01 12:39:00,20260901,12,1,1,1,3,0.384,11.899000033736229,stream
M2-03037,2026-09-01 12:39:15,20260901,12,2,5,1,1,0.621,19.11450014449656,stream
M1-03038,2026-09-01 12:39:30,20260901,12,1,4,1,3,0.757,15.986799960955977,stream
M2-03039,2026-09-01 12:39:45,20260901,12,2,1,1,3,0.384,12.574799824506044,stream
M1-03040,2026-09-01 12:40:00,20260901,12,1,4,1,1,0.576,18.50380003452301,stream
M2-03041,2026-09-01 12:40:15,20260901,12,2,2,1,9,0.776,13.186900177970529,stream
M1-03042,2026-09-01 12:40:30,20260901,12,1,3,1,5,0.826,12.688900111243129,stream
M2-03043,2026-09-01 12:40:45,20260901,12,2,3,1,3,0.851,13.637700118124485,stream
M1-03044,2026-09-01 12:41:00,20260901,12,1,5,1,3,0.688,11.748399818316102,stream
M2-03045,2026-09-01 12:41:15,20260901,12,2,5,1,4,0.709,17.3611999489367,stream
M1-03046,2026-09-01 12:41:30,20260901,12,1,4,1,3,0.653,12.144599808380008,stream
M2-03047,2026-09-01 12:41:45,20260901,12,2,1,1,3,0.579,21.431200206279755,stream
M1-03048,2026-09-01 12:42:00,20260901,12,1,6,1,1,0.682,12.057699961587787,stream
M2-03049,2026-09-01 12:42:15,20260901,12,2,3,1,3,0.859,35.98469984717667,stream
M1-03050,2026-09-01 12:42:30,20260901,12,1,6,1,1,0.787,16.897999914363027,stream
M2-03051,2026-09-01 12:42:45,20260901,12,2,6,1,1,0.787,24.14750005118549,stream
M1-03052,2026-09-01 12:43:00,20260901,12,1,5,1,1,0.303,18.54779990389943,stream
M2-03053,2026-09-01 12:43:15,20260901,12,2,3,1,3,0.884,23.565599927678704,stream
M1-03054,2026-09-01 12:43:30,20260901,12,1,6,1,6,0.804,22.49990007840097,stream
M2-03055,2026-09-01 12:43:45,20260901,12,2,2,1,2,0.746,13.223899994045496,stream
M1-03056,2026-09-01 12:44:00,20260901,12,1,1,1,2,0.48,12.115300167351961,stream
M2-03057,2026-09-01 12:44:15,20260901,12,2,5,1,1,0.303,21.32940012961626,stream
M1-03058,2026-09-01 12:44:30,20260901,12,1,5,1,2,0.534,10.892200050875545,stream
M2-03059,2026-09-01 12:44:45,20260901,12,2,6,1,1,0.67,16.17470011115074,stream
M1-03060,2026-09-01 12:45:00,20260901,12,1,2,1,1,0.282,20.17499995417893,stream
M2-03061,2026-09-01 12:45:15,20260901,12,2,4,1,5,0.523,17.426300095394254,stream
M1-03062,2026-09-01 12:45:30,20260901,12,1,6,1,3,0.709,14.147899812087417,stream
M2-03063,2026-09-01 12:45:45,20260901,12,2,3,1,2,0.846,15.817099949344993,stream
M1-03064,2026-09-01 12:46:00,20260901,12,1,6,1,7,0.775,15.60539985075593,stream
M2-03065,2026-09-01 12:46:15,20260901,12,2,5,1,3,0.509,16.868399921804667,stream
M1-03066,2026-09-01 12:46:30,20260901,12,1,5,1,4,0.709,14.828499872237444,stream
M2-03067,2026-09-01 12:46:45,20260901,12,2,2,1,3,0.59,19.562400178983808,stream
M1-03068,2026-09-01 12:47:00,20260901,12,1,1,1,4,0.541,16.142699867486954,stream
M2-03069,2026-09-01 12:47:15,20260901,12,2,4,1,3,0.621,13.456600019708276,stream
M1-03070,2026-09-01 12:47:30,20260901,12,1,6,1,6,0.737,13.000200036913157,stream
M2-03071,2026-09-01 12:47:45,20260901,12,2,6,1,6,0.591,15.406399965286255,stream
M1-03072,2026-09-01 12:48:00,20260901,12,1,6,1,5,0.767,16.735400073230267,stream
M2-03073,2026-09-01 12:48:15,20260901,12,2,2,1,3,0.709,19.2331001162529,stream
M1-03074,2026-09-01 12:48:30,20260901,12,1,6,1,5,0.639,28.313499875366688,stream
M2-03075,2026-09-01 12:48:45,20260901,12,2,4,1,3,0.698,32.94919990003109,stream
M1-03076,2026-09-01 12:49:00,20260901,12,1,3,1,3,0.909,15.212999889627099,stream
M2-03077,2026-09-01 12:49:15,20260901,12,2,5,1,3,0.509,25.983599945902824,stream
M1-03078,2026-09-01 12:49:30,20260901,12,1,3,1,3,0.912,12.300500180572271,stream
M2-03079,2026-09-01 12:49:45,20260901,12,2,4,1,2,0.902,15.418700175359845,stream
M1-03080,2026-09-01 12:50:00,20260901,12,1,5,1,1,0.621,15.889199916273355,stream
M2-03081,2026-09-01 12:50:15,20260901,12,2,6,1,7,0.59,31.975299818441272,stream
M1-03082,2026-09-01 12:50:30,20260901,12,1,2,1,2,0.755,24.88939999602735,stream
M2-03083,2026-09-01 12:50:45,20260901,12,2,5,1,3,0.492,10.273699881508946,stream
M1-03084,2026-09-01 12:51:00,20260901,12,1,4,1,1,0.597,23.178100120276213,stream
M2-03085,2026-09-01 12:51:15,20260901,12,2,4,1,3,0.34,11.731400154531002,stream
M1-03086,2026-09-01 12:51:30,20260901,12,1,3,1,3,0.859,14.048899989575148,stream
M2-03087,2026-09-01 12:51:45,20260901,12,2,4,1,2,0.401,13.269999995827675,stream
M1-03088,2026-09-01 12:52:00,20260901,12,1,4,1,1,0.584,11.043499922379851,stream
M2-03089,2026-09-01 12:52:15,20260901,12,2,3,1,4,0.899,14.555499888956547,stream
M1-03090,2026-09-01 12:52:30,20260901,12,1,3,1,1,0.769,12.666900176554918,stream
M2-03091,2026-09-01 12:52:45,20260901,12,2,2,1,3,0.59,10.615299921482801,stream
M1-03092,2026-09-01 12:53:00,20260901,12,1,3,1,3,0.881,12.52519991248846,stream
M2-03093,2026-09-01 12:53:15,20260901,12,2,3,1,1,0.769,14.596499968320131,stream
M1-03094,2026-09-01 12:53:30,20260901,12,1,5,1,1,0.387,13.699099887162447,stream
M2-03095,2026-09-01 12:53:45,20260901,12,2,6,1,7,0.608,16.301400028169155,stream
M1-03096,2026-09-01 12:54:00,20260901,12,1,4,1,4,0.892,15.214500017464161,stream
M2-03097,2026-09-01 12:54:15,20260901,12,2,4,1,3,0.621,11.393799912184477,stream
M1-03098,2026-09-01 12:54:30,20260901,12,1,3,1,3,0.859,16.7263001203537,stream
M2-03099,2026-09-01 12:54:45,20260901,12,2,6,1,6,0.591,13.499999884516,stream
M1-03100,2026-09-01 12:55:00,20260901,12,1,3,1,4,0.892,22.88439986295998,stream
M2-03101,2026-09-01 12:55:15,20260901,12,2,6,1,6,0.737,24.317899951711297,stream
M1-03102,2026-09-01 12:55:30,20260901,12,1,6,1,3,0.696,30.88560001924634,stream
M2-03103,2026-09-01 12:55:45,20260901,12,2,2,1,2,0.759,25.436100084334612,stream
M1-03104,2026-09-01 12:56:00,20260901,12,1,3,1,2,0.865,26.4423000626266,stream
M2-03105,2026-09-01 12:56:15,20260901,12,2,3,1,3,0.889,28.952699853107333,stream
M1-03106,2026-09-01 12:56:30,20260901,12,1,2,1,2,0.755,52.58170003071427,stream
M2-03107,2026-09-01 12:56:45,20260901,12,2,3,1,3,0.881,24.825300090014935,stream
M1-03108,2026-09-01 12:57:00,20260901,12,1,5,1,5,0.797,22.796399891376495,stream
M2-03109,2026-09-01 12:57:15,20260901,12,2,2,1,3,0.709,24.486100068315864,stream
M1-03110,2026-09-01 12:57:30,20260901,12,1,5,1,1,0.387,29.37000012025237,stream
M2-03111,2026-09-01 12:57:45,20260901,12,2,6,1,10,0.657,13.375400099903345,stream
M1-03112,2026-09-01 12:58:00,20260901,12,1,1,1,1,0.506,14.769200002774596,stream
M2-03113,2026-09-01 12:58:15,20260901,12,2,3,1,4,0.769,16.39849995262921,stream
M1-03114,2026-09-01 12:58:30,20260901,12,1,5,1,1,0.303,11.34330010972917,stream
M2-03115,2026-09-01 12:58:45,20260901,12,2,2,1,7,0.806,13.98629997856915,stream
M1-03116,2026-09-01 12:59:00,20260901,12,1,6,1,3,0.706,10.579599998891354,stream
M2-03117,2026-09-01 12:59:15,20260901,12,2,2,1,9,0.776,14.471699949353933,stream
M1-03118,2026-09-01 12:59:30,20260901,12,1,6,1,6,0.591,15.592299867421389,stream
M2-03119,2026-09-01 12:59:45,20260901,12,2,4,1,3,0.757,17.175900051370263,stream
M1-03120,2026-09-01 13:00:00,20260901,13,1,6,1,4,0.699,15.748900128528476,stream
M2-03121,2026-09-01 13:00:15,20260901,13,2,3,1,1,0.868,15.396500006318092,stream
M1-03122,2026-09-01 13:00:30,20260901,13,1,1,1,4,0.644,13.462500181049109,stream
M2-03123,2026-09-01 13:00:45,20260901,13,2,5,1,1,0.382,12.650700053200126,stream
M1-03124,2026-09-01 13:01:00,20260901,13,1,5,1,2,0.389,11.25389989465475,stream
M2-03125,2026-09-01 13:01:15,20260901,13,2,2,1,3,0.717,13.776600128039718,stream
M1-03126,2026-09-01 13:01:30,20260901,13,1,3,1,4,0.899,15.848299954086542,stream
M2-03127,2026-09-01 13:01:45,20260901,13,2,4,1,1,0.43,13.85190011933446,stream
M1-03128,2026-09-01 13:02:00,20260901,13,1,3,1,2,0.78,13.061899924650788,stream
M2-03129,2026-09-01 13:02:15,20260901,13,2,5,1,3,0.492,14.89019999280572,stream
M1-03130,2026-09-01 13:02:30,20260901,13,1,2,1,11,0.744,18.48450000397861,stream
M2-03131,2026-09-01 13:02:45,20260901,13,2,4,1,3,0.445,13.495099963620305,stream
M1-03132,2026-09-01 13:03:00,20260901,13,1,4,1,3,0.508,15.24809980764985,stream
M2-03133,2026-09-01 13:03:15,20260901,13,2,3,1,3,0.909,15.396700007840991,stream
M1-03134,2026-09-01 13:03:30,20260901,13,1,1,1,4,0.305,17.702999990433455,stream
M2-03135,2026-09-01 13:03:45,20260901,13,2,1,1,2,0.48,23.943400010466576,stream
M1-03136,2026-09-01 13:04:00,20260901,13,1,2,1,2,0.742,16.61060005426407,stream
M2-03137,2026-09-01 13:04:15,20260901,13,2,2,1,3,0.829,10.857499903067946,stream
M1-03138,2026-09-01 13:04:30,20260901,13,1,6,1,4,0.699,10.825300123542547,stream
M2-03139,2026-09-01 13:04:45,20260901,13,2,2,1,2,0.746,24.61229986511171,stream
M1-03140,2026-09-01 13:05:00,20260901,13,1,5,1,3,0.549,29.475699877366424,stream
M2-03141,2026-09-01 13:05:15,20260901,13,2,4,1,1,0.719,28.074000030755997,stream
M1-03142,2026-09-01 13:05:30,20260901,13,1,1,1,2,0.313,35.93259979970753,stream
M2-03143,2026-09-01 13:05:45,20260901,13,2,3,1,3,0.526,16.460099956020713,stream
M1-03144,2026-09-01 13:06:00,20260901,13,1,5,1,3,0.597,28.050600085407495,stream
M2-03145,2026-09-01 13:06:15,20260901,13,2,3,1,2,0.846,28.186299838125706,stream
M1-03146,2026-09-01 13:06:30,20260901,13,1,7,0,0,,10.442700004205108,stream
M2-03147,2026-09-01 13:06:45,20260901,13,2,5,1,3,0.688,15.745099866762757,stream
M1-03148,2026-09-01 13:07:00,20260901,13,1,4,1,3,0.653,12.593800202012062,stream
M2-03149,2026-09-01 13:07:15,20260901,13,2,3,1,3,0.909,18.53640004992485,stream
M1-03150,2026-09-01 13:07:30,20260901,13,1,6,1,5,0.643,14.018399873748422,stream
M2-03151,2026-09-01 13:07:45,20260901,13,2,6,1,2,0.755,15.192400198429823,stream
M1-03152,2026-09-01 13:08:00,20260901,13,1,6,1,3,0.709,10.752000147476792,stream
M2-03153,2026-09-01 13:08:15,20260901,13,2,4,1,5,0.523,14.67679999768734,stream
M1-03154,2026-09-01 13:08:30,20260901,13,1,1,1,1,0.552,16.37790002860129,stream
M2-03155,2026-09-01 13:08:45,20260901,13,2,1,1,1,0.506,16.08119998127222,stream
M1-03156,2026-09-01 13:09:00,20260901,13,1,1,1,2,0.312,10.279800044372678,stream
M2-03157,2026-09-01 13:09:15,20260901,13,2,3,1,4,0.904,12.64010020531714,stream
M1-03158,2026-09-01 13:09:30,20260901,13,1,2,1,3,0.531,11.899899924173951,stream
M2-03159,2026-09-01 13:09:45,20260901,13,2,3,1,3,0.851,18.419300206005573,stream
M1-03160,2026-09-01 13:10:00,20260901,13,1,6,1,3,0.715,12.828300008550286,stream
M2-03161,2026-09-01 13:10:15,20260901,13,2,5,1,3,0.505,11.537200072780252,stream
M1-03162,2026-09-01 13:10:30,20260901,13,1,4,1,1,0.885,10.782599914819002,stream
M2-03163,2026-09-01 13:10:45,20260901,13,2,3,1,6,0.816,12.406100053340197,stream
M1-03164,2026-09-01 13:11:00,20260901,13,1,5,1,5,0.797,10.963600128889084,stream
M2-03165,2026-09-01 13:11:15,20260901,13,2,4,1,1,0.702,25.450099958106875,stream
M1-03166,2026-09-01 13:11:30,20260901,13,1,5,1,4,0.709,14.427399961277843,stream
M2-03167,2026-09-01 13:11:45,20260901,13,2,4,1,4,0.892,10.685800109058619,stream
M1-03168,2026-09-01 13:12:00,20260901,13,1,2,1,1,0.867,21.05189999565482,stream
M2-03169,2026-09-01 13:12:15,20260901,13,2,6,1,8,0.632,17.520499881356955,stream
M1-03170,2026-09-01 13:12:30,20260901,13,1,1,1,4,0.644,24.519399972632527,stream
M2-03171,2026-09-01 13:12:45,20260901,13,2,1,1,2,0.313,36.62270004861057,stream
M1-03172,2026-09-01 13:13:00,20260901,13,1,6,1,7,0.59,34.194699954241514,stream
M2-03173,2026-09-01 13:13:15,20260901,13,2,7,0,0,,20.9156998898834,stream
M1-03174,2026-09-01 13:13:30,20260901,13,1,5,1,4,0.641,14.624800067394972,stream
M2-03175,2026-09-01 13:13:45,20260901,13,2,1,1,4,0.477,12.225599959492683,stream
M1-03176,2026-09-01 13:14:00,20260901,13,1,6,1,1,0.67,11.445099953562021,stream
M2-03177,2026-09-01 13:14:15,20260901,13,2,7,0,0,,9.501799941062927,stream
M1-03178,2026-09-01 13:14:30,20260901,13,1,5,1,3,0.492,11.276799952611327,stream
M2-03179,2026-09-01 13:14:45,20260901,13,2,3,1,6,0.789,11.730700032785535,stream
M1-03180,2026-09-01 13:15:00,20260901,13,1,6,1,10,0.657,15.661200042814016,stream
M2-03181,2026-09-01 13:15:15,20260901,13,2,1,1,2,0.438,12.19670008867979,stream
M1-03182,2026-09-01 13:15:30,20260901,13,1,5,1,3,0.559,13.10159987770021,stream
M2-03183,2026-09-01 13:15:45,20260901,13,2,3,1,3,0.859,25.118399877101183,stream
M1-03184,2026-09-01 13:16:00,20260901,13,1,1,1,4,0.305,12.082200031727552,stream
M2-03185,2026-09-01 13:16:15,20260901,13,2,1,1,3,0.384,29.73399986512959,stream
M1-03186,2026-09-01 13:16:30,20260901,13,1,1,1,2,0.438,24.922099895775318,stream
M2-03187,2026-09-01 13:16:45,20260901,13,2,3,1,6,0.816,16.01170003414154,stream
M1-03188,2026-09-01 13:17:00,20260901,13,1,7,0,0,,11.896500131115317,stream
M2-03189,2026-09-01 13:17:15,20260901,13,2,6,1,7,0.608,33.85340003296733,stream
M1-03190,2026-09-01 13:17:30,20260901,13,1,4,1,3,0.34,28.20680011063814,stream
M2-03191,2026-09-01 13:17:45,20260901,13,2,2,1,4,0.596,17.43560004979372,stream
M1-03192,2026-09-01 13:18:00,20260901,13,1,5,1,6,0.667,14.50200006365776,stream
M2-03193,2026-09-01 13:18:15,20260901,13,2,6,1,5,0.639,13.681000098586082,stream
M1-03194,2026-09-01 13:18:30,20260901,13,1,5,1,1,0.603,10.721700033172965,stream
M2-03195,2026-09-01 13:18:45,20260901,13,2,2,1,3,0.829,10.948200011625886,stream
M1-03196,2026-09-01 13:19:00,20260901,13,1,3,1,3,0.914,13.768400065600872,stream
M2-03197,2026-09-01 13:19:15,20260901,13,2,3,1,4,0.899,29.442300088703632,stream
M1-03198,2026-09-01 13:19:30,20260901,13,1,2,1,3,0.531,9.74279991351068,stream
M2-03199,2026-09-01 13:19:45,20260901,13,2,2,1,3,0.548,28.430100064724684,stream
M1-03200,2026-09-01 13:20:00,20260901,13,1,6,1,7,0.642,12.058700202032924,stream
M2-03201,2026-09-01 13:20:15,20260901,13,2,2,1,6,0.828,26.600699871778488,stream
M1-03202,2026-09-01 13:20:30,20260901,13,1,2,1,2,0.77,14.869400067254901,stream
M2-03203,2026-09-01 13:20:45,20260901,13,2,2,1,5,0.715,19.200599985197186,stream
M1-03204,2026-09-01 13:21:00,20260901,13,1,2,1,2,0.83,12.848200043663383,stream
M2-03205,2026-09-01 13:21:15,20260901,13,2,3,1,6,0.901,24.01199983432889,stream
M1-03206,2026-09-01 13:21:30,20260901,13,1,5,1,3,0.359,19.02349991723895,stream
M2-03207,2026-09-01 13:21:45,20260901,13,2,3,1,2,0.888,13.393300119787455,stream
M1-03208,2026-09-01 13:22:00,20260901,13,1,2,1,2,0.759,13.026600005105138,stream
M2-03209,2026-09-01 13:22:15,20260901,13,2,6,1,3,0.715,15.217599924653769,stream
M1-03210,2026-09-01 13:22:30,20260901,13,1,3,1,2,0.78,14.051600126549602,stream
M2-03211,2026-09-01 13:22:45,20260901,13,2,2,1,7,0.806,13.32999998703599,stream
M1-03212,2026-09-01 13:23:00,20260901,13,1,1,1,2,0.313,13.813800178468227,stream
M2-03213,2026-09-01 13:23:15,20260901,13,2,2,1,13,0.714,11.916499817743897,stream
M1-03214,2026-09-01 13:23:30,20260901,13,1,6,1,3,0.553,14.882100047543645,stream
M2-03215,2026-09-01 13:23:45,20260901,13,2,4,1,3,0.508,13.47929984331131,stream
M1-03216,2026-09-01 13:24:00,20260901,13,1,2,1,9,0.776,23.16619991324842,stream
M2-03217,2026-09-01 13:24:15,20260901,13,2,2,1,3,0.829,33.338400069624186,stream
M1-03218,2026-09-01 13:24:30,20260901,13,1,6,1,7,0.608,13.084599981084466,stream
M2-03219,2026-09-01 13:24:45,20260901,13,2,1,1,4,0.477,30.442900024354458,stream
M1-03220,2026-09-01 13:25:00,20260901,13,1,3,1,2,0.83,13.391500106081367,stream
M2-03221,2026-09-01 13:25:15,20260901,13,2,5,1,1,0.387,11.001900071278214,stream
M1-03222,2026-09-01 13:25:30,20260901,13,1,6,1,1,0.67,22.965499898418784,stream
M2-03223,2026-09-01 13:25:45,20260901,13,2,5,1,1,0.303,14.757400145754218,stream
M1-03224,2026-09-01 13:26:00,20260901,13,1,6,1,8,0.632,12.787999818101525,stream
M2-03225,2026-09-01 13:26:15,20260901,13,2,2,1,4,0.596,26.698000030592084,stream
M1-03226,2026-09-01 13:26:30,20260901,13,1,3,1,2,0.78,20.621699979528785,stream
M2-03227,2026-09-01 13:26:45,20260901,13,2,1,1,2,0.313,26.988399913534522,stream
M1-03228,2026-09-01 13:27:00,20260901,13,1,6,1,2,0.755,12.469100067391992,stream
M2-03229,2026-09-01 13:27:15,20260901,13,2,6,1,3,0.688,24.02290003374219,stream
M1-03230,2026-09-01 13:27:30,20260901,13,1,7,0,0,,21.334700053557754,stream
M2-03231,2026-09-01 13:27:45,20260901,13,2,3,1,3,0.914,11.973399901762605,stream
M1-03232,2026-09-01 13:28:00,20260901,13,1,6,1,6,0.591,13.776199892163277,stream
M2-03233,2026-09-01 13:28:15,20260901,13,2,2,1,1,0.867,11.293800082057714,stream
M1-03234,2026-09-01 13:28:30,20260901,13,1,1,1,5,0.531,12.00979994609952,stream
M2-03235,2026-09-01 13:28:45,20260901,13,2,2,1,2,0.755,16.191600123420358,stream
M1-03236,2026-09-01 13:29:00,20260901,13,1,2,1,3,0.717,29.427999863401055,stream
M2-03237,2026-09-01 13:29:15,20260901,13,2,5,1,6,0.667,13.224099995568395,stream
M1-03238,2026-09-01 13:29:30,20260901,13,1,6,1,5,0.643,11.471500154584646,stream
M2-03239,2026-09-01 13:29:45,20260901,13,2,1,1,3,0.579,11.489399941638112,stream
M1-03240,2026-09-01 13:30:00,20260901,13,1,4,1,3,0.653,23.233999963849783,stream
M2-03241,2026-09-01 13:30:15,20260901,13,2,2,1,4,0.596,28.799300082027912,stream
M1-03242,2026-09-01 13:30:30,20260901,13,1,2,1,2,0.759,11.296099983155727,stream
M2-03243,2026-09-01 13:30:45,20260901,13,2,5,1,3,0.688,11.317099910229445,stream
M1-03244,2026-09-01 13:31:00,20260901,13,1,5,1,1,0.387,10.584400035440922,stream
M2-03245,2026-09-01 13:31:15,20260901,13,2,1,1,3,0.384,13.684000121429563,stream
M1-03246,2026-09-01 13:31:30,20260901,13,1,5,1,3,0.597,11.922499863430858,stream
M2-03247,2026-09-01 13:31:45,20260901,13,2,3,1,5,0.848,11.804900132119656,stream
M1-03248,2026-09-01 13:32:00,20260901,13,1,2,1,1,0.867,11.25440001487732,stream
M2-03249,2026-09-01 13:32:15,20260901,13,2,6,1,5,0.767,11.022099992260337,stream
M1-03250,2026-09-01 13:32:30,20260901,13,1,2,1,3,0.709,22.340700030326843,stream
M2-03251,2026-09-01 13:32:45,20260901,13,2,4,1,3,0.621,22.19279995188117,stream
M1-03252,2026-09-01 13:33:00,20260901,13,1,3,1,5,0.848,16.203999985009432,stream
M2-03253,2026-09-01 13:33:15,20260901,13,2,6,1,2,0.662,24.71139980480075,stream
M1-03254,2026-09-01 13:33:30,20260901,13,1,4,1,3,0.698,21.72220009379089,stream
M2-03255,2026-09-01 13:33:45,20260901,13,2,2,1,3,0.749,24.36619997024536,stream
M1-03256,2026-09-01 13:34:00,20260901,13,1,6,1,1,0.806,11.14610000513494,stream
M2-03257,2026-09-01 13:34:15,20260901,13,2,6,1,3,0.564,25.013900129124522,stream
M1-03258,2026-09-01 13:34:30,20260901,13,1,3,1,3,0.857,31.947300070896745,stream
M2-03259,2026-09-01 13:34:45,20260901,13,2,6,1,5,0.643,24.90419987589121,stream
M1-03260,2026-09-01 13:35:00,20260901,13,1,2,1,4,0.714,25.616399943828583,stream
M2-03261,2026-09-01 13:35:15,20260901,13,2,1,1,2,0.571,11.86749991029501,stream
M1-03262,2026-09-01 13:35:30,20260901,13,1,3,1,2,0.83,12.824499979615211,stream
M2-03263,2026-09-01 13:35:45,20260901,13,2,5,1,3,0.582,11.83199998922646,stream
M1-03264,2026-09-01 13:36:00,20260901,13,1,3,1,2,0.78,11.342299869284034,stream
M2-03265,2026-09-01 13:36:15,20260901,13,2,4,1,3,0.445,13.20270006544888,stream
M1-03266,2026-09-01 13:36:30,20260901,13,1,5,1,1,0.387,24.88059992901981,stream
M2-03267,2026-09-01 13:36:45,20260901,13,2,6,1,7,0.608,12.27049995213747,stream
M1-03268,2026-09-01 13:37:00,20260901,13,1,3,1,6,0.896,25.291099911555648,stream
M2-03269,2026-09-01 13:37:15,20260901,13,2,2,1,2,0.6,10.376500198617578,stream
M1-03270,2026-09-01 13:37:30,20260901,13,1,3,1,2,0.846,11.381299933418632,stream
M2-03271,2026-09-01 13:37:45,20260901,13,2,5,1,3,0.515,21.580400178208947,stream
M1-03272,2026-09-01 13:38:00,20260901,13,1,4,1,3,0.34,24.65339982882142,stream
M2-03273,2026-09-01 13:38:15,20260901,13,2,1,1,1,0.579,21.212599938735366,stream
M1-03274,2026-09-01 13:38:30,20260901,13,1,2,1,3,0.709,23.867999901995063,stream
M2-03275,2026-09-01 13:38:45,20260901,13,2,4,1,2,0.627,19.40290001221001,stream
M1-03276,2026-09-01 13:39:00,20260901,13,1,1,1,1,0.506,12.480000033974648,stream
M2-03277,2026-09-01 13:39:15,20260901,13,2,6,1,7,0.642,11.047499952837825,stream
M1-03278,2026-09-01 13:39:30,20260901,13,1,6,1,1,0.806,11.800900101661682,stream
M2-03279,2026-09-01 13:39:45,20260901,13,2,1,1,2,0.438,12.085499940440059,stream
M1-03280,2026-09-01 13:40:00,20260901,13,1,5,1,4,0.584,13.747100019827485,stream
M2-03281,2026-09-01 13:40:15,20260901,13,2,2,1,2,0.77,27.042199857532978,stream
M1-03282,2026-09-01 13:40:30,20260901,13,1,4,1,1,0.719,13.224099995568395,stream
M2-03283,2026-09-01 13:40:45,20260901,13,2,2,1,2,0.755,11.75790000706911,stream
M1-03284,2026-09-01 13:41:00,20260901,13,1,4,1,2,0.427,12.37879996187985,stream
M2-03285,2026-09-01 13:41:15,20260901,13,2,3,1,6,0.901,13.673799810931087,stream
M1-03286,2026-09-01 13:41:30,20260901,13,1,5,1,1,0.387,13.106400147080421,stream
M2-03287,2026-09-01 13:41:45,20260901,13,2,2,1,2,0.742,10.73119998909533,stream
M1-03288,2026-09-01 13:42:00,20260901,13,1,2,1,2,0.552,11.471700156107545,stream
M2-03289,2026-09-01 13:42:15,20260901,13,2,1,1,2,0.269,10.50309999845922,stream
M1-03290,2026-09-01 13:42:30,20260901,13,1,3,1,3,0.832,13.294999953359365,stream
M2-03291,2026-09-01 13:42:45,20260901,13,2,4,1,1,0.885,10.561600094661117,stream
M1-03292,2026-09-01 13:43:00,20260901,13,1,3,1,3,0.912,11.416399851441383,stream
M2-03293,2026-09-01 13:43:15,20260901,13,2,4,1,2,0.627,10.176900075748563,stream
M1-03294,2026-09-01 13:43:30,20260901,13,1,5,1,3,0.492,23.64929998293519,stream
M2-03295,2026-09-01 13:43:45,20260901,13,2,1,1,1,0.552,12.958599952980876,stream
M1-03296,2026-09-01 13:44:00,20260901,13,1,3,1,3,0.884,11.318100150674582,stream
M2-03297,2026-09-01 13:44:15,20260901,13,2,4,1,1,0.43,10.739299934357405,stream
M1-03298,2026-09-01 13:44:30,20260901,13,1,4,1,5,0.523,12.476300122216344,stream
M2-03299,2026-09-01 13:44:45,20260901,13,2,5,1,5,0.797,22.01499999500811,stream
M1-03300,2026-09-01 13:45:00,20260901,13,1,2,1,4,0.596,20.453300094231963,stream
M2-03301,2026-09-01 13:45:15,20260901,13,2,5,1,1,0.382,10.459900135174394,stream
M1-03302,2026-09-01 13:45:30,20260901,13,1,5,1,1,0.621,16.507500084117055,stream
M2-03303,2026-09-01 13:45:45,20260901,13,2,2,1,3,0.64,13.388700084760785,stream
M1-03304,2026-09-01 13:46:00,20260901,13,1,6,1,1,0.787,9.837000165134668,stream
M2-03305,2026-09-01 13:46:15,20260901,13,2,1,1,4,0.616,21.812399849295616,stream
M1-03306,2026-09-01 13:46:30,20260901,13,1,3,1,5,0.882,34.21510010957718,stream
M2-03307,2026-09-01 13:46:45,20260901,13,2,6,1,3,0.715,15.742799965664744,stream
M1-03308,2026-09-01 13:47:00,20260901,13,1,4,1,3,0.698,24.78999993763864,stream
M2-03309,2026-09-01 13:47:15,20260901,13,2,5,1,4,0.584,17.247800016775727,stream
M1-03310,2026-09-01 13:47:30,20260901,13,1,5,1,6,0.667,16.530399909242988,stream
M2-03311,2026-09-01 13:47:45,20260901,13,2,4,1,1,0.702,11.561600025743246,stream
M1-03312,2026-09-01 13:48:00,20260901,13,1,2,1,3,0.717,10.898499982431531,stream
M2-03313,2026-09-01 13:48:15,20260901,13,2,4,1,1,0.849,10.68529998883605,stream
M1-03314,2026-09-01 13:48:30,20260901,13,1,2,1,7,0.806,10.765800019726157,stream
M2-03315,2026-09-01 13:48:45,20260901,13,2,4,1,3,0.34,10.745999868959188,stream
M1-03316,2026-09-01 13:49:00,20260901,13,1,1,1,4,0.644,10.425299871712923,stream
M2-03317,2026-09-01 13:49:15,20260901,13,2,1,1,2,0.438,11.326800100505352,stream
M1-03318,2026-09-01 13:49:30,20260901,13,1,5,1,1,0.387,13.24529992416501,stream
M2-03319,2026-09-01 13:49:45,20260901,13,2,4,1,2,0.479,11.62640005350113,stream
M1-03320,2026-09-01 13:50:00,20260901,13,1,2,1,4,0.674,11.948100058361888,stream
M2-03321,2026-09-01 13:50:15,20260901,13,2,5,1,4,0.641,12.905099894851446,stream
M1-03322,2026-09-01 13:50:30,20260901,13,1,6,1,5,0.643,20.731900120154023,stream
M2-03323,2026-09-01 13:50:45,20260901,13,2,4,1,1,0.849,23.730400018393993,stream
M1-03324,2026-09-01 13:51:00,20260901,13,1,6,1,1,0.787,20.82209987565875,stream
M2-03325,2026-09-01 13:51:15,20260901,13,2,2,1,1,0.282,14.176999917253852,stream
M1-03326,2026-09-01 13:51:30,20260901,13,1,1,1,4,0.616,11.065599974244833,stream
M2-03327,2026-09-01 13:51:45,20260901,13,2,2,1,11,0.744,18.519200151786208,stream
M1-03328,2026-09-01 13:52:00,20260901,13,1,2,1,3,0.749,15.579300001263618,stream
M2-03329,2026-09-01 13:52:15,20260901,13,2,3,1,1,0.769,12.377599952742457,stream
M1-03330,2026-09-01 13:52:30,20260901,13,1,1,1,2,0.438,11.8841000366956,stream
M2-03331,2026-09-01 13:52:45,20260901,13,2,6,1,6,0.591,10.02999977208674,stream
M1-03332,2026-09-01 13:53:00,20260901,13,1,4,1,2,0.627,15.156400157138705,stream
M2-03333,2026-09-01 13:53:15,20260901,13,2,4,1,3,0.508,11.822599917650223,stream
M1-03334,2026-09-01 13:53:30,20260901,13,1,1,1,2,0.269,11.65170012973249,stream
M2-03335,2026-09-01 13:53:45,20260901,13,2,5,1,5,0.797,13.152000028640032,stream
M1-03336,2026-09-01 13:54:00,20260901,13,1,2,1,3,0.59,10.518999770283699,stream
M2-03337,2026-09-01 13:54:15,20260901,13,2,5,1,2,0.534,19.049399998039007,stream
M1-03338,2026-09-01 13:54:30,20260901,13,1,2,1,3,0.829,13.812300050631166,stream
M2-03339,2026-09-01 13:54:45,20260901,13,2,2,1,2,0.6,21.292899968102574,stream
M1-03340,2026-09-01 13:55:00,20260901,13,1,5,1,3,0.582,27.222200063988566,stream
M2-03341,2026-09-01 13:55:15,20260901,13,2,7,0,0,,12.106399983167648,stream
M1-03342,2026-09-01 13:55:30,20260901,13,1,2,1,2,0.742,9.70160006545484,stream
M2-03343,2026-09-01 13:55:45,20260901,13,2,1,1,2,0.571,12.917099986225367,stream
M1-03344,2026-09-01 13:56:00,20260901,13,1,5,1,3,0.492,21.926499903202057,stream
M2-03345,2026-09-01 13:56:15,20260901,13,2,2,1,5,0.715,32.656800001859665,stream
M1-03346,2026-09-01 13:56:30,20260901,13,1,6,1,4,0.699,42.40390006452799,stream
M2-03347,2026-09-01 13:56:45,20260901,13,2,2,1,2,0.742,17.008400056511164,stream
M1-03348,2026-09-01 13:57:00,20260901,13,1,5,1,5,0.797,12.003199895843863,stream
M2-03349,2026-09-01 13:57:15,20260901,13,2,5,1,6,0.667,11.453799903392792,stream
M1-03350,2026-09-01 13:57:30,20260901,13,1,5,1,3,0.756,10.89310017414391,stream
M2-03351,2026-09-01 13:57:45,20260901,13,2,6,1,3,0.564,28.007399989292026,stream
M1-03352,2026-09-01 13:58:00,20260901,13,1,6,1,3,0.688,15.355200041085482,stream
M2-03353,2026-09-01 13:58:15,20260901,13,2,4,1,2,0.902,11.836400022730231,stream
M1-03354,2026-09-01 13:58:30,20260901,13,1,6,1,6,0.591,13.636999996379018,stream
M2-03355,2026-09-01 13:58:45,20260901,13,2,4,1,1,0.535,27.278600027784705,stream
M1-03356,2026-09-01 13:59:00,20260901,13,1,6,1,1,0.57,21.958700148388743,stream
M2-03357,2026-09-01 13:59:15,20260901,13,2,3,1,3,0.832,11.947300052270293,stream
M1-03358,2026-09-01 13:59:30,20260901,13,1,6,1,5,0.643,11.618399992585182,stream
M2-03359,2026-09-01 13:59:45,20260901,13,2,5,1,1,0.554,14.648899901658297,stream
M1-03360,2026-09-01 14:00:00,20260901,14,1,6,1,3,0.564,26.481300126761198,stream
M2-03361,2026-09-01 14:00:15,20260901,14,2,6,1,1,0.713,10.713899973779917,stream
M1-03362,2026-09-01 14:00:30,20260901,14,1,6,1,4,0.699,11.221700115129352,stream
M2-03363,2026-09-01 14:00:45,20260901,14,2,4,1,1,0.736,27.1700001321733,stream
M1-03364,2026-09-01 14:01:00,20260901,14,1,3,1,2,0.83,13.711200095713139,stream
M2-03365,2026-09-01 14:01:15,20260901,14,2,3,1,3,0.678,10.634999955072999,stream
M1-03366,2026-09-01 14:01:30,20260901,14,1,2,1,7,0.806,23.074100026860833,stream
M2-03367,2026-09-01 14:01:45,20260901,14,2,6,1,3,0.686,25.821200106292963,stream
M1-03368,2026-09-01 14:02:00,20260901,14,1,6,1,1,0.57,10.201199911534786,stream
M2-03369,2026-09-01 14:02:15,20260901,14,2,4,1,2,0.569,29.7390001360327,stream
M1-03370,2026-09-01 14:02:30,20260901,14,1,2,1,3,0.829,11.435399996116757,stream
M2-03371,2026-09-01 14:02:45,20260901,14,2,4,1,1,0.385,13.133500004187226,stream
M1-03372,2026-09-01 14:03:00,20260901,14,1,2,1,2,0.6,26.24110016040504,stream
M2-03373,2026-09-01 14:03:15,20260901,14,2,4,1,2,0.519,24.74819985218346,stream
M1-03374,2026-09-01 14:03:30,20260901,14,1,6,1,6,0.804,32.819399842992425,stream
M2-03375,2026-09-01 14:03:45,20260901,14,2,2,1,2,0.589,13.616600073873997,stream
M1-03376,2026-09-01 14:04:00,20260901,14,1,1,1,5,0.531,11.616900097578764,stream
M2-03377,2026-09-01 14:04:15,20260901,14,2,2,1,1,0.61,14.62789997458458,stream
M1-03378,2026-09-01 14:04:30,20260901,14,1,3,1,3,0.859,15.198699897155166,stream
M2-03379,2026-09-01 14:04:45,20260901,14,2,4,1,1,0.251,26.72230009920895,stream
M1-03380,2026-09-01 14:05:00,20260901,14,1,5,1,1,0.554,27.413199888542295,stream
M2-03381,2026-09-01 14:05:15,20260901,14,2,4,1,1,0.704,10.560800088569522,stream
M1-03382,2026-09-01 14:05:30,20260901,14,1,6,1,4,0.699,17.8165000397712,stream
M2-03383,2026-09-01 14:05:45,20260901,14,2,6,1,4,0.667,17.75690005160868,stream
M1-03384,2026-09-01 14:06:00,20260901,14,1,6,1,1,0.806,15.519400127232075,stream
M2-03385,2026-09-01 14:06:15,20260901,14,2,6,1,1,0.51,17.57909986190498,stream
M1-03386,2026-09-01 14:06:30,20260901,14,1,4,1,3,0.34,15.506400028243661,stream
M2-03387,2026-09-01 14:06:45,20260901,14,2,6,1,2,0.45,13.102900004014373,stream
M1-03388,2026-09-01 14:07:00,20260901,14,1,6,1,2,0.662,16.663300106301904,stream
M2-03389,2026-09-01 14:07:15,20260901,14,2,6,1,5,0.723,10.604399954900146,stream
M1-03390,2026-09-01 14:07:30,20260901,14,1,6,1,5,0.767,13.84600019082427,stream
M2-03391,2026-09-01 14:07:45,20260901,14,2,4,1,1,0.831,11.196300154551864,stream
M1-03392,2026-09-01 14:08:00,20260901,14,1,6,1,3,0.715,22.528900066390634,stream
M2-03393,2026-09-01 14:08:15,20260901,14,2,2,1,1,0.579,31.641899840906262,stream
M1-03394,2026-09-01 14:08:30,20260901,14,1,5,1,2,0.389,21.42519992776215,stream
M2-03395,2026-09-01 14:08:45,20260901,14,2,7,0,0,,11.3860999699682,stream
M1-03396,2026-09-01 14:09:00,20260901,14,1,6,1,5,0.639,30.50640015862882,stream
M2-03397,2026-09-01 14:09:15,20260901,14,2,6,1,3,0.757,19.55880015157163,stream
M1-03398,2026-09-01 14:09:30,20260901,14,1,6,1,1,0.787,11.986899888142943,stream
M2-03399,2026-09-01 14:09:45,20260901,14,2,4,1,1,0.831,10.996900033205748,stream
M1-03400,2026-09-01 14:10:00,20260901,14,1,2,1,2,0.83,12.289100093767047,stream
M2-03401,2026-09-01 14:10:15,20260901,14,2,2,1,2,0.301,29.592699836939573,stream
M1-03402,2026-09-01 14:10:30,20260901,14,1,4,1,3,0.508,17.077900003641844,stream
M2-03403,2026-09-01 14:10:45,20260901,14,2,2,1,1,0.518,26.802599895745516,stream
M1-03404,2026-09-01 14:11:00,20260901,14,1,1,1,4,0.477,30.673000030219555,stream
M2-03405,2026-09-01 14:11:15,20260901,14,2,4,1,1,0.313,14.743499923497438,stream
M1-03406,2026-09-01 14:11:30,20260901,14,1,3,1,6,0.896,14.687299961224198,stream
M2-03407,2026-09-01 14:11:45,20260901,14,2,2,1,1,0.61,11.081299977377057,stream
M1-03408,2026-09-01 14:12:00,20260901,14,1,5,1,4,0.584,11.30139990709722,stream
M2-03409,2026-09-01 14:12:15,20260901,14,2,6,1,4,0.752,11.362100020051003,stream
M1-03410,2026-09-01 14:12:30,20260901,14,1,4,1,2,0.401,11.663699988275766,stream
M2-03411,2026-09-01 14:12:45,20260901,14,2,6,1,4,0.618,12.126800138503313,stream
M1-03412,2026-09-01 14:13:00,20260901,14,1,2,1,2,0.759,12.197799980640411,stream
M2-03413,2026-09-01 14:13:15,20260901,14,2,4,1,1,0.736,23.6092999111861,stream
M1-03414,2026-09-01 14:13:30,20260901,14,1,5,1,4,0.313,14.488500077277422,stream
M2-03415,2026-09-01 14:13:45,20260901,14,2,6,1,2,0.323,27.089600218459964,stream
M1-03416,2026-09-01 14:14:00,20260901,14,1,3,1,5,0.848,15.117699978873134,stream
M2-03417,2026-09-01 14:14:15,20260901,14,2,6,1,6,0.623,11.000500060617924,stream
M1-03418,2026-09-01 14:14:30,20260901,14,1,1,1,3,0.529,20.90349979698658,stream
M2-03419,2026-09-01 14:14:45,20260901,14,2,4,1,1,0.322,28.603099985048175,stream
M1-03420,2026-09-01 14:15:00,20260901,14,1,2,1,2,0.742,23.764600045979023,stream
M2-03421,2026-09-01 14:15:15,20260901,14,2,2,1,1,0.597,30.739099951460958,stream
M1-03422,2026-09-01 14:15:30,20260901,14,1,3,1,4,0.899,13.148900121450424,stream
M2-03423,2026-09-01 14:15:45,20260901,14,2,4,1,2,0.576,13.400700176134706,stream
M1-03424,2026-09-01 14:16:00,20260901,14,1,6,1,3,0.709,27.154800016433,stream
M2-03425,2026-09-01 14:16:15,20260901,14,2,7,0,0,,10.356799932196736,stream
M1-03426,2026-09-01 14:16:30,20260901,14,1,6,1,1,0.806,13.92870000563562,stream
M2-03427,2026-09-01 14:16:45,20260901,14,2,7,0,0,,17.430400010198355,stream
M1-03428,2026-09-01 14:17:00,20260901,14,1,4,1,1,0.535,13.914700131863356,stream
M2-03429,2026-09-01 14:17:15,20260901,14,2,7,0,0,,16.9599000364542,stream
M1-03430,2026-09-01 14:17:30,20260901,14,1,2,1,2,0.755,14.92880005389452,stream
M2-03431,2026-09-01 14:17:45,20260901,14,2,4,1,1,0.385,25.014499900862575,stream
M1-03432,2026-09-01 14:18:00,20260901,14,1,1,1,3,0.529,24.7919000685215,stream
M2-03433,2026-09-01 14:18:15,20260901,14,2,2,1,4,0.459,22.38560002297163,stream
M1-03434,2026-09-01 14:18:30,20260901,14,1,6,1,2,0.73,12.47100019827485,stream
M2-03435,2026-09-01 14:18:45,20260901,14,2,6,1,2,0.304,14.477699995040894,stream
M1-03436,2026-09-01 14:19:00,20260901,14,1,2,1,1,0.595,24.638599948957562,stream
M2-03437,2026-09-01 14:19:15,20260901,14,2,4,1,1,0.578,19.617200130596757,stream
M1-03438,2026-09-01 14:19:30,20260901,14,1,2,1,4,0.714,12.015199987217784,stream
M2-03439,2026-09-01 14:19:45,20260901,14,2,6,1,7,0.746,12.719799997285008,stream
M1-03440,2026-09-01 14:20:00,20260901,14,1,5,1,3,0.582,12.94629997573793,stream
M2-03441,2026-09-01 14:20:15,20260901,14,2,7,0,0,,29.293800005689263,stream
M1-03442,2026-09-01 14:20:30,20260901,14,1,2,1,1,0.595,19.04470007866621,stream
M2-03443,2026-09-01 14:20:45,20260901,14,2,4,1,1,0.636,13.52720009163022,stream
M1-03444,2026-09-01 14:21:00,20260901,14,1,2,1,3,0.64,12.351799989119172,stream
M2-03445,2026-09-01 14:21:15,20260901,14,2,4,1,1,0.654,13.48430011421442,stream
M1-03446,2026-09-01 14:21:30,20260901,14,1,4,1,1,0.597,11.74920005723834,stream
M2-03447,2026-09-01 14:21:45,20260901,14,2,3,1,2,0.519,14.789700042456388,stream
M1-03448,2026-09-01 14:22:00,20260901,14,1,2,1,3,0.59,12.122000101953745,stream
M2-03449,2026-09-01 14:22:15,20260901,14,2,4,1,1,0.736,13.174999970942736,stream
M1-03450,2026-09-01 14:22:30,20260901,14,1,2,1,3,0.531,14.65289993211627,stream
M2-03451,2026-09-01 14:22:45,20260901,14,2,2,1,1,0.795,14.036899898201227,stream
M1-03452,2026-09-01 14:23:00,20260901,14,1,4,1,3,0.698,13.072500005364418,stream
M2-03453,2026-09-01 14:23:15,20260901,14,2,4,1,1,0.622,24.544299812987447,stream
M1-03454,2026-09-01 14:23:30,20260901,14,1,4,1,2,0.427,11.324299965053797,stream
M2-03455,2026-09-01 14:23:45,20260901,14,2,2,1,2,0.572,10.700999991968274,stream
M1-03456,2026-09-01 14:24:00,20260901,14,1,1,1,4,0.52,26.391100138425827,stream
M2-03457,2026-09-01 14:24:15,20260901,14,2,6,1,5,0.723,12.790299952030182,stream
M1-03458,2026-09-01 14:24:30,20260901,14,1,5,1,1,0.554,15.004800166934729,stream
M2-03459,2026-09-01 14:24:45,20260901,14,2,4,1,1,0.654,12.145600048825145,stream
M1-03460,2026-09-01 14:25:00,20260901,14,1,1,1,3,0.469,22.578599862754345,stream
M2-03461,2026-09-01 14:25:15,20260901,14,2,6,1,6,0.623,29.05689994804561,stream
M1-03462,2026-09-01 14:25:30,20260901,14,1,4,1,1,0.576,14.218499884009361,stream
M2-03463,2026-09-01 14:25:45,20260901,14,2,6,1,2,0.629,13.121699914336205,stream
M1-03464,2026-09-01 14:26:00,20260901,14,1,1,1,2,0.571,12.570700142532587,stream
M2-03465,2026-09-01 14:26:15,20260901,14,2,4,1,1,0.725,11.480099987238646,stream
M1-03466,2026-09-01 14:26:30,20260901,14,1,5,1,3,0.359,12.194300070405006,stream
M2-03467,2026-09-01 14:26:45,20260901,14,2,6,1,4,0.533,10.808899998664856,stream
M1-03468,2026-09-01 14:27:00,20260901,14,1,5,1,3,0.756,34.4656000379473,stream
M2-03469,2026-09-01 14:27:15,20260901,14,2,4,1,1,0.746,11.57999993301928,stream
M1-03470,2026-09-01 14:27:30,20260901,14,1,1,1,5,0.352,15.270499978214502,stream
M2-03471,2026-09-01 14:27:45,20260901,14,2,6,1,6,0.623,17.086799954995513,stream
M1-03472,2026-09-01 14:28:00,20260901,14,1,6,1,7,0.608,18.67239992134273,stream
M2-03473,2026-09-01 14:28:15,20260901,14,2,4,1,1,0.831,11.316699907183647,stream
M1-03474,2026-09-01 14:28:30,20260901,14,1,4,1,1,0.849,52.75560007430613,stream
M2-03475,2026-09-01 14:28:45,20260901,14,2,3,1,2,0.546,32.11809997446835,stream
M1-03476,2026-09-01 14:29:00,20260901,14,1,7,0,0,,32.309999922290444,stream
M2-03477,2026-09-01 14:29:15,20260901,14,2,3,1,3,0.435,23.83640012703836,stream
M1-03478,2026-09-01 14:29:30,20260901,14,1,6,1,2,0.755,34.815700026229024,stream
M2-03479,2026-09-01 14:29:45,20260901,14,2,4,1,1,0.649,13.551300158724189,stream
M1-03480,2026-09-01 14:30:00,20260901,14,1,4,1,2,0.627,31.000399962067604,stream
M2-03481,2026-09-01 14:30:15,20260901,14,2,2,1,1,0.598,15.408799983561039,stream
M1-03482,2026-09-01 14:30:30,20260901,14,1,3,1,3,0.859,35.56500002741814,stream
M2-03483,2026-09-01 14:30:45,20260901,14,2,6,1,2,0.465,16.17920002900064,stream
M1-03484,2026-09-01 14:31:00,20260901,14,1,2,1,4,0.674,12.394499965012074,stream
M2-03485,2026-09-01 14:31:15,20260901,14,2,6,1,4,0.618,28.13659980893135,stream
M1-03486,2026-09-01 14:31:30,20260901,14,1,5,1,3,0.509,20.399099914357066,stream
M2-03487,2026-09-01 14:31:45,20260901,14,2,4,1,2,0.519,13.949899934232235,stream
M1-03488,2026-09-01 14:32:00,20260901,14,1,2,1,3,0.531,11.214399943128228,stream
M2-03489,2026-09-01 14:32:15,20260901,14,2,4,1,1,0.574,11.693799868226051,stream
M1-03490,2026-09-01 14:32:30,20260901,14,1,6,1,1,0.806,15.260499902069569,stream
M2-03491,2026-09-01 14:32:45,20260901,14,2,6,1,2,0.465,15.641599893569946,stream
M1-03492,2026-09-01 14:33:00,20260901,14,1,3,1,3,0.889,11.769500095397234,stream
M2-03493,2026-09-01 14:33:15,20260901,14,2,4,1,1,0.768,11.389899998903275,stream
M1-03494,2026-09-01 14:33:30,20260901,14,1,2,1,6,0.828,30.51550011150539,stream
M2-03495,2026-09-01 14:33:45,20260901,14,2,2,1,1,0.61,11.928800027817488,stream
M1-03496,2026-09-01 14:34:00,20260901,14,1,6,1,6,0.591,20.81029978580773,stream
M2-03497,2026-09-01 14:34:15,20260901,14,2,6,1,1,0.444,24.795199977234006,stream
M1-03498,2026-09-01 14:34:30,20260901,14,1,2,1,2,0.755,28.80239998921752,stream
M2-03499,2026-09-01 14:34:45,20260901,14,2,6,1,4,0.675,20.971100078895688,stream
M1-03500,2026-09-01 14:35:00,20260901,14,1,2,1,1,0.595,11.53709995560348,stream
M2-03501,2026-09-01 14:35:15,20260901,14,2,6,1,4,0.664,17.324699787423015,stream
M1-03502,2026-09-01 14:35:30,20260901,14,1,6,1,3,0.688,15.960199991241097,stream
M2-03503,2026-09-01 14:35:45,20260901,14,2,2,1,2,0.572,19.462799886241555,stream
M1-03504,2026-09-01 14:36:00,20260901,14,1,1,1,2,0.269,14.077400090172887,stream
M2-03505,2026-09-01 14:36:15,20260901,14,2,4,1,3,0.736,11.644999962300062,stream
M1-03506,2026-09-01 14:36:30,20260901,14,1,3,1,3,0.914,17.463300144299865,stream
M2-03507,2026-09-01 14:36:45,20260901,14,2,4,1,2,0.765,10.388600174337626,stream
M1-03508,2026-09-01 14:37:00,20260901,14,1,3,1,2,0.78,18.49779998883605,stream
M2-03509,2026-09-01 14:37:15,20260901,14,2,6,1,3,0.757,13.89480009675026,stream
M1-03510,2026-09-01 14:37:30,20260901,14,1,4,1,1,0.849,21.83460001833737,stream
M2-03511,2026-09-01 14:37:45,20260901,14,2,4,1,1,0.421,23.11740000732243,stream
M1-03512,2026-09-01 14:38:00,20260901,14,1,3,1,6,0.901,13.14459997229278,stream
M2-03513,2026-09-01 14:38:15,20260901,14,2,4,1,2,0.459,14.232699992135167,stream
M1-03514,2026-09-01 14:38:30,20260901,14,1,4,1,3,0.653,12.824000092223287,stream
M2-03515,2026-09-01 14:38:45,20260901,14,2,4,1,1,0.746,10.774599853903055,stream
M1-03516,2026-09-01 14:39:00,20260901,14,1,1,1,3,0.529,15.383400022983551,stream
M2-03517,2026-09-01 14:39:15,20260901,14,2,2,1,1,0.61,12.524900026619434,stream
M1-03518,2026-09-01 14:39:30,20260901,14,1,4,1,5,0.934,15.360400080680847,stream
M2-03519,2026-09-01 14:39:45,20260901,14,2,4,1,1,0.66,28.942900011315942,stream
M1-03520,2026-09-01 14:40:00,20260901,14,1,3,1,3,0.884,16.0136001650244,stream
M2-03521,2026-09-01 14:40:15,20260901,14,2,6,1,2,0.383,28.24169979430735,stream
M1-03522,2026-09-01 14:40:30,20260901,14,1,3,1,3,0.881,14.765199972316623,stream
M2-03523,2026-09-01 14:40:45,20260901,14,2,6,1,4,0.675,10.99540013819933,stream
M1-03524,2026-09-01 14:41:00,20260901,14,1,4,1,3,0.508,30.040299985557795,stream
M2-03525,2026-09-01 14:41:15,20260901,14,2,7,0,0,,26.659400202333927,stream
M1-03526,2026-09-01 14:41:30,20260901,14,1,1,1,4,0.305,27.771000051870942,stream
M2-03527,2026-09-01 14:41:45,20260901,14,2,2,1,3,0.472,15.422599855810404,stream
M1-03528,2026-09-01 14:42:00,20260901,14,1,6,1,1,0.787,11.446600081399083,stream
M2-03529,2026-09-01 14:42:15,20260901,14,2,2,1,1,0.518,15.237699961289763,stream
M1-03530,2026-09-01 14:42:30,20260901,14,1,2,1,3,0.59,12.189900036901236,stream
M2-03531,2026-09-01 14:42:45,20260901,14,2,4,1,1,0.831,29.469399945810437,stream
M1-03532,2026-09-01 14:43:00,20260901,14,1,6,1,7,0.642,14.319899957627058,stream
M2-03533,2026-09-01 14:43:15,20260901,14,2,2,1,1,0.61,14.119399944320321,stream
M1-03534,2026-09-01 14:43:30,20260901,14,1,3,1,1,0.868,14.612100087106228,stream
M2-03535,2026-09-01 14:43:45,20260901,14,2,4,1,2,0.576,11.95070007815957,stream
M1-03536,2026-09-01 14:44:00,20260901,14,1,2,1,3,0.59,13.694600202143192,stream
M2-03537,2026-09-01 14:44:15,20260901,14,2,6,1,2,0.696,14.847399899736047,stream
M1-03538,2026-09-01 14:44:30,20260901,14,1,3,1,5,0.848,13.300599996000528,stream
M2-03539,2026-09-01 14:44:45,20260901,14,2,4,1,1,0.68,15.509000048041344,stream
M1-03540,2026-09-01 14:45:00,20260901,14,1,3,1,3,0.526,13.797599822282791,stream
M2-03541,2026-09-01 14:45:15,20260901,14,2,4,1,1,0.64,14.419000130146742,stream
M1-03542,2026-09-01 14:45:30,20260901,14,1,5,1,3,0.509,29.518899973481894,stream
M2-03543,2026-09-01 14:45:45,20260901,14,2,4,1,2,0.519,35.89179995469749,stream
M1-03544,2026-09-01 14:46:00,20260901,14,1,5,1,5,0.797,23.809599922969937,stream
M2-03545,2026-09-01 14:46:15,20260901,14,2,2,1,3,0.699,26.685699820518494,stream
M1-03546,2026-09-01 14:46:30,20260901,14,1,3,1,6,0.789,26.946399826556444,stream
M2-03547,2026-09-01 14:46:45,20260901,14,2,4,1,1,0.673,42.57569997571409,stream
M1-03548,2026-09-01 14:47:00,20260901,14,1,6,1,1,0.787,24.505000095814466,stream
M2-03549,2026-09-01 14:47:15,20260901,14,2,4,1,1,0.701,30.70200001820922,stream
M1-03550,2026-09-01 14:47:30,20260901,14,1,4,1,1,0.43,24.29089997895062,stream
M2-03551,2026-09-01 14:47:45,20260901,14,2,2,1,1,0.597,22.22119993530214,stream
M1-03552,2026-09-01 14:48:00,20260901,14,1,3,1,2,0.733,32.072799978777766,stream
M2-03553,2026-09-01 14:48:15,20260901,14,2,4,1,2,0.765,16.89470000565052,stream
M1-03554,2026-09-01 14:48:30,20260901,14,1,4,1,3,0.698,19.58690001629293,stream
M2-03555,2026-09-01 14:48:45,20260901,14,2,6,1,1,0.849,14.121299842372537,stream
M1-03556,2026-09-01 14:49:00,20260901,14,1,6,1,3,0.696,12.319300090894103,stream
M2-03557,2026-09-01 14:49:15,20260901,14,2,3,1,1,0.474,13.886600034311414,stream
M1-03558,2026-09-01 14:49:30,20260901,14,1,3,1,3,0.859,13.629899825900793,stream
M2-03559,2026-09-01 14:49:45,20260901,14,2,6,1,2,0.629,15.126700047403574,stream
M1-03560,2026-09-01 14:50:00,20260901,14,1,3,1,3,0.832,14.99659987166524,stream
M2-03561,2026-09-01 14:50:15,20260901,14,2,3,1,3,0.773,11.461399961262941,stream
M1-03562,2026-09-01 14:50:30,20260901,14,1,1,1,3,0.469,25.23289993405342,stream
M2-03563,2026-09-01 14:50:45,20260901,14,2,7,0,0,,15.559200197458267,stream
M1-03564,2026-09-01 14:51:00,20260901,14,1,2,1,2,0.759,13.402699958533049,stream
M2-03565,2026-09-01 14:51:15,20260901,14,2,6,1,2,0.696,11.874099960550666,stream
M1-03566,2026-09-01 14:51:30,20260901,14,1,1,1,4,0.541,14.962599845603108,stream
M2-03567,2026-09-01 14:51:45,20260901,14,2,7,0,0,,10.847100056707859,stream
M1-03568,2026-09-01 14:52:00,20260901,14,1,6,1,1,0.57,11.05890003964305,stream
M2-03569,2026-09-01 14:52:15,20260901,14,2,4,1,1,0.519,14.644200215116143,stream
M1-03570,2026-09-01 14:52:30,20260901,14,1,1,1,1,0.552,13.713099993765354,stream
M2-03571,2026-09-01 14:52:45,20260901,14,2,6,1,1,0.713,13.990399893373251,stream
M1-03572,2026-09-01 14:53:00,20260901,14,1,3,1,2,0.846,25.20349994301796,stream
M2-03573,2026-09-01 14:53:15,20260901,14,2,4,1,1,0.319,24.78129998780787,stream
M1-03574,2026-09-01 14:53:30,20260901,14,1,6,1,6,0.737,17.193400068208575,stream
M2-03575,2026-09-01 14:53:45,20260901,14,2,7,0,0,,12.678099796175957,stream
M1-03576,2026-09-01 14:54:00,20260901,14,1,4,1,1,0.849,17.304599983617663,stream
M2-03577,2026-09-01 14:54:15,20260901,14,2,6,1,2,0.744,15.636499971151352,stream
M1-03578,2026-09-01 14:54:30,20260901,14,1,5,1,1,0.621,11.6737000644207,stream
M2-03579,2026-09-01 14:54:45,20260901,14,2,4,1,2,0.519,12.555200140923262,stream
M1-03580,2026-09-01 14:55:00,20260901,14,1,2,1,2,0.742,12.661099899560213,stream
M2-03581,2026-09-01 14:55:15,20260901,14,2,2,1,1,0.598,13.812600169330835,stream
M1-03582,2026-09-01 14:55:30,20260901,14,1,1,1,5,0.531,12.349799973890185,stream
M2-03583,2026-09-01 14:55:45,20260901,14,2,3,1,3,0.427,22.92380016297102,stream
M1-03584,2026-09-01 14:56:00,20260901,14,1,1,1,3,0.359,18.73639994300902,stream
M2-03585,2026-09-01 14:56:15,20260901,14,2,7,0,0,,11.331900022923946,stream
M1-03586,2026-09-01 14:56:30,20260901,14,1,3,1,3,0.881,13.223200105130672,stream
M2-03587,2026-09-01 14:56:45,20260901,14,2,2,1,3,0.691,15.60330018401146,stream
M1-03588,2026-09-01 14:57:00,20260901,14,1,5,1,3,0.688,31.751699978485703,stream
M2-03589,2026-09-01 14:57:15,20260901,14,2,4,1,1,0.354,29.399799881502986,stream
M1-03590,2026-09-01 14:57:30,20260901,14,1,3,1,3,0.832,14.20699991285801,stream
M2-03591,2026-09-01 14:57:45,20260901,14,2,4,1,2,0.47,14.99959989450872,stream
M1-03592,2026-09-01 14:58:00,20260901,14,1,4,1,2,0.597,12.376799946650863,stream
M2-03593,2026-09-01 14:58:15,20260901,14,2,2,1,3,0.699,10.634200181812048,stream
M1-03594,2026-09-01 14:58:30,20260901,14,1,6,1,2,0.77,16.472799936309457,stream
M2-03595,2026-09-01 14:58:45,20260901,14,2,4,1,1,0.574,10.948200011625886,stream
M1-03596,2026-09-01 14:59:00,20260901,14,1,3,1,3,0.851,11.651499895378947,stream
M2-03597,2026-09-01 14:59:15,20260901,14,2,2,1,1,0.756,14.598599867895246,stream
M1-03598,2026-09-01 14:59:30,20260901,14,1,6,1,3,0.706,16.322700073942542,stream
M2-03599,2026-09-01 14:59:45,20260901,14,2,4,1,1,0.768,14.537899987772107,stream
M1-03600,2026-09-01 15:00:00,20260901,15,1,2,1,3,0.717,24.882399942725897,stream
M2-03601,2026-09-01 15:00:15,20260901,15,2,2,1,2,0.389,38.87720010243356,stream
M1-03602,2026-09-01 15:00:30,20260901,15,1,3,1,6,0.901,11.57570001669228,stream
M2-03603,2026-09-01 15:00:45,20260901,15,2,4,1,3,0.736,22.703099995851517,stream
M1-03604,2026-09-01 15:01:00,20260901,15,1,6,1,1,0.67,15.323400031775236,stream
M2-03605,2026-09-01 15:01:15,20260901,15,2,4,1,1,0.736,12.151200091466308,stream
M1-03606,2026-09-01 15:01:30,20260901,15,1,3,1,4,0.834,15.29160002246499,stream
M2-03607,2026-09-01 15:01:45,20260901,15,2,6,1,3,0.614,11.429999954998493,stream
M1-03608,2026-09-01 15:02:00,20260901,15,1,3,1,2,0.865,15.74629987590015,stream
M2-03609,2026-09-01 15:02:15,20260901,15,2,6,1,3,0.757,15.984100056812167,stream
M1-03610,2026-09-01 15:02:30,20260901,15,1,2,1,2,0.742,25.799999944865704,stream
M2-03611,2026-09-01 15:02:45,20260901,15,2,6,1,2,0.45,31.015499960631132,stream
M1-03612,2026-09-01 15:03:00,20260901,15,1,4,1,1,0.719,26.756300125271082,stream
M2-03613,2026-09-01 15:03:15,20260901,15,2,6,1,1,0.257,28.406899888068438,stream
M1-03614,2026-09-01 15:03:30,20260901,15,1,6,1,1,0.57,27.134000090882182,stream
M2-03615,2026-09-01 15:03:45,20260901,15,2,2,1,1,0.579,13.43970000743866,stream
M1-03616,2026-09-01 15:04:00,20260901,15,1,3,1,1,0.868,11.342999991029501,stream
M2-03617,2026-09-01 15:04:15,20260901,15,2,7,0,0,,11.346699902787805,stream
M1-03618,2026-09-01 15:04:30,20260901,15,1,5,1,1,0.554,15.333200106397271,stream
M2-03619,2026-09-01 15:04:45,20260901,15,2,4,1,2,0.676,25.93240002170205,stream
M1-03620,2026-09-01 15:05:00,20260901,15,1,2,1,3,0.709,21.351000061258674,stream
M2-03621,2026-09-01 15:05:15,20260901,15,2,6,1,7,0.688,28.61669985577464,stream
M1-03622,2026-09-01 15:05:30,20260901,15,1,4,1,3,0.445,17.086599953472614,stream
M2-03623,2026-09-01 15:05:45,20260901,15,2,4,1,1,0.375,14.224299928173423,stream
M1-03624,2026-09-01 15:06:00,20260901,15,1,3,1,4,0.834,11.293399846181273,stream
M2-03625,2026-09-01 15:06:15,20260901,15,2,7,0,0,,14.886700082570314,stream
M1-03626,2026-09-01 15:06:30,20260901,15,1,4,1,1,0.576,11.577799916267395,stream
M2-03627,2026-09-01 15:06:45,20260901,15,2,4,1,1,0.636,16.682200133800507,stream
M1-03628,2026-09-01 15:07:00,20260901,15,1,1,1,3,0.359,13.483799993991852,stream
M2-03629,2026-09-01 15:07:15,20260901,15,2,4,1,1,0.831,12.529199942946434,stream
M1-03630,2026-09-01 15:07:30,20260901,15,1,5,1,3,0.549,12.624699855223298,stream
M2-03631,2026-09-01 15:07:45,20260901,15,2,6,1,2,0.696,14.996800106018782,stream
M1-03632,2026-09-01 15:08:00,20260901,15,1,2,1,5,0.715,23.48990016616881,stream
M2-03633,2026-09-01 15:08:15,20260901,15,2,4,1,2,0.765,20.60749987140298,stream
M1-03634,2026-09-01 15:08:30,20260901,15,1,1,1,4,0.377,28.08810002170503,stream
M2-03635,2026-09-01 15:08:45,20260901,15,2,4,1,1,0.578,27.650699950754642,stream
M1-03636,2026-09-01 15:09:00,20260901,15,1,6,1,2,0.755,13.754399958997965,stream
M2-03637,2026-09-01 15:09:15,20260901,15,2,7,0,0,,10.018800152465701,stream
M1-03638,2026-09-01 15:09:30,20260901,15,1,6,1,1,0.787,12.032000115141273,stream
M2-03639,2026-09-01 15:09:45,20260901,15,2,4,1,1,0.6,14.430399984121323,stream
M1-03640,2026-09-01 15:10:00,20260901,15,1,3,1,3,0.859,11.307999957352877,stream
M2-03641,2026-09-01 15:10:15,20260901,15,2,4,1,1,0.725,12.121099978685379,stream
M1-03642,2026-09-01 15:10:30,20260901,15,1,6,1,3,0.564,26.45290014334023,stream
M2-03643,2026-09-01 15:10:45,20260901,15,2,4,1,2,0.765,13.278000056743622,stream
M1-03644,2026-09-01 15:11:00,20260901,15,1,4,1,3,0.653,31.588500132784247,stream
M2-03645,2026-09-01 15:11:15,20260901,15,2,4,1,1,0.719,39.44709990173578,stream
M1-03646,2026-09-01 15:11:30,20260901,15,1,6,1,5,0.643,15.805099857971072,stream
M2-03647,2026-09-01 15:11:45,20260901,15,2,2,1,3,0.472,10.952400043606758,stream
M1-03648,2026-09-01 15:12:00,20260901,15,1,6,1,6,0.591,19.05850018374622,stream
M2-03649,2026-09-01 15:12:15,20260901,15,2,7,0,0,,23.699400015175343,stream
M1-03650,2026-09-01 15:12:30,20260901,15,1,3,1,2,0.888,25.00690007582307,stream
M2-03651,2026-09-01 15:12:45,20260901,15,2,6,1,1,0.271,25.837100110948086,stream
M1-03652,2026-09-01 15:13:00,20260901,15,1,5,1,2,0.534,25.67139989696443,stream
M2-03653,2026-09-01 15:13:15,20260901,15,2,2,1,1,0.579,21.139099961146712,stream
M1-03654,2026-09-01 15:13:30,20260901,15,1,5,1,3,0.549,33.07499992661178,stream
M2-03655,2026-09-01 15:13:45,20260901,15,2,6,1,2,0.554,25.967800058424473,stream
M1-03656,2026-09-01 15:14:00,20260901,15,1,6,1,8,0.632,12.427099980413914,stream
M2-03657,2026-09-01 15:14:15,20260901,15,2,2,1,2,0.389,14.313200023025274,stream
M1-03658,2026-09-01 15:14:30,20260901,15,1,1,1,3,0.579,13.960900017991662,stream
M2-03659,2026-09-01 15:14:45,20260901,15,2,2,1,1,0.61,11.859399965032935,stream
M1-03660,2026-09-01 15:15:00,20260901,15,1,1,1,3,0.579,16.879200004041195,stream
M2-03661,2026-09-01 15:15:15,20260901,15,2,4,1,1,0.704,11.291399830952287,stream
M1-03662,2026-09-01 15:15:30,20260901,15,1,3,1,4,0.892,12.294200016185641,stream
M2-03663,2026-09-01 15:15:45,20260901,15,2,2,1,2,0.389,14.976499835029244,stream
M1-03664,2026-09-01 15:16:00,20260901,15,1,4,1,5,0.934,14.925200026482344,stream
M2-03665,2026-09-01 15:16:15,20260901,15,2,2,1,3,0.691,12.634199811145663,stream
M1-03666,2026-09-01 15:16:30,20260901,15,1,3,1,3,0.889,13.954299967736006,stream
M2-03667,2026-09-01 15:16:45,20260901,15,2,2,1,1,0.25,13.261199928820133,stream
M1-03668,2026-09-01 15:17:00,20260901,15,1,6,1,5,0.767,13.822800014168024,stream
M2-03669,2026-09-01 15:17:15,20260901,15,2,4,1,1,0.654,12.898700078949332,stream
M1-03670,2026-09-01 15:17:30,20260901,15,1,4,1,4,0.569,15.684999991208315,stream
M2-03671,2026-09-01 15:17:45,20260901,15,2,3,1,2,0.546,16.241799807175994,stream
M1-03672,2026-09-01 15:18:00,20260901,15,1,5,1,3,0.427,19.713900052011013,stream
M2-03673,2026-09-01 15:18:15,20260901,15,2,7,0,0,,12.561899842694402,stream
M1-03674,2026-09-01 15:18:30,20260901,15,1,4,1,5,0.934,16.953699989244342,stream
M2-03675,2026-09-01 15:18:45,20260901,15,2,4,1,1,0.277,13.217200059443712,stream
M1-03676,2026-09-01 15:19:00,20260901,15,1,1,1,4,0.377,21.131800021976233,stream
M2-03677,2026-09-01 15:19:15,20260901,15,2,4,1,1,0.788,19.988699816167355,stream
M1-03678,2026-09-01 15:19:30,20260901,15,1,1,1,5,0.531,16.479700105264783,stream
M2-03679,2026-09-01 15:19:45,20260901,15,2,4,1,3,0.736,13.61729996278882,stream
M1-03680,2026-09-01 15:20:00,20260901,15,1,3,1,6,0.789,14.652500161901116,stream
M2-03681,2026-09-01 15:20:15,20260901,15,2,2,1,4,0.546,13.422300107777119,stream
M1-03682,2026-09-01 15:20:30,20260901,15,1,3,1,6,0.816,27.663399931043386,stream
M2-03683,2026-09-01 15:20:45,20260901,15,2,4,1,2,0.472,24.5234000030905,stream
M1-03684,2026-09-01 15:21:00,20260901,15,1,1,1,1,0.506,13.727199984714389,stream
M2-03685,2026-09-01 15:21:15,20260901,15,2,4,1,1,0.312,15.34100016579032,stream
M1-03686,2026-09-01 15:21:30,20260901,15,1,3,1,2,0.888,13.372399844229221,stream
M2-03687,2026-09-01 15:21:45,20260901,15,2,4,1,1,0.704,25.44939983636141,stream
M1-03688,2026-09-01 15:22:00,20260901,15,1,1,1,1,0.432,31.339399982243776,stream
M2-03689,2026-09-01 15:22:15,20260901,15,2,4,1,2,0.472,25.035700062289834,stream
M1-03690,2026-09-01 15:22:30,20260901,15,1,6,1,3,0.715,12.948699994012713,stream
M2-03691,2026-09-01 15:22:45,20260901,15,2,2,1,4,0.459,11.72860013321042,stream
M1-03692,2026-09-01 15:23:00,20260901,15,1,1,1,2,0.312,10.491800028830767,stream
M2-03693,2026-09-01 15:23:15,20260901,15,2,6,1,4,0.533,13.259600149467587,stream
M1-03694,2026-09-01 15:23:30,20260901,15,1,7,0,0,,9.959100047126412,stream
M2-03695,2026-09-01 15:23:45,20260901,15,2,6,1,7,0.688,31.86670015566051,stream
M1-03696,2026-09-01 15:24:00,20260901,15,1,2,1,1,0.282,23.916299920529127,stream
M2-03697,2026-09-01 15:24:15,20260901,15,2,4,1,2,0.676,26.38910012319684,stream
M1-03698,2026-09-01 15:24:30,20260901,15,1,2,1,1,0.282,32.77759999036789,stream
M2-03699,2026-09-01 15:24:45,20260901,15,2,2,1,1,0.345,12.66579981893301,stream
M1-03700,2026-09-01 15:25:00,20260901,15,1,4,1,1,0.849,13.092499924823642,stream
M2-03701,2026-09-01 15:25:15,20260901,15,2,3,1,2,0.546,10.993100004270673,stream
M1-03702,2026-09-01 15:25:30,20260901,15,1,6,1,3,0.706,10.557000059634447,stream
M2-03703,2026-09-01 15:25:45,20260901,15,2,2,1,1,0.345,46.63179977796972,stream
M1-03704,2026-09-01 15:26:00,20260901,15,1,4,1,1,0.885,15.312100062146783,stream
M2-03705,2026-09-01 15:26:15,20260901,15,2,4,1,1,0.654,15.185299795120955,stream
M1-03706,2026-09-01 15:26:30,20260901,15,1,1,1,4,0.541,18.6340999789536,stream
M2-03707,2026-09-01 15:26:45,20260901,15,2,4,1,1,0.649,12.345300056040287,stream
M1-03708,2026-09-01 15:27:00,20260901,15,1,4,1,2,0.627,11.972999898716807,stream
M2-03709,2026-09-01 15:27:15,20260901,15,2,4,1,2,0.779,19.77179991081357,stream
M1-03710,2026-09-01 15:27:30,20260901,15,1,2,1,4,0.674,12.892100028693676,stream
M2-03711,2026-09-01 15:27:45,20260901,15,2,4,1,1,0.725,13.85569991543889,stream
M1-03712,2026-09-01 15:28:00,20260901,15,1,3,1,6,0.816,26.020599994808435,stream
M2-03713,2026-09-01 15:28:15,20260901,15,2,4,1,2,0.751,26.65130002424121,stream
M1-03714,2026-09-01 15:28:30,20260901,15,1,6,1,2,0.73,24.745400063693523,stream
M2-03715,2026-09-01 15:28:45,20260901,15,2,7,0,0,,10.689200134947896,stream
M1-03716,2026-09-01 15:29:00,20260901,15,1,2,1,3,0.717,16.488999826833606,stream
M2-03717,2026-09-01 15:29:15,20260901,15,2,3,1,3,0.435,19.17250012047589,stream
M1-03718,2026-09-01 15:29:30,20260901,15,1,4,1,5,0.523,20.396200008690357,stream
M2-03719,2026-09-01 15:29:45,20260901,15,2,2,1,1,0.647,13.23359995149076,stream
M1-03720,2026-09-01 15:30:00,20260901,15,1,4,1,4,0.569,15.238800086081028,stream
M2-03721,2026-09-01 15:30:15,20260901,15,2,6,1,2,0.629,30.183200025931,stream
M1-03722,2026-09-01 15:30:30,20260901,15,1,6,1,10,0.657,12.878000037744641,stream
M2-03723,2026-09-01 15:30:45,20260901,15,2,4,1,1,0.276,15.930099878460169,stream
M1-03724,2026-09-01 15:31:00,20260901,15,1,5,1,3,0.505,29.443599982187152,stream
M2-03725,2026-09-01 15:31:15,20260901,15,2,7,0,0,,25.854900013655424,stream
M1-03726,2026-09-01 15:31:30,20260901,15,1,2,1,3,0.548,28.665199875831604,stream
M2-03727,2026-09-01 15:31:45,20260901,15,2,7,0,0,,26.04860020801425,stream
M1-03728,2026-09-01 15:32:00,20260901,15,1,6,1,3,0.564,18.064499832689762,stream
M2-03729,2026-09-01 15:32:15,20260901,15,2,4,1,1,0.68,31.150400172919035,stream
M1-03730,2026-09-01 15:32:30,20260901,15,1,6,1,7,0.608,26.091499952599406,stream
M2-03731,2026-09-01 15:32:45,20260901,15,2,4,1,1,0.64,27.35889982432127,stream
M1-03732,2026-09-01 15:33:00,20260901,15,1,6,1,4,0.699,12.668200070038438,stream
M2-03733,2026-09-01 15:33:15,20260901,15,2,7,0,0,,12.054800055921078,stream
M1-03734,2026-09-01 15:33:30,20260901,15,1,3,1,6,0.896,12.334799859672785,stream
M2-03735,2026-09-01 15:33:45,20260901,15,2,3,1,3,0.678,14.641599962487817,stream
M1-03736,2026-09-01 15:34:00,20260901,15,1,5,1,3,0.492,28.97399989888072,stream
M2-03737,2026-09-01 15:34:15,20260901,15,2,3,1,4,0.521,32.69180003553629,stream
M1-03738,2026-09-01 15:34:30,20260901,15,1,5,1,2,0.48,16.651200130581856,stream
M2-03739,2026-09-01 15:34:45,20260901,15,2,6,1,2,0.465,14.680800028145313,stream
M1-03740,2026-09-01 15:35:00,20260901,15,1,4,1,1,0.849,15.42189996689558,stream
M2-03741,2026-09-01 15:35:15,20260901,15,2,3,1,1,0.486,11.219300096854568,stream
M1-03742,2026-09-01 15:35:30,20260901,15,1,3,1,3,0.884,14.673100085929036,stream
M2-03743,2026-09-01 15:35:45,20260901,15,2,3,1,1,0.474,12.19339994713664,stream
M1-03744,2026-09-01 15:36:00,20260901,15,1,2,1,2,0.746,14.129000017419457,stream
M2-03745,2026-09-01 15:36:15,20260901,15,2,2,1,1,0.637,10.503900004550815,stream
M1-03746,2026-09-01 15:36:30,20260901,15,1,2,1,1,0.867,16.758699901401997,stream
M2-03747,2026-09-01 15:36:45,20260901,15,2,2,1,1,0.442,13.731199782341719,stream
M1-03748,2026-09-01 15:37:00,20260901,15,1,3,1,2,0.865,25.11259983293712,stream
M2-03749,2026-09-01 15:37:15,20260901,15,2,6,1,1,0.687,25.393199874088168,stream
M1-03750,2026-09-01 15:37:30,20260901,15,1,1,1,4,0.305,11.978500057011843,stream
M2-03751,2026-09-01 15:37:45,20260901,15,2,2,1,1,0.25,13.380399905145168,stream
M1-03752,2026-09-01 15:38:00,20260901,15,1,5,1,2,0.48,12.290199985727668,stream
M2-03753,2026-09-01 15:38:15,20260901,15,2,6,1,3,0.757,12.30340008623898,stream
M1-03754,2026-09-01 15:38:30,20260901,15,1,6,1,2,0.755,15.397599898278713,stream
M2-03755,2026-09-01 15:38:45,20260901,15,2,2,1,4,0.459,11.392700020223856,stream
M1-03756,2026-09-01 15:39:00,20260901,15,1,6,1,5,0.643,15.204600058495998,stream
M2-03757,2026-09-01 15:39:15,20260901,15,2,2,1,1,0.296,11.39350002631545,stream
M1-03758,2026-09-01 15:39:30,20260901,15,1,1,1,4,0.305,16.968899872153997,stream
M2-03759,2026-09-01 15:39:45,20260901,15,2,4,1,1,0.788,19.733200082555413,stream
M1-03760,2026-09-01 15:40:00,20260901,15,1,4,1,1,0.719,20.389500074088573,stream
M2-03761,2026-09-01 15:40:15,20260901,15,2,4,1,2,0.519,15.331200091168284,stream
M1-03762,2026-09-01 15:40:30,20260901,15,1,2,1,9,0.776,30.419299844652414,stream
M2-03763,2026-09-01 15:40:45,20260901,15,2,2,1,3,0.691,28.83660001680255,stream
M1-03764,2026-09-01 15:41:00,20260901,15,1,4,1,1,0.43,12.562100077047944,stream
M2-03765,2026-09-01 15:41:15,20260901,15,2,6,1,3,0.686,25.687400018796325,stream
M1-03766,2026-09-01 15:41:30,20260901,15,1,6,1,4,0.699,23.38859997689724,stream
M2-03767,2026-09-01 15:41:45,20260901,15,2,6,1,2,0.45,31.091100070625544,stream
M1-03768,2026-09-01 15:42:00,20260901,15,1,5,1,3,0.515,22.478999802842736,stream
M2-03769,2026-09-01 15:42:15,20260901,15,2,2,1,2,0.301,22.61959994211793,stream
M1-03770,2026-09-01 15:42:30,20260901,15,1,1,1,4,0.616,27.015400119125843,stream
M2-03771,2026-09-01 15:42:45,20260901,15,2,4,1,1,0.25,34.10089993849397,stream
M1-03772,2026-09-01 15:43:00,20260901,15,1,4,1,1,0.719,34.68640008941293,stream
M2-03773,2026-09-01 15:43:15,20260901,15,2,4,1,1,0.558,15.415100147947669,stream
M1-03774,2026-09-01 15:43:30,20260901,15,1,4,1,1,0.885,33.33120001479983,stream
M2-03775,2026-09-01 15:43:45,20260901,15,2,7,0,0,,25.530399987474084,stream
M1-03776,2026-09-01 15:44:00,20260901,15,1,1,1,4,0.377,14.185399981215596,stream
M2-03777,2026-09-01 15:44:15,20260901,15,2,2,1,3,0.691,12.14370015077293,stream
M1-03778,2026-09-01 15:44:30,20260901,15,1,5,1,1,0.621,11.107999831438065,stream
M2-03779,2026-09-01 15:44:45,20260901,15,2,2,1,4,0.644,12.948299990966916,stream
M1-03780,2026-09-01 15:45:00,20260901,15,1,1,1,2,0.269,11.943500023335218,stream
M2-03781,2026-09-01 15:45:15,20260901,15,2,4,1,1,0.25,13.413900043815374,stream
M1-03782,2026-09-01 15:45:30,20260901,15,1,2,1,5,0.715,12.425400083884597,stream
M2-03783,2026-09-01 15:45:45,20260901,15,2,6,1,2,0.598,13.585899956524372,stream
M1-03784,2026-09-01 15:46:00,20260901,15,1,1,1,4,0.644,12.710899813100696,stream
M2-03785,2026-09-01 15:46:15,20260901,15,2,4,1,2,0.519,13.294100062921643,stream
M1-03786,2026-09-01 15:46:30,20260901,15,1,6,1,3,0.706,14.284400036558509,stream
M2-03787,2026-09-01 15:46:45,20260901,15,2,6,1,2,0.554,12.887899996712804,stream
M1-03788,2026-09-01 15:47:00,20260901,15,1,5,1,3,0.515,21.526100113987923,stream
M2-03789,2026-09-01 15:47:15,20260901,15,2,4,1,1,0.265,26.459299959242344,stream
M1-03790,2026-09-01 15:47:30,20260901,15,1,6,1,3,0.715,36.03670001029968,stream
M2-03791,2026-09-01 15:47:45,20260901,15,2,6,1,1,0.271,28.10460003092885,stream
M1-03792,2026-09-01 15:48:00,20260901,15,1,2,1,3,0.717,26.344599900767207,stream
M2-03793,2026-09-01 15:48:15,20260901,15,2,4,1,1,0.808,26.207000017166138,stream
M1-03794,2026-09-01 15:48:30,20260901,15,1,4,1,1,0.597,23.433199850842357,stream
M2-03795,2026-09-01 15:48:45,20260901,15,2,4,1,1,0.729,22.966499906033278,stream
M1-03796,2026-09-01 15:49:00,20260901,15,1,5,1,3,0.427,11.96450018323958,stream
M2-03797,2026-09-01 15:49:15,20260901,15,2,4,1,1,0.6,17.43659982457757,stream
M1-03798,2026-09-01 15:49:30,20260901,15,1,3,1,5,0.826,11.974399909377098,stream
M2-03799,2026-09-01 15:49:45,20260901,15,2,4,1,1,0.787,14.092300087213516,stream
M1-03800,2026-09-01 15:50:00,20260901,15,1,2,1,3,0.829,14.171099988743663,stream
M2-03801,2026-09-01 15:50:15,20260901,15,2,6,1,4,0.669,15.063300030305982,stream
M1-03802,2026-09-01 15:50:30,20260901,15,1,3,1,4,0.899,14.22009989619255,stream
M2-03803,2026-09-01 15:50:45,20260901,15,2,4,1,1,0.64,14.340900117531419,stream
M1-03804,2026-09-01 15:51:00,20260901,15,1,3,1,4,0.769,18.85769981890917,stream
M2-03805,2026-09-01 15:51:15,20260901,15,2,4,1,2,0.47,31.27799998037517,stream
M1-03806,2026-09-01 15:51:30,20260901,15,1,6,1,2,0.755,28.0691001098603,stream
M2-03807,2026-09-01 15:51:45,20260901,15,2,3,1,2,0.549,15.87560004554689,stream
M1-03808,2026-09-01 15:52:00,20260901,15,1,1,1,1,0.579,30.664199963212013,stream
M2-03809,2026-09-01 15:52:15,20260901,15,2,7,0,0,,22.65090006403625,stream
M1-03810,2026-09-01 15:52:30,20260901,15,1,1,1,4,0.644,11.863799998536706,stream
M2-03811,2026-09-01 15:52:45,20260901,15,2,3,1,3,0.678,20.943199982866645,stream
M1-03812,2026-09-01 15:53:00,20260901,15,1,4,1,1,0.584,26.868300046771765,stream
M2-03813,2026-09-01 15:53:15,20260901,15,2,6,1,1,0.687,11.319600045681,stream
M1-03814,2026-09-01 15:53:30,20260901,15,1,4,1,1,0.719,14.008400030434132,stream
M2-03815,2026-09-01 15:53:45,20260901,15,2,7,0,0,,10.790699860081077,stream
M1-03816,2026-09-01 15:54:00,20260901,15,1,6,1,1,0.682,11.398700065910816,stream
M2-03817,2026-09-01 15:54:15,20260901,15,2,6,1,2,0.64,12.346400180831552,stream
M1-03818,2026-09-01 15:54:30,20260901,15,1,6,1,3,0.564,12.662800028920174,stream
M2-03819,2026-09-01 15:54:45,20260901,15,2,7,0,0,,9.69119998626411,stream
M1-03820,2026-09-01 15:55:00,20260901,15,1,3,1,6,0.896,12.364099966362119,stream
M2-03821,2026-09-01 15:55:15,20260901,15,2,4,1,1,0.313,24.893400026485324,stream
M1-03822,2026-09-01 15:55:30,20260901,15,1,4,1,2,0.479,12.326200027018785,stream
M2-03823,2026-09-01 15:55:45,20260901,15,2,4,1,1,0.437,17.98369991593063,stream
M1-03824,2026-09-01 15:56:00,20260901,15,1,1,1,3,0.579,15.89589985087514,stream
M2-03825,2026-09-01 15:56:15,20260901,15,2,6,1,2,0.465,11.774600017815828,stream
M1-03826,2026-09-01 15:56:30,20260901,15,1,3,1,4,0.834,13.79680004902184,stream
M2-03827,2026-09-01 15:56:45,20260901,15,2,6,1,4,0.752,11.918700067326427,stream
M1-03828,2026-09-01 15:57:00,20260901,15,1,3,1,2,0.846,12.148000067099929,stream
M2-03829,2026-09-01 15:57:15,20260901,15,2,6,1,1,0.444,13.408599887043238,stream
M1-03830,2026-09-01 15:57:30,20260901,15,1,5,1,3,0.688,12.467199936509132,stream
M2-03831,2026-09-01 15:57:45,20260901,15,2,2,1,2,0.584,12.104300083592534,stream
M1-03832,2026-09-01 15:58:00,20260901,15,1,4,1,2,0.479,11.382499942556024,stream
M2-03833,2026-09-01 15:58:15,20260901,15,2,6,1,1,0.444,12.189999921247363,stream
M1-03834,2026-09-01 15:58:30,20260901,15,1,4,1,2,0.902,11.601099977269769,stream
M2-03835,2026-09-01 15:58:45,20260901,15,2,7,0,0,,12.567199999466538,stream
M1-03836,2026-09-01 15:59:00,20260901,15,1,6,1,7,0.608,13.559000100940466,stream
M2-03837,2026-09-01 15:59:15,20260901,15,2,6,1,4,0.601,10.973500087857246,stream
M1-03838,2026-09-01 15:59:30,20260901,15,1,3,1,2,0.888,11.909600114449859,stream
M2-03839,2026-09-01 15:59:45,20260901,15,2,4,1,1,0.354,12.823499972000718,stream
M1-03840,2026-09-01 16:00:00,20260901,16,1,5,1,5,0.797,30.46909999102354,stream
M2-03841,2026-09-01 16:00:15,20260901,16,2,7,0,0,,10.07650000974536,stream
M1-03842,2026-09-01 16:00:30,20260901,16,1,3,1,2,0.888,11.583599960431457,stream
M2-03843,2026-09-01 16:00:45,20260901,16,2,4,1,1,0.64,16.28300012089312,stream
M1-03844,2026-09-01 16:01:00,20260901,16,1,7,0,0,,13.590600108727813,stream
M2-03845,2026-09-01 16:01:15,20260901,16,2,6,1,2,0.629,14.668599935248494,stream
M1-03846,2026-09-01 16:01:30,20260901,16,1,2,1,5,0.707,15.19519998691976,stream
M2-03847,2026-09-01 16:01:45,20260901,16,2,3,1,3,0.678,10.653800098225474,stream
M1-03848,2026-09-01 16:02:00,20260901,16,1,1,1,4,0.52,14.144399901852012,stream
M2-03849,2026-09-01 16:02:15,20260901,16,2,7,0,0,,12.430699774995446,stream
M1-03850,2026-09-01 16:02:30,20260901,16,1,4,1,1,0.885,11.725699994713068,stream
M2-03851,2026-09-01 16:02:45,20260901,16,2,4,1,1,0.385,11.741100111976266,stream
M1-03852,2026-09-01 16:03:00,20260901,16,1,3,1,6,0.816,17.322100000455976,stream
M2-03853,2026-09-01 16:03:15,20260901,16,2,4,1,1,0.684,11.927899904549122,stream
M1-03854,2026-09-01 16:03:30,20260901,16,1,6,1,6,0.804,21.959800040349364,stream
M2-03855,2026-09-01 16:03:45,20260901,16,2,2,1,1,0.647,25.81809996627271,stream
M1-03856,2026-09-01 16:04:00,20260901,16,1,3,1,6,0.789,29.964799992740154,stream
M2-03857,2026-09-01 16:04:15,20260901,16,2,7,0,0,,30.11499997228384,stream
M1-03858,2026-09-01 16:04:30,20260901,16,1,4,1,2,0.627,31.292600091546774,stream
M2-03859,2026-09-01 16:04:45,20260901,16,2,4,1,3,0.589,20.16899990849197,stream
M1-03860,2026-09-01 16:05:00,20260901,16,1,6,1,6,0.737,15.38500003516674,stream
M2-03861,2026-09-01 16:05:15,20260901,16,2,2,1,2,0.389,30.448999954387546,stream
M1-03862,2026-09-01 16:05:30,20260901,16,1,2,1,1,0.595,31.917900079861283,stream
M2-03863,2026-09-01 16:05:45,20260901,16,2,2,1,3,0.6,15.215900028124452,stream
M1-03864,2026-09-01 16:06:00,20260901,16,1,5,1,2,0.389,14.655999839305878,stream
M2-03865,2026-09-01 16:06:15,20260901,16,2,4,1,3,0.694,12.265000026673079,stream
M1-03866,2026-09-01 16:06:30,20260901,16,1,1,1,2,0.571,10.878199944272637,stream
M2-03867,2026-09-01 16:06:45,20260901,16,2,2,1,2,0.572,15.206299955025315,stream
M1-03868,2026-09-01 16:07:00,20260901,16,1,6,1,4,0.699,11.013200040906668,stream
M2-03869,2026-09-01 16:07:15,20260901,16,2,4,1,2,0.569,22.83360017463565,stream
M1-03870,2026-09-01 16:07:30,20260901,16,1,2,1,2,0.83,12.546200072392821,stream
M2-03871,2026-09-01 16:07:45,20260901,16,2,6,1,1,0.849,21.674900082871318,stream
M1-03872,2026-09-01 16:08:00,20260901,16,1,2,1,2,0.552,9.899100055918097,stream
M2-03873,2026-09-01 16:08:15,20260901,16,2,4,1,1,0.68,9.843399981036782,stream
M1-03874,2026-09-01 16:08:30,20260901,16,1,6,1,1,0.787,14.539499999955297,stream
M2-03875,2026-09-01 16:08:45,20260901,16,2,4,1,2,0.576,10.04990004003048,stream
M1-03876,2026-09-01 16:09:00,20260901,16,1,6,1,8,0.632,11.08690002001822,stream
M2-03877,2026-09-01 16:09:15,20260901,16,2,4,1,2,0.693,12.853499967604876,stream
M1-03878,2026-09-01 16:09:30,20260901,16,1,6,1,5,0.643,11.237500002607703,stream
M2-03879,2026-09-01 16:09:45,20260901,16,2,6,1,2,0.526,25.95790009945631,stream
M1-03880,2026-09-01 16:10:00,20260901,16,1,2,1,2,0.552,10.162399848923087,stream
M2-03881,2026-09-01 16:10:15,20260901,16,2,6,1,1,0.51,12.925100047141314,stream
M1-03882,2026-09-01 16:10:30,20260901,16,1,4,1,1,0.535,19.018099876120687,stream
M2-03883,2026-09-01 16:10:45,20260901,16,2,4,1,1,0.385,9.97249991632998,stream
M1-03884,2026-09-01 16:11:00,20260901,16,1,3,1,6,0.816,13.577600009739399,stream
M2-03885,2026-09-01 16:11:15,20260901,16,2,4,1,1,0.701,27.773199835792184,stream
M1-03886,2026-09-01 16:11:30,20260901,16,1,1,1,4,0.52,11.099600000306964,stream
M2-03887,2026-09-01 16:11:45,20260901,16,2,2,1,2,0.506,11.337399948388338,stream
M1-03888,2026-09-01 16:12:00,20260901,16,1,5,1,1,0.303,10.802699951454997,stream
M2-03889,2026-09-01 16:12:15,20260901,16,2,2,1,2,0.506,12.43510004132986,stream
M1-03890,2026-09-01 16:12:30,20260901,16,1,1,1,3,0.359,31.298999907448888,stream
M2-03891,2026-09-01 16:12:45,20260901,16,2,6,1,2,0.304,23.539999965578318,stream
M1-03892,2026-09-01 16:13:00,20260901,16,1,1,1,1,0.506,12.581000104546547,stream
M2-03893,2026-09-01 16:13:15,20260901,16,2,4,1,2,0.535,29.036799911409616,stream
M1-03894,2026-09-01 16:13:30,20260901,16,1,3,1,6,0.896,17.113299807533622,stream
M2-03895,2026-09-01 16:13:45,20260901,16,2,3,1,3,0.773,11.044699931517243,stream
M1-03896,2026-09-01 16:14:00,20260901,16,1,3,1,2,0.888,12.750300113111734,stream
M2-03897,2026-09-01 16:14:15,20260901,16,2,4,1,1,0.725,14.118100050836802,stream
M1-03898,2026-09-01 16:14:30,20260901,16,1,1,1,4,0.616,13.509100070223212,stream
M2-03899,2026-09-01 16:14:45,20260901,16,2,6,1,4,0.688,12.157800141721964,stream
M1-03900,2026-09-01 16:15:00,20260901,16,1,3,1,3,0.851,42.06990008242428,stream
M2-03901,2026-09-01 16:15:15,20260901,16,2,6,1,2,0.45,14.148900052532554,stream
M1-03902,2026-09-01 16:15:30,20260901,16,1,4,1,4,0.569,16.407700022682548,stream
M2-03903,2026-09-01 16:15:45,20260901,16,2,4,1,3,0.694,13.004900189116597,stream
M1-03904,2026-09-01 16:16:00,20260901,16,1,1,1,2,0.312,12.967200018465519,stream
M2-03905,2026-09-01 16:16:15,20260901,16,2,6,1,1,0.849,18.76890007406473,stream
M1-03906,2026-09-01 16:16:30,20260901,16,1,3,1,4,0.899,11.08550000935793,stream
M2-03907,2026-09-01 16:16:45,20260901,16,2,2,1,1,0.752,11.398099828511477,stream
M1-03908,2026-09-01 16:17:00,20260901,16,1,4,1,3,0.621,11.988099897280335,stream
M2-03909,2026-09-01 16:17:15,20260901,16,2,6,1,4,0.752,24.937800131738186,stream
M1-03910,2026-09-01 16:17:30,20260901,16,1,3,1,6,0.816,24.877600139006972,stream
M2-03911,2026-09-01 16:17:45,20260901,16,2,4,1,1,0.442,11.494499864056706,stream
M1-03912,2026-09-01 16:18:00,20260901,16,1,2,1,7,0.806,10.620299959555268,stream
M2-03913,2026-09-01 16:18:15,20260901,16,2,7,0,0,,13.189499964937568,stream
M1-03914,2026-09-01 16:18:30,20260901,16,1,1,1,2,0.269,12.009700061753392,stream
M2-03915,2026-09-01 16:18:45,20260901,16,2,7,0,0,,9.017499862238765,stream
M1-03916,2026-09-01 16:19:00,20260901,16,1,1,1,3,0.384,24.950900115072727,stream
M2-03917,2026-09-01 16:19:15,20260901,16,2,4,1,1,0.746,28.315800009295344,stream
M1-03918,2026-09-01 16:19:30,20260901,16,1,7,0,0,,22.969499928876758,stream
M2-03919,2026-09-01 16:19:45,20260901,16,2,7,0,0,,17.90779992006719,stream
M1-03920,2026-09-01 16:20:00,20260901,16,1,1,1,5,0.531,21.71600004658103,stream
M2-03921,2026-09-01 16:20:15,20260901,16,2,2,1,3,0.472,27.343799825757742,stream
M1-03922,2026-09-01 16:20:30,20260901,16,1,3,1,6,0.816,11.64410007186234,stream
M2-03923,2026-09-01 16:20:45,20260901,16,2,4,1,1,0.719,11.683800024911761,stream
M1-03924,2026-09-01 16:21:00,20260901,16,1,1,1,3,0.579,18.65500002168119,stream
M2-03925,2026-09-01 16:21:15,20260901,16,2,4,1,2,0.569,10.791900102049112,stream
M1-03926,2026-09-01 16:21:30,20260901,16,1,6,1,6,0.737,11.940500000491738,stream
M2-03927,2026-09-01 16:21:45,20260901,16,2,4,1,1,0.738,30.054599978029728,stream
M1-03928,2026-09-01 16:22:00,20260901,16,1,2,1,1,0.595,19.74090002477169,stream
M2-03929,2026-09-01 16:22:15,20260901,16,2,6,1,4,0.629,27.534799883142114,stream
M1-03930,2026-09-01 16:22:30,20260901,16,1,2,1,5,0.707,26.096299989148974,stream
M2-03931,2026-09-01 16:22:45,20260901,16,2,4,1,1,0.354,12.50790013000369,stream
M1-03932,2026-09-01 16:23:00,20260901,16,1,6,1,1,0.806,10.99209999665618,stream
M2-03933,2026-09-01 16:23:15,20260901,16,2,4,1,1,0.808,12.599399778991938,stream
M1-03934,2026-09-01 16:23:30,20260901,16,1,7,0,0,,12.0556999463588,stream
M2-03935,2026-09-01 16:23:45,20260901,16,2,2,1,1,0.795,15.12539992108941,stream
M1-03936,2026-09-01 16:24:00,20260901,16,1,1,1,4,0.305,12.102600187063217,stream
M2-03937,2026-09-01 16:24:15,20260901,16,2,4,1,1,0.649,11.552399955689907,stream
M1-03938,2026-09-01 16:24:30,20260901,16,1,2,1,13,0.714,14.530299929901958,stream
M2-03939,2026-09-01 16:24:45,20260901,16,2,4,1,1,0.788,12.997699901461601,stream
M1-03940,2026-09-01 16:25:00,20260901,16,1,1,1,3,0.529,17.86400005221367,stream
M2-03941,2026-09-01 16:25:15,20260901,16,2,4,1,1,0.684,26.86279988847673,stream
M1-03942,2026-09-01 16:25:30,20260901,16,1,6,1,2,0.77,31.815200112760067,stream
M2-03943,2026-09-01 16:25:45,20260901,16,2,6,1,2,0.304,31.672799959778786,stream
M1-03944,2026-09-01 16:26:00,20260901,16,1,1,1,1,0.506,28.040200006216764,stream
M2-03945,2026-09-01 16:26:15,20260901,16,2,2,1,1,0.597,27.589499950408936,stream
M1-03946,2026-09-01 16:26:30,20260901,16,1,1,1,2,0.571,27.91950013488531,stream
M2-03947,2026-09-01 16:26:45,20260901,16,2,4,1,1,0.313,25.016500148922205,stream
M1-03948,2026-09-01 16:27:00,20260901,16,1,4,1,2,0.902,29.245699988678098,stream
M2-03949,2026-09-01 16:27:15,20260901,16,2,4,1,1,0.808,30.983499949797988,stream
M1-03950,2026-09-01 16:27:30,20260901,16,1,1,1,1,0.506,29.919900000095367,stream
M2-03951,2026-09-01 16:27:45,20260901,16,2,4,1,2,0.535,24.75790004245937,stream
M1-03952,2026-09-01 16:28:00,20260901,16,1,3,1,4,0.769,26.2126000598073,stream
M2-03953,2026-09-01 16:28:15,20260901,16,2,4,1,1,0.312,28.74109987169504,stream
M1-03954,2026-09-01 16:28:30,20260901,16,1,2,1,5,0.707,39.20320002362132,stream
M2-03955,2026-09-01 16:28:45,20260901,16,2,4,1,1,0.66,25.969000067561865,stream
M1-03956,2026-09-01 16:29:00,20260901,16,1,1,1,1,0.432,25.12190002016723,stream
M2-03957,2026-09-01 16:29:15,20260901,16,2,2,1,1,0.795,27.799899922683835,stream
M1-03958,2026-09-01 16:29:30,20260901,16,1,4,1,4,0.892,30.073600122705102,stream
M2-03959,2026-09-01 16:29:45,20260901,16,2,7,0,0,,22.6351001765579,stream
M1-03960,2026-09-01 16:30:00,20260901,16,1,5,1,4,0.313,24.263400118798018,stream
M2-03961,2026-09-01 16:30:15,20260901,16,2,2,1,3,0.699,27.18709991313517,stream
M1-03962,2026-09-01 16:30:30,20260901,16,1,1,1,2,0.313,26.8590000923723,stream
M2-03963,2026-09-01 16:30:45,20260901,16,2,6,1,2,0.465,28.16410013474524,stream
M1-03964,2026-09-01 16:31:00,20260901,16,1,5,1,4,0.641,27.87350001744926,stream
M2-03965,2026-09-01 16:31:15,20260901,16,2,4,1,2,0.569,28.668300015851855,stream
M1-03966,2026-09-01 16:31:30,20260901,16,1,5,1,3,0.515,29.829799896106124,stream
M2-03967,2026-09-01 16:31:45,20260901,16,2,2,1,1,0.296,47.00900008901954,stream
M1-03968,2026-09-01 16:32:00,20260901,16,1,1,1,2,0.438,114.1310001257807,stream
M2-03969,2026-09-01 16:32:15,20260901,16,2,7,0,0,,59.367400128394365,stream
M1-03970,2026-09-01 16:32:30,20260901,16,1,4,1,4,0.892,36.54960007406771,stream
M2-03971,2026-09-01 16:32:45,20260901,16,2,4,1,1,0.577,24.992800084874034,stream
M1-03972,2026-09-01 16:33:00,20260901,16,1,3,1,2,0.865,26.04819997213781,stream
M2-03973,2026-09-01 16:33:15,20260901,16,2,4,1,1,0.649,10.536399902775884,stream
M1-03974,2026-09-01 16:33:30,20260901,16,1,6,1,3,0.709,37.932900013402104,stream
M2-03975,2026-09-01 16:33:45,20260901,16,2,4,1,1,0.654,29.67380010522902,stream
M1-03976,2026-09-01 16:34:00,20260901,16,1,5,1,3,0.427,29.625300085172057,stream
M2-03977,2026-09-01 16:34:15,20260901,16,2,4,1,1,0.725,24.298100033774972,stream
M1-03978,2026-09-01 16:34:30,20260901,16,1,3,1,5,0.882,25.932000018656254,stream
M2-03979,2026-09-01 16:34:45,20260901,16,2,2,1,1,0.518,25.63609997741878,stream
M1-03980,2026-09-01 16:35:00,20260901,16,1,5,1,3,0.559,26.827000081539154,stream
M2-03981,2026-09-01 16:35:15,20260901,16,2,6,1,1,0.678,26.680200127884746,stream
M1-03982,2026-09-01 16:35:30,20260901,16,1,7,0,0,,24.92809994146228,stream
M2-03983,2026-09-01 16:35:45,20260901,16,2,2,1,2,0.584,30.836299993097782,stream
M1-03984,2026-09-01 16:36:00,20260901,16,1,6,1,4,0.699,28.215899830684066,stream
M2-03985,2026-09-01 16:36:15,20260901,16,2,4,1,1,0.265,27.48090005479753,stream
M1-03986,2026-09-01 16:36:30,20260901,16,1,4,1,1,0.576,25.81069990992546,stream
M2-03987,2026-09-01 16:36:45,20260901,16,2,3,1,2,0.549,22.669600090011954,stream
M1-03988,2026-09-01 16:37:00,20260901,16,1,4,1,3,0.445,26.920099975541234,stream
M2-03989,2026-09-01 16:37:15,20260901,16,2,4,1,1,0.276,26.164100039750338,stream
M1-03990,2026-09-01 16:37:30,20260901,16,1,4,1,4,0.892,29.260699870064855,stream
M2-03991,2026-09-01 16:37:45,20260901,16,2,4,1,1,0.729,27.674000011757016,stream
M1-03992,2026-09-01 16:38:00,20260901,16,1,1,1,2,0.569,25.808899896219373,stream
M2-03993,2026-09-01 16:38:15,20260901,16,2,4,1,1,0.787,27.368699898943305,stream
M1-03994,2026-09-01 16:38:30,20260901,16,1,2,1,2,0.755,32.24450000561774,stream
M2-03995,2026-09-01 16:38:45,20260901,16,2,3,1,3,0.435,29.70910002477467,stream
M1-03996,2026-09-01 16:39:00,20260901,16,1,6,1,6,0.804,28.26050017029047,stream
M2-03997,2026-09-01 16:39:15,20260901,16,2,6,1,1,0.678,29.405999928712845,stream
M1-03998,2026-09-01 16:39:30,20260901,16,1,2,1,3,0.717,29.429599875584245,stream
M2-03999,2026-09-01 16:39:45,20260901,16,2,6,1,1,0.78,30.94889991916716,stream
M1-04000,2026-09-01 16:40:00,20260901,16,1,2,1,2,0.77,24.018999887630343,stream
M2-04001,2026-09-01 16:40:15,20260901,16,2,2,1,1,0.637,26.237100129947066,stream
M1-04002,2026-09-01 16:40:30,20260901,16,1,1,1,1,0.506,26.37979993596673,stream
M2-04003,2026-09-01 16:40:45,20260901,16,2,4,1,1,0.25,26.6183998901397,stream
M1-04004,2026-09-01 16:41:00,20260901,16,1,5,1,4,0.709,34.67829991132021,stream
M2-04005,2026-09-01 16:41:15,20260901,16,2,6,1,2,0.664,23.404999868944287,stream
M1-04006,2026-09-01 16:41:30,20260901,16,1,2,1,4,0.596,27.645300142467022,stream
M2-04007,2026-09-01 16:41:45,20260901,16,2,6,1,4,0.667,26.134799933061004,stream
M1-04008,2026-09-01 16:42:00,20260901,16,1,3,1,6,0.901,28.69000006467104,stream
M2-04009,2026-09-01 16:42:15,20260901,16,2,2,1,1,0.795,25.177699979394674,stream
M1-04010,2026-09-01 16:42:30,20260901,16,1,1,1,3,0.384,25.86770011112094,stream
M2-04011,2026-09-01 16:42:45,20260901,16,2,2,1,1,0.756,26.332000037655234,stream
M1-04012,2026-09-01 16:43:00,20260901,16,1,6,1,1,0.67,32.831700053066015,stream
M2-04013,2026-09-01 16:43:15,20260901,16,2,7,0,0,,27.26879995316267,stream
M1-04014,2026-09-01 16:43:30,20260901,16,1,3,1,2,0.865,13.702299911528826,stream
M2-04015,2026-09-01 16:43:45,20260901,16,2,2,1,1,0.597,18.58059992082417,stream
M1-04016,2026-09-01 16:44:00,20260901,16,1,6,1,2,0.73,20.895299967378378,stream
M2-04017,2026-09-01 16:44:15,20260901,16,2,4,1,2,0.765,20.27529990300536,stream
M1-04018,2026-09-01 16:44:30,20260901,16,1,5,1,3,0.597,25.24350001476705,stream
M2-04019,2026-09-01 16:44:45,20260901,16,2,4,1,1,0.284,17.2050001565367,stream
M1-04020,2026-09-01 16:45:00,20260901,16,1,2,1,2,0.759,15.530599979683757,stream
M2-04021,2026-09-01 16:45:15,20260901,16,2,6,1,1,0.713,18.039100104942918,stream
M1-04022,2026-09-01 16:45:30,20260901,16,1,3,1,3,0.526,19.435100024566054,stream
M2-04023,2026-09-01 16:45:45,20260901,16,2,6,1,2,0.323,15.668400097638369,stream
M1-04024,2026-09-01 16:46:00,20260901,16,1,2,1,4,0.714,14.44109994918108,stream
M2-04025,2026-09-01 16:46:15,20260901,16,2,6,1,4,0.752,17.848399933427572,stream
M1-04026,2026-09-01 16:46:30,20260901,16,1,1,1,1,0.506,17.746299970895052,stream
M2-04027,2026-09-01 16:46:45,20260901,16,2,6,1,4,0.608,14.753400115296245,stream
M1-04028,2026-09-01 16:47:00,20260901,16,1,6,1,5,0.767,18.00299994647503,stream
M2-04029,2026-09-01 16:47:15,20260901,16,2,6,1,1,0.351,19.858499988913536,stream
M1-04030,2026-09-01 16:47:30,20260901,16,1,3,1,3,0.889,17.99570000730455,stream
M2-04031,2026-09-01 16:47:45,20260901,16,2,7,0,0,,11.640500044450164,stream
M1-04032,2026-09-01 16:48:00,20260901,16,1,4,1,2,0.479,18.893300089985132,stream
M2-04033,2026-09-01 16:48:15,20260901,16,2,4,1,1,0.788,26.284300023689866,stream
M1-04034,2026-09-01 16:48:30,20260901,16,1,3,1,3,0.857,17.41439988836646,stream
M2-04035,2026-09-01 16:48:45,20260901,16,2,7,0,0,,12.836600188165903,stream
M1-04036,2026-09-01 16:49:00,20260901,16,1,5,1,3,0.549,15.500799985602498,stream
M2-04037,2026-09-01 16:49:15,20260901,16,2,7,0,0,,27.5176998693496,stream
M1-04038,2026-09-01 16:49:30,20260901,16,1,1,1,4,0.616,22.788200061768293,stream
M2-04039,2026-09-01 16:49:45,20260901,16,2,6,1,4,0.675,18.052800092846155,stream
M1-04040,2026-09-01 16:50:00,20260901,16,1,3,1,6,0.789,15.280799940228462,stream
M2-04041,2026-09-01 16:50:15,20260901,16,2,7,0,0,,25.63609997741878,stream
M1-04042,2026-09-01 16:50:30,20260901,16,1,4,1,3,0.34,20.108700031414628,stream
M2-04043,2026-09-01 16:50:45,20260901,16,2,4,1,2,0.569,25.192199973389506,stream
M1-04044,2026-09-01 16:51:00,20260901,16,1,4,1,3,0.653,13.203900074586272,stream
M2-04045,2026-09-01 16:51:15,20260901,16,2,4,1,1,0.622,16.630199970677495,stream
M1-04046,2026-09-01 16:51:30,20260901,16,1,3,1,2,0.78,17.220799811184406,stream
M2-04047,2026-09-01 16:51:45,20260901,16,2,2,1,2,0.506,15.56409988552332,stream
M1-04048,2026-09-01 16:52:00,20260901,16,1,3,1,3,0.832,14.898400055244565,stream
M2-04049,2026-09-01 16:52:15,20260901,16,2,4,1,1,0.738,13.731899904087186,stream
M1-04050,2026-09-01 16:52:30,20260901,16,1,3,1,3,0.851,12.794899987056851,stream
M2-04051,2026-09-01 16:52:45,20260901,16,2,4,1,1,0.808,13.912300113588572,stream
M1-04052,2026-09-01 16:53:00,20260901,16,1,3,1,4,0.904,16.426200047135353,stream
M2-04053,2026-09-01 16:53:15,20260901,16,2,6,1,1,0.849,12.51550018787384,stream
M1-04054,2026-09-01 16:53:30,20260901,16,1,4,1,1,0.702,15.038300072774291,stream
M2-04055,2026-09-01 16:53:45,20260901,16,2,4,1,1,0.514,12.248999904841185,stream
M1-04056,2026-09-01 16:54:00,20260901,16,1,6,1,8,0.632,13.325800187885761,stream
M2-04057,2026-09-01 16:54:15,20260901,16,2,3,1,3,0.427,12.84799980930984,stream
M1-04058,2026-09-01 16:54:30,20260901,16,1,2,1,2,0.83,13.297200202941895,stream
M2-04059,2026-09-01 16:54:45,20260901,16,2,6,1,1,0.78,23.026800015941262,stream
M1-04060,2026-09-01 16:55:00,20260901,16,1,2,1,2,0.552,16.63399999961257,stream
M2-04061,2026-09-01 16:55:15,20260901,16,2,3,1,1,0.486,16.531800152733922,stream
M1-04062,2026-09-01 16:55:30,20260901,16,1,4,1,2,0.401,16.181199811398983,stream
M2-04063,2026-09-01 16:55:45,20260901,16,2,4,1,1,0.578,21.936099976301193,stream
M1-04064,2026-09-01 16:56:00,20260901,16,1,6,1,3,0.696,16.51680003851652,stream
M2-04065,2026-09-01 16:56:15,20260901,16,2,4,1,1,0.736,13.94199999049306,stream
M1-04066,2026-09-01 16:56:30,20260901,16,1,2,1,5,0.707,13.091300148516893,stream
M2-04067,2026-09-01 16:56:45,20260901,16,2,4,1,1,0.574,29.414599994197488,stream
M1-04068,2026-09-01 16:57:00,20260901,16,1,2,1,11,0.744,24.591099936515093,stream
M2-04069,2026-09-01 16:57:15,20260901,16,2,4,1,1,0.673,23.57660001143813,stream
M1-04070,2026-09-01 16:57:30,20260901,16,1,6,1,5,0.639,18.54639989323914,stream
M2-04071,2026-09-01 16:57:45,20260901,16,2,6,1,4,0.664,13.704200042411685,stream
M1-04072,2026-09-01 16:58:00,20260901,16,1,7,0,0,,18.279099836945534,stream
M2-04073,2026-09-01 16:58:15,20260901,16,2,7,0,0,,15.134699875488877,stream
M1-04074,2026-09-01 16:58:30,20260901,16,1,3,1,2,0.846,24.80250014923513,stream
M2-04075,2026-09-01 16:58:45,20260901,16,2,6,1,1,0.678,20.41959995403886,stream
M1-04076,2026-09-01 16:59:00,20260901,16,1,6,1,8,0.632,26.64260007441044,stream
M2-04077,2026-09-01 16:59:15,20260901,16,2,4,1,1,0.746,14.071399811655283,stream
M1-04078,2026-09-01 16:59:30,20260901,16,1,3,1,6,0.901,13.017900055274367,stream
M2-04079,2026-09-01 16:59:45,20260901,16,2,4,1,1,0.514,35.741399973630905,stream
M1-04080,2026-09-01 17:00:00,20260901,17,1,1,1,5,0.352,16.789200017228723,stream
M2-04081,2026-09-01 17:00:15,20260901,17,2,6,1,2,0.77,27.417399920523167,stream
M1-04082,2026-09-01 17:00:30,20260901,17,1,2,1,3,0.531,32.62509987689555,stream
M2-04083,2026-09-01 17:00:45,20260901,17,2,3,1,6,0.789,13.175399973988533,stream
M1-04084,2026-09-01 17:01:00,20260901,17,1,2,1,3,0.709,12.639299966394901,stream
M2-04085,2026-09-01 17:01:15,20260901,17,2,4,1,2,0.597,11.507000075653195,stream
M1-04086,2026-09-01 17:01:30,20260901,17,1,2,1,3,0.749,13.77859991043806,stream
M2-04087,2026-09-01 17:01:45,20260901,17,2,7,0,0,,10.878300061449409,stream
M1-04088,2026-09-01 17:02:00,20260901,17,1,5,1,5,0.797,15.830400167033076,stream
M2-04089,2026-09-01 17:02:15,20260901,17,2,2,1,3,0.829,11.785800103098154,stream
M1-04090,2026-09-01 17:02:30,20260901,17,1,1,1,4,0.616,14.371800003573298,stream
M2-04091,2026-09-01 17:02:45,20260901,17,2,6,1,1,0.57,12.197199976071715,stream
M1-04092,2026-09-01 17:03:00,20260901,17,1,5,1,3,0.427,28.013099916279316,stream
M2-04093,2026-09-01 17:03:15,20260901,17,2,2,1,4,0.714,13.068600092083216,stream
M1-04094,2026-09-01 17:03:30,20260901,17,1,4,1,3,0.621,15.360899968072772,stream
M2-04095,2026-09-01 17:03:45,20260901,17,2,5,1,3,0.427,37.927999859675765,stream
M1-04096,2026-09-01 17:04:00,20260901,17,1,6,1,1,0.67,39.51020003296435,stream
M2-04097,2026-09-01 17:04:15,20260901,17,2,4,1,5,0.934,26.743700029328465,stream
M1-04098,2026-09-01 17:04:30,20260901,17,1,6,1,7,0.642,29.03759991750121,stream
M2-04099,2026-09-01 17:04:45,20260901,17,2,6,1,3,0.688,23.956899996846914,stream
M1-04100,2026-09-01 17:05:00,20260901,17,1,3,1,4,0.904,12.720800004899502,stream
M2-04101,2026-09-01 17:05:15,20260901,17,2,3,1,3,0.884,11.92379998974502,stream
M1-04102,2026-09-01 17:05:30,20260901,17,1,4,1,1,0.576,21.572999889031053,stream
M2-04103,2026-09-01 17:05:45,20260901,17,2,1,1,1,0.506,11.565800057724118,stream
M1-04104,2026-09-01 17:06:00,20260901,17,1,1,1,4,0.477,13.841399922966957,stream
M2-04105,2026-09-01 17:06:15,20260901,17,2,4,1,3,0.653,11.071300134062767,stream
M1-04106,2026-09-01 17:06:30,20260901,17,1,4,1,1,0.576,11.544600129127502,stream
M2-04107,2026-09-01 17:06:45,20260901,17,2,2,1,3,0.548,29.247800121083856,stream
M1-04108,2026-09-01 17:07:00,20260901,17,1,5,1,1,0.303,23.294099839404225,stream
M2-04109,2026-09-01 17:07:15,20260901,17,2,2,1,2,0.83,14.637500047683716,stream
M1-04110,2026-09-01 17:07:30,20260901,17,1,6,1,6,0.804,12.815099908038974,stream
M2-04111,2026-09-01 17:07:45,20260901,17,2,6,1,3,0.696,11.829199967905879,stream
M1-04112,2026-09-01 17:08:00,20260901,17,1,6,1,2,0.73,12.317799963057041,stream
M2-04113,2026-09-01 17:08:15,20260901,17,2,4,1,5,0.523,12.55199988372624,stream
M1-04114,2026-09-01 17:08:30,20260901,17,1,6,1,6,0.591,12.074099853634834,stream
M2-04115,2026-09-01 17:08:45,20260901,17,2,1,1,4,0.377,12.096300022676587,stream
M1-04116,2026-09-01 17:09:00,20260901,17,1,6,1,2,0.662,13.235699851065874,stream
M2-04117,2026-09-01 17:09:15,20260901,17,2,2,1,4,0.714,11.478899978101254,stream
M1-04118,2026-09-01 17:09:30,20260901,17,1,6,1,3,0.715,20.685700001195073,stream
M2-04119,2026-09-01 17:09:45,20260901,17,2,5,1,3,0.359,26.384300086647272,stream
M1-04120,2026-09-01 17:10:00,20260901,17,1,4,1,1,0.719,24.836800061166286,stream
M2-04121,2026-09-01 17:10:15,20260901,17,2,4,1,3,0.34,15.563599998131394,stream
M1-04122,2026-09-01 17:10:30,20260901,17,1,2,1,2,0.746,12.094500008970499,stream
M2-04123,2026-09-01 17:10:45,20260901,17,2,2,1,1,0.595,26.5283000189811,stream
M1-04124,2026-09-01 17:11:00,20260901,17,1,6,1,8,0.632,28.482000110670924,stream
M2-04125,2026-09-01 17:11:15,20260901,17,2,4,1,1,0.597,26.20840002782643,stream
M1-04126,2026-09-01 17:11:30,20260901,17,1,4,1,1,0.584,16.17190008983016,stream
M2-04127,2026-09-01 17:11:45,20260901,17,2,4,1,3,0.698,12.622199952602386,stream
M1-04128,2026-09-01 17:12:00,20260901,17,1,6,1,1,0.57,11.255700141191483,stream
M2-04129,2026-09-01 17:12:15,20260901,17,2,2,1,3,0.59,12.669000076130033,stream
M1-04130,2026-09-01 17:12:30,20260901,17,1,3,1,3,0.526,12.56369985640049,stream
M2-04131,2026-09-01 17:12:45,20260901,17,2,1,1,1,0.579,12.347499839961529,stream
M1-04132,2026-09-01 17:13:00,20260901,17,1,6,1,2,0.755,14.53449996188283,stream
M2-04133,2026-09-01 17:13:15,20260901,17,2,2,1,3,0.531,10.938200168311596,stream
M1-04134,2026-09-01 17:13:30,20260901,17,1,5,1,1,0.621,11.565999826416373,stream
M2-04135,2026-09-01 17:13:45,20260901,17,2,1,1,3,0.579,11.324299965053797,stream
M1-04136,2026-09-01 17:14:00,20260901,17,1,3,1,2,0.888,14.088299823924899,stream
M2-04137,2026-09-01 17:14:15,20260901,17,2,2,1,3,0.548,26.60469990223646,stream
M1-04138,2026-09-01 17:14:30,20260901,17,1,1,1,2,0.571,17.59000006131828,stream
M2-04139,2026-09-01 17:14:45,20260901,17,2,2,1,1,0.595,11.653899913653731,stream
M1-04140,2026-09-01 17:15:00,20260901,17,1,3,1,3,0.526,14.385000104084611,stream
M2-04141,2026-09-01 17:15:15,20260901,17,2,2,1,2,0.552,15.193099854514003,stream
M1-04142,2026-09-01 17:15:30,20260901,17,1,4,1,1,0.535,12.251700041815639,stream
M2-04143,2026-09-01 17:15:45,20260901,17,2,3,1,3,0.881,12.907299911603332,stream
M1-04144,2026-09-01 17:16:00,20260901,17,1,5,1,3,0.756,15.609900001436472,stream
M2-04145,2026-09-01 17:16:15,20260901,17,2,6,1,1,0.682,15.447999816387892,stream
M1-04146,2026-09-01 17:16:30,20260901,17,1,4,1,3,0.653,12.070999946445227,stream
M2-04147,2026-09-01 17:16:45,20260901,17,2,3,1,2,0.865,25.187700055539608,stream
M1-04148,2026-09-01 17:17:00,20260901,17,1,5,1,1,0.387,10.917000006884336,stream
M2-04149,2026-09-01 17:17:15,20260901,17,2,4,1,2,0.427,27.22020004875958,stream
M1-04150,2026-09-01 17:17:30,20260901,17,1,5,1,3,0.582,13.231199933215976,stream
M2-04151,2026-09-01 17:17:45,20260901,17,2,4,1,4,0.569,14.957700157538056,stream
M1-04152,2026-09-01 17:18:00,20260901,17,1,2,1,6,0.643,22.690400015562773,stream
M2-04153,2026-09-01 17:18:15,20260901,17,2,3,1,3,0.526,28.26460008509457,stream
M1-04154,2026-09-01 17:18:30,20260901,17,1,6,1,4,0.699,29.76819989271462,stream
M2-04155,2026-09-01 17:18:45,20260901,17,2,3,1,3,0.909,23.081500083208084,stream
M1-04156,2026-09-01 17:19:00,20260901,17,1,3,1,3,0.881,16.779900062829256,stream
M2-04157,2026-09-01 17:19:15,20260901,17,2,3,1,3,0.526,17.241900088265538,stream
M1-04158,2026-09-01 17:19:30,20260901,17,1,3,1,6,0.896,25.22259997203946,stream
M2-04159,2026-09-01 17:19:45,20260901,17,2,4,1,2,0.627,24.466600036248565,stream
M1-04160,2026-09-01 17:20:00,20260901,17,1,6,1,2,0.77,14.586899895220995,stream
M2-04161,2026-09-01 17:20:15,20260901,17,2,5,1,3,0.492,13.259900035336614,stream
M1-04162,2026-09-01 17:20:30,20260901,17,1,1,1,4,0.305,13.124100165441632,stream
M2-04163,2026-09-01 17:20:45,20260901,17,2,5,1,2,0.389,14.3370998557657,stream
M1-04164,2026-09-01 17:21:00,20260901,17,1,6,1,1,0.682,12.685100082308054,stream
M2-04165,2026-09-01 17:21:15,20260901,17,2,5,1,3,0.492,36.542899906635284,stream
M1-04166,2026-09-01 17:21:30,20260901,17,1,5,1,3,0.597,11.18299993686378,stream
M2-04167,2026-09-01 17:21:45,20260901,17,2,2,1,11,0.744,25.814799824729562,stream
M1-04168,2026-09-01 17:22:00,20260901,17,1,4,1,2,0.427,12.392600066959858,stream
M2-04169,2026-09-01 17:22:15,20260901,17,2,3,1,2,0.78,13.694500084966421,stream
M1-04170,2026-09-01 17:22:30,20260901,17,1,6,1,1,0.787,18.431599950417876,stream
M2-04171,2026-09-01 17:22:45,20260901,17,2,4,1,3,0.508,15.340100042521954,stream
M1-04172,2026-09-01 17:23:00,20260901,17,1,1,1,4,0.52,11.991600040346384,stream
M2-04173,2026-09-01 17:23:15,20260901,17,2,1,1,4,0.305,28.57409999705851,stream
M1-04174,2026-09-01 17:23:30,20260901,17,1,4,1,1,0.702,27.48659998178482,stream
M2-04175,2026-09-01 17:23:45,20260901,17,2,5,1,3,0.549,32.476000022143126,stream
M1-04176,2026-09-01 17:24:00,20260901,17,1,1,1,3,0.469,29.87789991311729,stream
M2-04177,2026-09-01 17:24:15,20260901,17,2,3,1,3,0.914,27.121499879285693,stream
M1-04178,2026-09-01 17:24:30,20260901,17,1,1,1,4,0.541,25.49679996445775,stream
M2-04179,2026-09-01 17:24:45,20260901,17,2,1,1,5,0.352,24.699199944734573,stream
M1-04180,2026-09-01 17:25:00,20260901,17,1,5,1,3,0.359,23.368600057438016,stream
M2-04181,2026-09-01 17:25:15,20260901,17,2,6,1,8,0.632,15.472800005227327,stream
M1-04182,2026-09-01 17:25:30,20260901,17,1,4,1,1,0.43,13.282600091770291,stream
M2-04183,2026-09-01 17:25:45,20260901,17,2,5,1,1,0.501,15.406499849632382,stream
M1-04184,2026-09-01 17:26:00,20260901,17,1,3,1,2,0.83,12.324400013312697,stream
M2-04185,2026-09-01 17:26:15,20260901,17,2,5,1,5,0.797,13.062400044873357,stream
M1-04186,2026-09-01 17:26:30,20260901,17,1,5,1,1,0.554,10.826499899849296,stream
M2-04187,2026-09-01 17:26:45,20260901,17,2,5,1,2,0.534,11.919799959287047,stream
M1-04188,2026-09-01 17:27:00,20260901,17,1,4,1,3,0.698,11.678799986839294,stream
M2-04189,2026-09-01 17:27:15,20260901,17,2,5,1,3,0.549,24.83330015093088,stream
M1-04190,2026-09-01 17:27:30,20260901,17,1,5,1,2,0.48,23.853300139307976,stream
M2-04191,2026-09-01 17:27:45,20260901,17,2,5,1,3,0.509,27.299300068989396,stream
M1-04192,2026-09-01 17:28:00,20260901,17,1,2,1,3,0.548,25.276800151914358,stream
M2-04193,2026-09-01 17:28:15,20260901,17,2,6,1,7,0.608,26.66760003194213,stream
M1-04194,2026-09-01 17:28:30,20260901,17,1,1,1,4,0.541,21.658899961039424,stream
M2-04195,2026-09-01 17:28:45,20260901,17,2,6,1,2,0.77,13.985899975523353,stream
M1-04196,2026-09-01 17:29:00,20260901,17,1,4,1,3,0.757,11.229699943214655,stream
M2-04197,2026-09-01 17:29:15,20260901,17,2,2,1,3,0.717,19.465100020170212,stream
M1-04198,2026-09-01 17:29:30,20260901,17,1,3,1,5,0.882,14.663999900221825,stream
M2-04199,2026-09-01 17:29:45,20260901,17,2,4,1,2,0.902,17.267700051888824,stream
M1-04200,2026-09-01 17:30:00,20260901,17,1,1,1,2,0.269,12.131300056353211,stream
M2-04201,2026-09-01 17:30:15,20260901,17,2,2,1,1,0.867,10.580899892374873,stream
M1-04202,2026-09-01 17:30:30,20260901,17,1,1,1,2,0.438,14.246800215914845,stream
M2-04203,2026-09-01 17:30:45,20260901,17,2,2,1,1,0.282,12.045599985867739,stream
M1-04204,2026-09-01 17:31:00,20260901,17,1,6,1,2,0.77,12.91540008969605,stream
M2-04205,2026-09-01 17:31:15,20260901,17,2,4,1,3,0.621,25.34299995750189,stream
M1-04206,2026-09-01 17:31:30,20260901,17,1,6,1,7,0.59,14.413699973374605,stream
M2-04207,2026-09-01 17:31:45,20260901,17,2,2,1,4,0.596,17.828100128099322,stream
M1-04208,2026-09-01 17:32:00,20260901,17,1,5,1,2,0.389,11.993200052529573,stream
M2-04209,2026-09-01 17:32:15,20260901,17,2,3,1,3,0.909,25.96509992145002,stream
M1-04210,2026-09-01 17:32:30,20260901,17,1,4,1,1,0.885,26.10150002874434,stream
M2-04211,2026-09-01 17:32:45,20260901,17,2,6,1,3,0.706,29.735000105574727,stream
M1-04212,2026-09-01 17:33:00,20260901,17,1,2,1,1,0.595,26.68080013245344,stream
M2-04213,2026-09-01 17:33:15,20260901,17,2,5,1,3,0.582,23.51179998368025,stream
M1-04214,2026-09-01 17:33:30,20260901,17,1,3,1,3,0.526,25.583500042557716,stream
M2-04215,2026-09-01 17:33:45,20260901,17,2,5,1,3,0.582,10.250699939206243,stream
M1-04216,2026-09-01 17:34:00,20260901,17,1,3,1,5,0.826,11.416499968618155,stream
M2-04217,2026-09-01 17:34:15,20260901,17,2,5,1,2,0.534,23.438399890437722,stream
M1-04218,2026-09-01 17:34:30,20260901,17,1,2,1,6,0.828,16.981099965050817,stream
M2-04219,2026-09-01 17:34:45,20260901,17,2,1,1,2,0.48,10.997400153428316,stream
M1-04220,2026-09-01 17:35:00,20260901,17,1,4,1,1,0.636,11.325899977236986,stream
M2-04221,2026-09-01 17:35:15,20260901,17,2,5,1,4,0.313,31.41620010137558,stream
M1-04222,2026-09-01 17:35:30,20260901,17,1,3,1,3,0.832,22.324600024148822,stream
M2-04223,2026-09-01 17:35:45,20260901,17,2,4,1,3,0.34,22.67129998654127,stream
M1-04224,2026-09-01 17:36:00,20260901,17,1,5,1,1,0.501,10.623799869790673,stream
M2-04225,2026-09-01 17:36:15,20260901,17,2,6,1,1,0.806,10.894600069150329,stream
M1-04226,2026-09-01 17:36:30,20260901,17,1,6,1,10,0.657,12.393600074574351,stream
M2-04227,2026-09-01 17:36:45,20260901,17,2,1,1,2,0.438,34.652499947696924,stream
M1-04228,2026-09-01 17:37:00,20260901,17,1,3,1,5,0.882,13.240299886092544,stream
M2-04229,2026-09-01 17:37:15,20260901,17,2,2,1,5,0.715,25.165800005197525,stream
M1-04230,2026-09-01 17:37:30,20260901,17,1,5,1,4,0.641,12.617200147360563,stream
M2-04231,2026-09-01 17:37:45,20260901,17,2,2,1,2,0.77,29.78490013629198,stream
M1-04232,2026-09-01 17:38:00,20260901,17,1,2,1,2,0.759,28.311900096014142,stream
M2-04233,2026-09-01 17:38:15,20260901,17,2,1,1,1,0.579,14.88989987410605,stream
M1-04234,2026-09-01 17:38:30,20260901,17,1,3,1,5,0.826,12.814899906516075,stream
M2-04235,2026-09-01 17:38:45,20260901,17,2,2,1,2,0.742,14.265400124713778,stream
M1-04236,2026-09-01 17:39:00,20260901,17,1,1,1,2,0.48,11.850500013679266,stream
M2-04237,2026-09-01 17:39:15,20260901,17,2,1,1,4,0.541,10.616600047796965,stream
M1-04238,2026-09-01 17:39:30,20260901,17,1,5,1,3,0.582,11.968499980866909,stream
M2-04239,2026-09-01 17:39:45,20260901,17,2,5,1,1,0.554,14.379799831658602,stream
M1-04240,2026-09-01 17:40:00,20260901,17,1,1,1,3,0.529,11.520399944856763,stream
M2-04241,2026-09-01 17:40:15,20260901,17,2,5,1,2,0.482,11.94139989092946,stream
M1-04242,2026-09-01 17:40:30,20260901,17,1,5,1,2,0.534,13.832200085744262,stream
M2-04243,2026-09-01 17:40:45,20260901,17,2,1,1,1,0.37,10.748899774625897,stream
M1-04244,2026-09-01 17:41:00,20260901,17,1,2,1,2,0.77,17.126400023698807,stream
M2-04245,2026-09-01 17:41:15,20260901,17,2,6,1,7,0.59,13.690199935808778,stream
M1-04246,2026-09-01 17:41:30,20260901,17,1,4,1,1,0.849,14.22329992055893,stream
M2-04247,2026-09-01 17:41:45,20260901,17,2,5,1,3,0.559,10.805399855598807,stream
M1-04248,2026-09-01 17:42:00,20260901,17,1,2,1,13,0.714,15.303099993616343,stream
M2-04249,2026-09-01 17:42:15,20260901,17,2,5,1,3,0.559,28.309599962085485,stream
M1-04250,2026-09-01 17:42:30,20260901,17,1,3,1,6,0.901,35.49670008942485,stream
M2-04251,2026-09-01 17:42:45,20260901,17,2,1,1,2,0.313,33.53399992920458,stream
M1-04252,2026-09-01 17:43:00,20260901,17,1,3,1,2,0.888,21.329900017008185,stream
M2-04253,2026-09-01 17:43:15,20260901,17,2,4,1,3,0.757,16.08299999497831,stream
M1-04254,2026-09-01 17:43:30,20260901,17,1,2,1,5,0.715,30.463899951428175,stream
M2-04255,2026-09-01 17:43:45,20260901,17,2,4,1,1,0.849,24.5748998131603,stream
M1-04256,2026-09-01 17:44:00,20260901,17,1,4,1,2,0.401,25.796699803322554,stream
M2-04257,2026-09-01 17:44:15,20260901,17,2,1,1,3,0.384,27.374499943107367,stream
M1-04258,2026-09-01 17:44:30,20260901,17,1,3,1,6,0.789,29.790200060233474,stream
M2-04259,2026-09-01 17:44:45,20260901,17,2,1,1,1,0.432,16.59280015155673,stream
M1-04260,2026-09-01 17:45:00,20260901,17,1,1,1,2,0.571,30.093900160863996,stream
M2-04261,2026-09-01 17:45:15,20260901,17,2,6,1,6,0.737,11.888799956068397,stream
M1-04262,2026-09-01 17:45:30,20260901,17,1,6,1,8,0.632,14.101400040090084,stream
M2-04263,2026-09-01 17:45:45,20260901,17,2,7,0,0,,21.43630012869835,stream
M1-04264,2026-09-01 17:46:00,20260901,17,1,3,1,5,0.882,11.970499996095896,stream
M2-04265,2026-09-01 17:46:15,20260901,17,2,6,1,1,0.67,17.034400021657348,stream
M1-04266,2026-09-01 17:46:30,20260901,17,1,3,1,5,0.882,15.886100009083748,stream
M2-04267,2026-09-01 17:46:45,20260901,17,2,5,1,3,0.509,34.82270007953048,stream
M1-04268,2026-09-01 17:47:00,20260901,17,1,4,1,1,0.576,21.84940013103187,stream
M2-04269,2026-09-01 17:47:15,20260901,17,2,2,1,9,0.776,17.633400158956647,stream
M1-04270,2026-09-01 17:47:30,20260901,17,1,1,1,5,0.531,26.284600142389536,stream
M2-04271,2026-09-01 17:47:45,20260901,17,2,6,1,1,0.67,38.252600003033876,stream
M1-04272,2026-09-01 17:48:00,20260901,17,1,5,1,2,0.48,27.945100096985698,stream
M2-04273,2026-09-01 17:48:15,20260901,17,2,4,1,2,0.597,25.322299916297197,stream
M1-04274,2026-09-01 17:48:30,20260901,17,1,4,1,2,0.597,13.944500125944614,stream
M2-04275,2026-09-01 17:48:45,20260901,17,2,6,1,3,0.696,15.338700031861663,stream
M1-04276,2026-09-01 17:49:00,20260901,17,1,2,1,3,0.59,23.819199996069074,stream
M2-04277,2026-09-01 17:49:15,20260901,17,2,7,0,0,,14.130100142210722,stream
M1-04278,2026-09-01 17:49:30,20260901,17,1,4,1,1,0.702,12.150200083851814,stream
M2-04279,2026-09-01 17:49:45,20260901,17,2,3,1,3,0.851,15.194399980828166,stream
M1-04280,2026-09-01 17:50:00,20260901,17,1,5,1,3,0.688,14.33640019968152,stream
M2-04281,2026-09-01 17:50:15,20260901,17,2,4,1,2,0.902,10.04229998216033,stream
M1-04282,2026-09-01 17:50:30,20260901,17,1,6,1,5,0.767,10.816799942404032,stream
M2-04283,2026-09-01 17:50:45,20260901,17,2,5,1,3,0.359,13.28819990158081,stream
M1-04284,2026-09-01 17:51:00,20260901,17,1,4,1,2,0.627,10.444599902257323,stream
M2-04285,2026-09-01 17:51:15,20260901,17,2,2,1,2,0.759,25.182000128552318,stream
M1-04286,2026-09-01 17:51:30,20260901,17,1,4,1,1,0.597,15.461100032553077,stream
M2-04287,2026-09-01 17:51:45,20260901,17,2,2,1,7,0.806,11.289299931377172,stream
M1-04288,2026-09-01 17:52:00,20260901,17,1,4,1,2,0.427,14.54589981585741,stream
M2-04289,2026-09-01 17:52:15,20260901,17,2,6,1,7,0.59,33.48229988478124,stream
M1-04290,2026-09-01 17:52:30,20260901,17,1,2,1,2,0.742,11.908999877050519,stream
M2-04291,2026-09-01 17:52:45,20260901,17,2,3,1,3,0.851,14.082999899983406,stream
M1-04292,2026-09-01 17:53:00,20260901,17,1,7,0,0,,12.059599859640002,stream
M2-04293,2026-09-01 17:53:15,20260901,17,2,2,1,2,0.77,10.744000086560845,stream
M1-04294,2026-09-01 17:53:30,20260901,17,1,4,1,1,0.849,18.475899938493967,stream
M2-04295,2026-09-01 17:53:45,20260901,17,2,3,1,2,0.865,23.040100000798702,stream
M1-04296,2026-09-01 17:54:00,20260901,17,1,4,1,1,0.636,10.052300058305264,stream
M2-04297,2026-09-01 17:54:15,20260901,17,2,3,1,3,0.861,13.668600004166365,stream
M1-04298,2026-09-01 17:54:30,20260901,17,1,4,1,5,0.934,12.850700179114938,stream
M2-04299,2026-09-01 17:54:45,20260901,17,2,3,1,5,0.826,15.245900023728609,stream
M1-04300,2026-09-01 17:55:00,20260901,17,1,3,1,3,0.889,12.617100030183792,stream
M2-04301,2026-09-01 17:55:15,20260901,17,2,2,1,2,0.746,27.342000044882298,stream
M1-04302,2026-09-01 17:55:30,20260901,17,1,4,1,4,0.569,14.779000077396631,stream
M2-04303,2026-09-01 17:55:45,20260901,17,2,2,1,4,0.596,37.10209997370839,stream
M1-04304,2026-09-01 17:56:00,20260901,17,1,3,1,5,0.826,11.256500147283077,stream
M2-04305,2026-09-01 17:56:15,20260901,17,2,2,1,1,0.867,25.001500034704804,stream
M1-04306,2026-09-01 17:56:30,20260901,17,1,5,1,2,0.389,21.720000077039003,stream
M2-04307,2026-09-01 17:56:45,20260901,17,2,2,1,1,0.595,21.328400122001767,stream
M1-04308,2026-09-01 17:57:00,20260901,17,1,1,1,2,0.438,19.85649997368455,stream
M2-04309,2026-09-01 17:57:15,20260901,17,2,5,1,1,0.387,10.11680020019412,stream
M1-04310,2026-09-01 17:57:30,20260901,17,1,6,1,7,0.608,28.993000043556094,stream
M2-04311,2026-09-01 17:57:45,20260901,17,2,6,1,4,0.699,22.995099890977144,stream
M1-04312,2026-09-01 17:58:00,20260901,17,1,4,1,3,0.698,12.63489993289113,stream
M2-04313,2026-09-01 17:58:15,20260901,17,2,3,1,5,0.848,10.632500052452087,stream
M1-04314,2026-09-01 17:58:30,20260901,17,1,2,1,3,0.709,13.18510016426444,stream
M2-04315,2026-09-01 17:58:45,20260901,17,2,1,1,4,0.644,14.635800151154399,stream
M1-04316,2026-09-01 17:59:00,20260901,17,1,6,1,3,0.553,27.610599994659424,stream
M2-04317,2026-09-01 17:59:15,20260901,17,2,3,1,3,0.909,14.11359990015626,stream
M1-04318,2026-09-01 17:59:30,20260901,17,1,2,1,2,0.746,13.987499987706542,stream
M2-04319,2026-09-01 17:59:45,20260901,17,2,3,1,2,0.78,16.73589996062219,stream
M1-04320,2026-09-01 18:00:00,20260901,18,1,4,1,3,0.757,16.22619992122054,stream
M2-04321,2026-09-01 18:00:15,20260901,18,2,6,1,3,0.553,11.281399987637997,stream
M1-04322,2026-09-01 18:00:30,20260901,18,1,1,1,1,0.506,16.714500030502677,stream
M2-04323,2026-09-01 18:00:45,20260901,18,2,7,0,0,,15.45119984075427,stream
M1-04324,2026-09-01 18:01:00,20260901,18,1,4,1,2,0.627,11.220999993383884,stream
M2-04325,2026-09-01 18:01:15,20260901,18,2,3,1,2,0.865,12.947499984875321,stream
M1-04326,2026-09-01 18:01:30,20260901,18,1,3,1,3,0.912,24.932300206273794,stream
M2-04327,2026-09-01 18:01:45,20260901,18,2,3,1,6,0.816,17.73670013062656,stream
M1-04328,2026-09-01 18:02:00,20260901,18,1,3,1,4,0.904,18.093999940901995,stream
M2-04329,2026-09-01 18:02:15,20260901,18,2,1,1,3,0.579,12.768900021910667,stream
M1-04330,2026-09-01 18:02:30,20260901,18,1,2,1,4,0.714,35.57029995135963,stream
M2-04331,2026-09-01 18:02:45,20260901,18,2,6,1,1,0.67,22.707900032401085,stream
M1-04332,2026-09-01 18:03:00,20260901,18,1,6,1,1,0.806,13.187899952754378,stream
M2-04333,2026-09-01 18:03:15,20260901,18,2,3,1,2,0.888,12.274499982595444,stream
M1-04334,2026-09-01 18:03:30,20260901,18,1,6,1,3,0.564,13.699800008907914,stream
M2-04335,2026-09-01 18:03:45,20260901,18,2,2,1,3,0.548,36.49260010570288,stream
M1-04336,2026-09-01 18:04:00,20260901,18,1,2,1,5,0.707,12.815899914130569,stream
M2-04337,2026-09-01 18:04:15,20260901,18,2,5,1,3,0.549,11.292200069874525,stream
M1-04338,2026-09-01 18:04:30,20260901,18,1,2,1,3,0.531,16.426899936050177,stream
M2-04339,2026-09-01 18:04:45,20260901,18,2,5,1,2,0.48,12.976099969819188,stream
M1-04340,2026-09-01 18:05:00,20260901,18,1,3,1,1,0.769,16.076199943199754,stream
M2-04341,2026-09-01 18:05:15,20260901,18,2,1,1,2,0.313,11.941400123760104,stream
M1-04342,2026-09-01 18:05:30,20260901,18,1,5,1,2,0.534,13.18940008059144,stream
M2-04343,2026-09-01 18:05:45,20260901,18,2,3,1,6,0.901,12.547299964353442,stream
M1-04344,2026-09-01 18:06:00,20260901,18,1,1,1,3,0.359,26.740500004962087,stream
M2-04345,2026-09-01 18:06:15,20260901,18,2,1,1,1,0.552,26.31919994018972,stream
M1-04346,2026-09-01 18:06:30,20260901,18,1,4,1,2,0.627,15.820200089365244,stream
M2-04347,2026-09-01 18:06:45,20260901,18,2,1,1,4,0.644,20.426400005817413,stream
M1-04348,2026-09-01 18:07:00,20260901,18,1,4,1,3,0.34,25.694299954921007,stream
M2-04349,2026-09-01 18:07:15,20260901,18,2,4,1,4,0.569,30.283299973234534,stream
M1-04350,2026-09-01 18:07:30,20260901,18,1,5,1,3,0.688,26.17980004288256,stream
M2-04351,2026-09-01 18:07:45,20260901,18,2,6,1,3,0.553,42.81329992227256,stream
M1-04352,2026-09-01 18:08:00,20260901,18,1,2,1,2,0.755,26.003600098192692,stream
M2-04353,2026-09-01 18:08:15,20260901,18,2,2,1,2,0.755,25.020499946549535,stream
M1-04354,2026-09-01 18:08:30,20260901,18,1,1,1,2,0.358,23.884600028395653,stream
M2-04355,2026-09-01 18:08:45,20260901,18,2,7,0,0,,20.43880010023713,stream
M1-04356,2026-09-01 18:09:00,20260901,18,1,2,1,3,0.64,28.96080003120005,stream
M2-04357,2026-09-01 18:09:15,20260901,18,2,6,1,2,0.73,13.55509995482862,stream
M1-04358,2026-09-01 18:09:30,20260901,18,1,2,1,6,0.643,15.729899983853102,stream
M2-04359,2026-09-01 18:09:45,20260901,18,2,4,1,2,0.597,16.1466000135988,stream
M1-04360,2026-09-01 18:10:00,20260901,18,1,6,1,2,0.77,11.759700020775199,stream
M2-04361,2026-09-01 18:10:15,20260901,18,2,1,1,2,0.438,32.812099903821945,stream
M1-04362,2026-09-01 18:10:30,20260901,18,1,3,1,6,0.896,30.508799944072962,stream
M2-04363,2026-09-01 18:10:45,20260901,18,2,1,1,2,0.313,15.044900123029947,stream
M1-04364,2026-09-01 18:11:00,20260901,18,1,5,1,6,0.667,13.946100138127804,stream
M2-04365,2026-09-01 18:11:15,20260901,18,2,5,1,3,0.509,16.103899804875255,stream
M1-04366,2026-09-01 18:11:30,20260901,18,1,1,1,2,0.571,11.149399913847446,stream
M2-04367,2026-09-01 18:11:45,20260901,18,2,2,1,2,0.6,12.477700132876635,stream
M1-04368,2026-09-01 18:12:00,20260901,18,1,3,1,2,0.888,11.768699856474996,stream
M2-04369,2026-09-01 18:12:15,20260901,18,2,4,1,2,0.597,13.965999940410256,stream
M1-04370,2026-09-01 18:12:30,20260901,18,1,2,1,3,0.709,20.15290013514459,stream
M2-04371,2026-09-01 18:12:45,20260901,18,2,5,1,1,0.603,11.462699854746461,stream
M1-04372,2026-09-01 18:13:00,20260901,18,1,4,1,5,0.934,13.747100019827485,stream
M2-04373,2026-09-01 18:13:15,20260901,18,2,6,1,2,0.755,26.224400149658322,stream
M1-04374,2026-09-01 18:13:30,20260901,18,1,3,1,3,0.851,30.855200020596385,stream
M2-04375,2026-09-01 18:13:45,20260901,18,2,3,1,4,0.892,12.642399873584509,stream
M1-04376,2026-09-01 18:14:00,20260901,18,1,6,1,7,0.59,13.58040003105998,stream
M2-04377,2026-09-01 18:14:15,20260901,18,2,2,1,3,0.709,12.562799965962768,stream
M1-04378,2026-09-01 18:14:30,20260901,18,1,6,1,1,0.682,12.101500062271953,stream
M2-04379,2026-09-01 18:14:45,20260901,18,2,4,1,2,0.597,13.596199918538332,stream
M1-04380,2026-09-01 18:15:00,20260901,18,1,3,1,6,0.901,13.380399905145168,stream
M2-04381,2026-09-01 18:15:15,20260901,18,2,2,1,2,0.552,14.114199904724956,stream
M1-04382,2026-09-01 18:15:30,20260901,18,1,2,1,2,0.746,16.1035000346601,stream
M2-04383,2026-09-01 18:15:45,20260901,18,2,1,1,3,0.469,11.953100096434355,stream
M1-04384,2026-09-01 18:16:00,20260901,18,1,2,1,3,0.59,11.166999815031886,stream
M2-04385,2026-09-01 18:16:15,20260901,18,2,6,1,3,0.564,14.468200039118528,stream
M1-04386,2026-09-01 18:16:30,20260901,18,1,5,1,3,0.756,13.032899936661124,stream
M2-04387,2026-09-01 18:16:45,20260901,18,2,4,1,3,0.757,29.824000084772706,stream
M1-04388,2026-09-01 18:17:00,20260901,18,1,6,1,5,0.643,23.097599856555462,stream
M2-04389,2026-09-01 18:17:15,20260901,18,2,4,1,3,0.621,16.053900122642517,stream
M1-04390,2026-09-01 18:17:30,20260901,18,1,6,1,1,0.67,18.738900078460574,stream
M2-04391,2026-09-01 18:17:45,20260901,18,2,7,0,0,,25.865500094369054,stream
M1-04392,2026-09-01 18:18:00,20260901,18,1,3,1,6,0.789,28.48400012589991,stream
M2-04393,2026-09-01 18:18:15,20260901,18,2,5,1,4,0.584,13.576600002124906,stream
M1-04394,2026-09-01 18:18:30,20260901,18,1,4,1,2,0.427,16.18980010971427,stream
M2-04395,2026-09-01 18:18:45,20260901,18,2,3,1,2,0.888,34.24840001389384,stream
M1-04396,2026-09-01 18:19:00,20260901,18,1,4,1,1,0.719,18.817499978467822,stream
M2-04397,2026-09-01 18:19:15,20260901,18,2,1,1,2,0.358,13.355499831959605,stream
M1-04398,2026-09-01 18:19:30,20260901,18,1,2,1,2,0.77,11.935400078073144,stream
M2-04399,2026-09-01 18:19:45,20260901,18,2,3,1,2,0.83,11.895900126546621,stream
M1-04400,2026-09-01 18:20:00,20260901,18,1,2,1,3,0.709,13.656800147145987,stream
M2-04401,2026-09-01 18:20:15,20260901,18,2,5,1,2,0.389,22.296400042250752,stream
M1-04402,2026-09-01 18:20:30,20260901,18,1,2,1,6,0.828,11.656600050628185,stream
M2-04403,2026-09-01 18:20:45,20260901,18,2,2,1,3,0.749,17.112199915573,stream
M1-04404,2026-09-01 18:21:00,20260901,18,1,1,1,1,0.579,14.558200025931,stream
M2-04405,2026-09-01 18:21:15,20260901,18,2,2,1,4,0.596,18.0031000636518,stream
M1-04406,2026-09-01 18:21:30,20260901,18,1,4,1,1,0.885,13.769499957561493,stream
M2-04407,2026-09-01 18:21:45,20260901,18,2,3,1,4,0.834,11.403900105506182,stream
M1-04408,2026-09-01 18:22:00,20260901,18,1,1,1,2,0.571,10.935199912637472,stream
M2-04409,2026-09-01 18:22:15,20260901,18,2,4,1,1,0.636,14.878799906000495,stream
M1-04410,2026-09-01 18:22:30,20260901,18,1,2,1,6,0.828,18.068999983370304,stream
M2-04411,2026-09-01 18:22:45,20260901,18,2,2,1,6,0.643,27.000200003385544,stream
M1-04412,2026-09-01 18:23:00,20260901,18,1,3,1,2,0.865,14.171099988743663,stream
M2-04413,2026-09-01 18:23:15,20260901,18,2,2,1,13,0.714,16.18649996817112,stream
M1-04414,2026-09-01 18:23:30,20260901,18,1,2,1,11,0.744,17.013000091537833,stream
M2-04415,2026-09-01 18:23:45,20260901,18,2,3,1,3,0.859,15.16890013590455,stream
M1-04416,2026-09-01 18:24:00,20260901,18,1,6,1,3,0.715,11.115900008007884,stream
M2-04417,2026-09-01 18:24:15,20260901,18,2,5,1,5,0.797,11.648599989712238,stream
M1-04418,2026-09-01 18:24:30,20260901,18,1,3,1,3,0.909,27.373800054192543,stream
M2-04419,2026-09-01 18:24:45,20260901,18,2,6,1,3,0.553,12.85129995085299,stream
M1-04420,2026-09-01 18:25:00,20260901,18,1,5,1,2,0.389,11.594100156798959,stream
M2-04421,2026-09-01 18:25:15,20260901,18,2,3,1,5,0.826,11.136200046166778,stream
M1-04422,2026-09-01 18:25:30,20260901,18,1,6,1,7,0.608,12.160800164565444,stream
M2-04423,2026-09-01 18:25:45,20260901,18,2,6,1,3,0.564,29.063900001347065,stream
M1-04424,2026-09-01 18:26:00,20260901,18,1,5,1,4,0.709,37.82219998538494,stream
M2-04425,2026-09-01 18:26:15,20260901,18,2,5,1,4,0.641,15.582900028675795,stream
M1-04426,2026-09-01 18:26:30,20260901,18,1,6,1,3,0.553,11.470200028270483,stream
M2-04427,2026-09-01 18:26:45,20260901,18,2,3,1,2,0.78,12.998800026252866,stream
M1-04428,2026-09-01 18:27:00,20260901,18,1,3,1,4,0.899,12.103700079023838,stream
M2-04429,2026-09-01 18:27:15,20260901,18,2,1,1,4,0.477,11.893099872395396,stream
M1-04430,2026-09-01 18:27:30,20260901,18,1,6,1,6,0.737,19.81789991259575,stream
M2-04431,2026-09-01 18:27:45,20260901,18,2,6,1,7,0.775,31.75260010175407,stream
M1-04432,2026-09-01 18:28:00,20260901,18,1,6,1,6,0.737,11.808000039309263,stream
M2-04433,2026-09-01 18:28:15,20260901,18,2,2,1,9,0.776,22.287199972197413,stream
M1-04434,2026-09-01 18:28:30,20260901,18,1,3,1,2,0.78,18.364499788731337,stream
M2-04435,2026-09-01 18:28:45,20260901,18,2,2,1,3,0.829,15.464099822565913,stream
M1-04436,2026-09-01 18:29:00,20260901,18,1,5,1,3,0.597,12.036999920383096,stream
M2-04437,2026-09-01 18:29:15,20260901,18,2,5,1,5,0.797,14.539299998432398,stream
M1-04438,2026-09-01 18:29:30,20260901,18,1,7,0,0,,12.321199988946319,stream
M2-04439,2026-09-01 18:29:45,20260901,18,2,3,1,6,0.816,18.229500157758594,stream
M1-04440,2026-09-01 18:30:00,20260901,18,1,4,1,1,0.885,28.45699992030859,stream
M2-04441,2026-09-01 18:30:15,20260901,18,2,2,1,3,0.709,22.97509997151792,stream
M1-04442,2026-09-01 18:30:30,20260901,18,1,7,0,0,,21.633799886330962,stream
M2-04443,2026-09-01 18:30:45,20260901,18,2,1,1,1,0.37,30.261899810284376,stream
M1-04444,2026-09-01 18:31:00,20260901,18,1,4,1,3,0.621,13.705399818718433,stream
M2-04445,2026-09-01 18:31:15,20260901,18,2,5,1,1,0.603,32.570899929851294,stream
M1-04446,2026-09-01 18:31:30,20260901,18,1,5,1,1,0.603,16.79819985292852,stream
M2-04447,2026-09-01 18:31:45,20260901,18,2,5,1,3,0.505,33.12509995885193,stream
M1-04448,2026-09-01 18:32:00,20260901,18,1,6,1,5,0.639,11.447800090536475,stream
M2-04449,2026-09-01 18:32:15,20260901,18,2,5,1,3,0.559,12.79209996573627,stream
M1-04450,2026-09-01 18:32:30,20260901,18,1,5,1,3,0.427,12.34569982625544,stream
M2-04451,2026-09-01 18:32:45,20260901,18,2,6,1,1,0.67,13.748500030487776,stream
M1-04452,2026-09-01 18:33:00,20260901,18,1,4,1,2,0.627,11.862699873745441,stream
M2-04453,2026-09-01 18:33:15,20260901,18,2,4,1,3,0.653,11.998299974948168,stream
M1-04454,2026-09-01 18:33:30,20260901,18,1,3,1,5,0.848,18.05610000155866,stream
M2-04455,2026-09-01 18:33:45,20260901,18,2,6,1,2,0.77,12.184299994260073,stream
M1-04456,2026-09-01 18:34:00,20260901,18,1,3,1,4,0.892,27.219400042667985,stream
M2-04457,2026-09-01 18:34:15,20260901,18,2,2,1,2,0.83,20.880799973383546,stream
M1-04458,2026-09-01 18:34:30,20260901,18,1,3,1,6,0.789,16.04310004040599,stream
M2-04459,2026-09-01 18:34:45,20260901,18,2,5,1,3,0.359,13.609400019049644,stream
M1-04460,2026-09-01 18:35:00,20260901,18,1,2,1,2,0.759,16.695700120180845,stream
M2-04461,2026-09-01 18:35:15,20260901,18,2,5,1,3,0.756,15.070299850776792,stream
M1-04462,2026-09-01 18:35:30,20260901,18,1,1,1,4,0.541,17.363099846988916,stream
M2-04463,2026-09-01 18:35:45,20260901,18,2,5,1,4,0.709,23.445799946784973,stream
M1-04464,2026-09-01 18:36:00,20260901,18,1,2,1,2,0.77,24.26740014925599,stream
M2-04465,2026-09-01 18:36:15,20260901,18,2,1,1,3,0.579,11.238700011745095,stream
M1-04466,2026-09-01 18:36:30,20260901,18,1,1,1,3,0.469,13.601999962702394,stream
M2-04467,2026-09-01 18:36:45,20260901,18,2,5,1,3,0.505,26.01259993389249,stream
M1-04468,2026-09-01 18:37:00,20260901,18,1,1,1,4,0.477,17.692900029942393,stream
M2-04469,2026-09-01 18:37:15,20260901,18,2,2,1,2,0.77,21.85540017671883,stream
M1-04470,2026-09-01 18:37:30,20260901,18,1,7,0,0,,15.622800216078758,stream
M2-04471,2026-09-01 18:37:45,20260901,18,2,1,1,2,0.358,11.878299992531538,stream
M1-04472,2026-09-01 18:38:00,20260901,18,1,3,1,2,0.865,15.949200140312314,stream
M2-04473,2026-09-01 18:38:15,20260901,18,2,3,1,6,0.816,36.62990010343492,stream
M1-04474,2026-09-01 18:38:30,20260901,18,1,6,1,2,0.662,23.043900029733777,stream
M2-04475,2026-09-01 18:38:45,20260901,18,2,2,1,2,0.742,26.28530003130436,stream
M1-04476,2026-09-01 18:39:00,20260901,18,1,1,1,1,0.579,26.368499966338277,stream
M2-04477,2026-09-01 18:39:15,20260901,18,2,6,1,5,0.643,26.274600066244602,stream
M1-04478,2026-09-01 18:39:30,20260901,18,1,1,1,1,0.37,26.59330004826188,stream
M2-04479,2026-09-01 18:39:45,20260901,18,2,2,1,2,0.83,21.352300187572837,stream
M1-04480,2026-09-01 18:40:00,20260901,18,1,2,1,2,0.552,21.580600179731846,stream
M2-04481,2026-09-01 18:40:15,20260901,18,2,4,1,1,0.636,10.90299990028143,stream
M1-04482,2026-09-01 18:40:30,20260901,18,1,4,1,5,0.523,11.081699980422854,stream
M2-04483,2026-09-01 18:40:45,20260901,18,2,6,1,1,0.806,11.483500013127923,stream
M1-04484,2026-09-01 18:41:00,20260901,18,1,5,1,1,0.603,25.747000006958842,stream
M2-04485,2026-09-01 18:41:15,20260901,18,2,6,1,3,0.688,26.53819997794926,stream
M1-04486,2026-09-01 18:41:30,20260901,18,1,6,1,8,0.632,13.840100029483438,stream
M2-04487,2026-09-01 18:41:45,20260901,18,2,4,1,2,0.401,13.201700057834387,stream
M1-04488,2026-09-01 18:42:00,20260901,18,1,4,1,3,0.653,13.612099923193455,stream
M2-04489,2026-09-01 18:42:15,20260901,18,2,2,1,3,0.717,16.514099901542068,stream
M1-04490,2026-09-01 18:42:30,20260901,18,1,4,1,3,0.34,13.891400070860982,stream
M2-04491,2026-09-01 18:42:45,20260901,18,2,1,1,3,0.384,14.171900227665901,stream
M1-04492,2026-09-01 18:43:00,20260901,18,1,6,1,10,0.657,32.68110007047653,stream
M2-04493,2026-09-01 18:43:15,20260901,18,2,2,1,6,0.828,15.210100216791034,stream
M1-04494,2026-09-01 18:43:30,20260901,18,1,5,1,1,0.621,14.757599914446473,stream
M2-04495,2026-09-01 18:43:45,20260901,18,2,1,1,5,0.531,15.71000018157065,stream
M1-04496,2026-09-01 18:44:00,20260901,18,1,3,1,4,0.769,13.949000043794513,stream
M2-04497,2026-09-01 18:44:15,20260901,18,2,1,1,2,0.569,11.33099989965558,stream
M1-04498,2026-09-01 18:44:30,20260901,18,1,4,1,1,0.702,13.2661999668926,stream
M2-04499,2026-09-01 18:44:45,20260901,18,2,2,1,1,0.595,16.225699800997972,stream
M1-04500,2026-09-01 18:45:00,20260901,18,1,2,1,11,0.744,12.797599891200662,stream
M2-04501,2026-09-01 18:45:15,20260901,18,2,1,1,1,0.579,13.912100112065673,stream
M1-04502,2026-09-01 18:45:30,20260901,18,1,5,1,3,0.509,12.634699931368232,stream
M2-04503,2026-09-01 18:45:45,20260901,18,2,6,1,3,0.696,14.126599999144673,stream
M1-04504,2026-09-01 18:46:00,20260901,18,1,2,1,5,0.715,31.818199902772903,stream
M2-04505,2026-09-01 18:46:15,20260901,18,2,3,1,5,0.848,28.919100062921643,stream
M1-04506,2026-09-01 18:46:30,20260901,18,1,3,1,3,0.914,12.256300076842308,stream
M2-04507,2026-09-01 18:46:45,20260901,18,2,3,1,4,0.899,16.206700121983886,stream
M1-04508,2026-09-01 18:47:00,20260901,18,1,4,1,5,0.934,18.574199872091413,stream
M2-04509,2026-09-01 18:47:15,20260901,18,2,3,1,5,0.826,12.527800165116787,stream
M1-04510,2026-09-01 18:47:30,20260901,18,1,5,1,2,0.534,32.23200002685189,stream
M2-04511,2026-09-01 18:47:45,20260901,18,2,4,1,1,0.719,26.558599900454283,stream
M1-04512,2026-09-01 18:48:00,20260901,18,1,5,1,3,0.582,20.003899931907654,stream
M2-04513,2026-09-01 18:48:15,20260901,18,2,3,1,6,0.789,24.395500076934695,stream
M1-04514,2026-09-01 18:48:30,20260901,18,1,3,1,3,0.851,35.828000167384744,stream
M2-04515,2026-09-01 18:48:45,20260901,18,2,5,1,4,0.584,23.453100118786097,stream
M1-04516,2026-09-01 18:49:00,20260901,18,1,3,1,2,0.888,15.727499965578318,stream
M2-04517,2026-09-01 18:49:15,20260901,18,2,4,1,3,0.698,24.790999945253134,stream
M1-04518,2026-09-01 18:49:30,20260901,18,1,5,1,1,0.501,19.843899877741933,stream
M2-04519,2026-09-01 18:49:45,20260901,18,2,3,1,4,0.904,23.817700101062655,stream
M1-04520,2026-09-01 18:50:00,20260901,18,1,4,1,2,0.479,23.560200119391084,stream
M2-04521,2026-09-01 18:50:15,20260901,18,2,6,1,5,0.767,25.695399846881628,stream
M1-04522,2026-09-01 18:50:30,20260901,18,1,3,1,4,0.904,15.993800014257431,stream
M2-04523,2026-09-01 18:50:45,20260901,18,2,4,1,2,0.597,18.960400018841028,stream
M1-04524,2026-09-01 18:51:00,20260901,18,1,3,1,3,0.914,17.45899999514222,stream
M2-04525,2026-09-01 18:51:15,20260901,18,2,6,1,3,0.709,16.04839996434748,stream
M1-04526,2026-09-01 18:51:30,20260901,18,1,1,1,4,0.377,38.81960012950003,stream
M2-04527,2026-09-01 18:51:45,20260901,18,2,2,1,3,0.59,21.04190015234053,stream
M1-04528,2026-09-01 18:52:00,20260901,18,1,4,1,1,0.849,22.549999877810478,stream
M2-04529,2026-09-01 18:52:15,20260901,18,2,3,1,2,0.733,22.885599872097373,stream
M1-04530,2026-09-01 18:52:30,20260901,18,1,4,1,2,0.597,14.596000080928206,stream
M2-04531,2026-09-01 18:52:45,20260901,18,2,4,1,1,0.597,12.713099829852581,stream
M1-04532,2026-09-01 18:53:00,20260901,18,1,6,1,6,0.804,13.012700015679002,stream
M2-04533,2026-09-01 18:53:15,20260901,18,2,2,1,5,0.715,12.083800043910742,stream
M1-04534,2026-09-01 18:53:30,20260901,18,1,2,1,2,0.552,13.676500180736184,stream
M2-04535,2026-09-01 18:53:45,20260901,18,2,5,1,1,0.303,22.14969997294247,stream
M1-04536,2026-09-01 18:54:00,20260901,18,1,2,1,4,0.714,11.82200014591217,stream
M2-04537,2026-09-01 18:54:15,20260901,18,2,2,1,5,0.707,21.058299811556935,stream
M1-04538,2026-09-01 18:54:30,20260901,18,1,6,1,6,0.737,14.434600016102195,stream
M2-04539,2026-09-01 18:54:45,20260901,18,2,2,1,2,0.742,29.184200102463365,stream
M1-04540,2026-09-01 18:55:00,20260901,18,1,1,1,3,0.529,30.615299940109253,stream
M2-04541,2026-09-01 18:55:15,20260901,18,2,3,1,2,0.78,14.644000213593245,stream
M1-04542,2026-09-01 18:55:30,20260901,18,1,5,1,3,0.597,30.86040006019175,stream
M2-04543,2026-09-01 18:55:45,20260901,18,2,5,1,4,0.641,22.480200044810772,stream
M1-04544,2026-09-01 18:56:00,20260901,18,1,2,1,2,0.746,12.505799997597933,stream
M2-04545,2026-09-01 18:56:15,20260901,18,2,6,1,7,0.608,13.256500009447336,stream
M1-04546,2026-09-01 18:56:30,20260901,18,1,2,1,3,0.548,14.875200111418962,stream
M2-04547,2026-09-01 18:56:45,20260901,18,2,6,1,3,0.553,13.297200202941895,stream
M1-04548,2026-09-01 18:57:00,20260901,18,1,5,1,3,0.688,18.956500105559826,stream
M2-04549,2026-09-01 18:57:15,20260901,18,2,2,1,4,0.674,28.725200099870563,stream
M1-04550,2026-09-01 18:57:30,20260901,18,1,5,1,4,0.709,15.600299928337336,stream
M2-04551,2026-09-01 18:57:45,20260901,18,2,3,1,1,0.868,12.255099834874272,stream
M1-04552,2026-09-01 18:58:00,20260901,18,1,3,1,4,0.834,14.742700150236487,stream
M2-04553,2026-09-01 18:58:15,20260901,18,2,2,1,3,0.548,12.57770019583404,stream
M1-04554,2026-09-01 18:58:30,20260901,18,1,1,1,1,0.506,12.54370016977191,stream
M2-04555,2026-09-01 18:58:45,20260901,18,2,1,1,1,0.552,16.183899948373437,stream
M1-04556,2026-09-01 18:59:00,20260901,18,1,5,1,4,0.584,27.614299906417727,stream
M2-04557,2026-09-01 18:59:15,20260901,18,2,1,1,4,0.52,27.713699964806437,stream
M1-04558,2026-09-01 18:59:30,20260901,18,1,6,1,2,0.755,24.36050004325807,stream
M2-04559,2026-09-01 18:59:45,20260901,18,2,7,0,0,,20.902100019156933,stream
M1-04560,2026-09-01 19:00:00,20260901,19,1,1,1,2,0.438,13.631799956783652,stream
M2-04561,2026-09-01 19:00:15,20260901,19,2,6,1,7,0.642,32.62019995599985,stream
M1-04562,2026-09-01 19:00:30,20260901,19,1,2,1,2,0.77,18.015700159594417,stream
M2-04563,2026-09-01 19:00:45,20260901,19,2,2,1,2,0.759,26.494499994441867,stream
M1-04564,2026-09-01 19:01:00,20260901,19,1,5,1,3,0.559,33.88669993728399,stream
M2-04565,2026-09-01 19:01:15,20260901,19,2,2,1,3,0.717,16.380600165575743,stream
M1-04566,2026-09-01 19:01:30,20260901,19,1,6,1,1,0.682,12.866999953985214,stream
M2-04567,2026-09-01 19:01:45,20260901,19,2,4,1,3,0.757,12.064199894666672,stream
M1-04568,2026-09-01 19:02:00,20260901,19,1,4,1,1,0.576,11.725899996235967,stream
M2-04569,2026-09-01 19:02:15,20260901,19,2,1,1,2,0.571,27.83040003851056,stream
M1-04570,2026-09-01 19:02:30,20260901,19,1,1,1,2,0.438,15.418299939483404,stream
M2-04571,2026-09-01 19:02:45,20260901,19,2,4,1,2,0.627,17.401800025254488,stream
M1-04572,2026-09-01 19:03:00,20260901,19,1,5,1,3,0.582,11.95820001885295,stream
M2-04573,2026-09-01 19:03:15,20260901,19,2,2,1,4,0.596,17.233700025826693,stream
M1-04574,2026-09-01 19:03:30,20260901,19,1,3,1,4,0.904,15.894300071522593,stream
M2-04575,2026-09-01 19:03:45,20260901,19,2,5,1,2,0.482,16.359500121325254,stream
M1-04576,2026-09-01 19:04:00,20260901,19,1,5,1,3,0.756,13.4101000148803,stream
M2-04577,2026-09-01 19:04:15,20260901,19,2,2,1,7,0.806,11.89419999718666,stream
M1-04578,2026-09-01 19:04:30,20260901,19,1,6,1,2,0.77,10.611000005155802,stream
M2-04579,2026-09-01 19:04:45,20260901,19,2,2,1,6,0.828,13.01419991068542,stream
M1-04580,2026-09-01 19:05:00,20260901,19,1,6,1,10,0.657,11.466800002381206,stream
M2-04581,2026-09-01 19:05:15,20260901,19,2,5,1,1,0.621,11.331799905747175,stream
M1-04582,2026-09-01 19:05:30,20260901,19,1,4,1,3,0.698,16.099999891594052,stream
M2-04583,2026-09-01 19:05:45,20260901,19,2,6,1,4,0.699,27.888600016012788,stream
M1-04584,2026-09-01 19:06:00,20260901,19,1,3,1,2,0.846,13.422900112345815,stream
M2-04585,2026-09-01 19:06:15,20260901,19,2,1,1,2,0.438,22.297099931165576,stream
M1-04586,2026-09-01 19:06:30,20260901,19,1,2,1,2,0.77,26.904999976977706,stream
M2-04587,2026-09-01 19:06:45,20260901,19,2,4,1,3,0.653,14.828299870714545,stream
M1-04588,2026-09-01 19:07:00,20260901,19,1,1,1,2,0.438,30.232099816203117,stream
M2-04589,2026-09-01 19:07:15,20260901,19,2,2,1,4,0.714,16.235799994319677,stream
M1-04590,2026-09-01 19:07:30,20260901,19,1,2,1,5,0.715,29.81139998883009,stream
M2-04591,2026-09-01 19:07:45,20260901,19,2,2,1,2,0.552,30.59799992479384,stream
M1-04592,2026-09-01 19:08:00,20260901,19,1,7,0,0,,20.663500064983964,stream
M2-04593,2026-09-01 19:08:15,20260901,19,2,3,1,3,0.851,32.99710014835,stream
M1-04594,2026-09-01 19:08:30,20260901,19,1,3,1,3,0.857,13.094599824398756,stream
M2-04595,2026-09-01 19:08:45,20260901,19,2,6,1,8,0.632,16.865900019183755,stream
M1-04596,2026-09-01 19:09:00,20260901,19,1,3,1,3,0.912,14.92280000820756,stream
M2-04597,2026-09-01 19:09:15,20260901,19,2,2,1,5,0.707,18.524600192904472,stream
M1-04598,2026-09-01 19:09:30,20260901,19,1,3,1,4,0.769,11.436200002208352,stream
M2-04599,2026-09-01 19:09:45,20260901,19,2,3,1,4,0.892,12.517299968749285,stream
M1-04600,2026-09-01 19:10:00,20260901,19,1,5,1,3,0.427,16.25310000963509,stream
M2-04601,2026-09-01 19:10:15,20260901,19,2,1,1,2,0.571,16.21320005506277,stream
M1-04602,2026-09-01 19:10:30,20260901,19,1,7,0,0,,11.17870002053678,stream
M2-04603,2026-09-01 19:10:45,20260901,19,2,4,1,1,0.535,17.46250013820827,stream
M1-04604,2026-09-01 19:11:00,20260901,19,1,1,1,2,0.569,20.808300003409386,stream
M2-04605,2026-09-01 19:11:15,20260901,19,2,1,1,2,0.312,17.03680003993213,stream
M1-04606,2026-09-01 19:11:30,20260901,19,1,2,1,4,0.714,30.338400043547153,stream
M2-04607,2026-09-01 19:11:45,20260901,19,2,3,1,5,0.826,14.816700015217066,stream
M1-04608,2026-09-01 19:12:00,20260901,19,1,3,1,4,0.834,14.861100120469928,stream
M2-04609,2026-09-01 19:12:15,20260901,19,2,3,1,1,0.868,11.7208999581635,stream
M1-04610,2026-09-01 19:12:30,20260901,19,1,3,1,6,0.789,15.375199960544705,stream
M2-04611,2026-09-01 19:12:45,20260901,19,2,4,1,1,0.597,29.717199970036745,stream
M1-04612,2026-09-01 19:13:00,20260901,19,1,6,1,7,0.608,27.552099898457527,stream
M2-04613,2026-09-01 19:13:15,20260901,19,2,2,1,4,0.674,11.931499931961298,stream
M1-04614,2026-09-01 19:13:30,20260901,19,1,3,1,6,0.789,28.3697999548167,stream
M2-04615,2026-09-01 19:13:45,20260901,19,2,1,1,1,0.579,23.70269992388785,stream
M1-04616,2026-09-01 19:14:00,20260901,19,1,5,1,4,0.709,12.359099928289652,stream
M2-04617,2026-09-01 19:14:15,20260901,19,2,6,1,2,0.77,14.566400088369846,stream
M1-04618,2026-09-01 19:14:30,20260901,19,1,5,1,3,0.359,23.336100159212947,stream
M2-04619,2026-09-01 19:14:45,20260901,19,2,3,1,2,0.733,11.030999943614006,stream
M1-04620,2026-09-01 19:15:00,20260901,19,1,3,1,3,0.889,15.064299805089831,stream
M2-04621,2026-09-01 19:15:15,20260901,19,2,4,1,5,0.523,15.860800165683031,stream
M1-04622,2026-09-01 19:15:30,20260901,19,1,1,1,2,0.312,16.747399931773543,stream
M2-04623,2026-09-01 19:15:45,20260901,19,2,3,1,3,0.884,11.319000041112304,stream
M1-04624,2026-09-01 19:16:00,20260901,19,1,3,1,6,0.789,26.88489994034171,stream
M2-04625,2026-09-01 19:16:15,20260901,19,2,2,1,5,0.707,27.294700033962727,stream
M1-04626,2026-09-01 19:16:30,20260901,19,1,1,1,4,0.644,14.676700113341212,stream
M2-04627,2026-09-01 19:16:45,20260901,19,2,5,1,3,0.505,14.484399929642677,stream
M1-04628,2026-09-01 19:17:00,20260901,19,1,3,1,3,0.857,11.891200207173824,stream
M2-04629,2026-09-01 19:17:15,20260901,19,2,4,1,1,0.719,13.124699937179685,stream
M1-04630,2026-09-01 19:17:30,20260901,19,1,1,1,5,0.531,30.3120999597013,stream
M2-04631,2026-09-01 19:17:45,20260901,19,2,6,1,3,0.688,35.38119979202747,stream
M1-04632,2026-09-01 19:18:00,20260901,19,1,6,1,7,0.59,43.70909999124706,stream
M2-04633,2026-09-01 19:18:15,20260901,19,2,2,1,3,0.531,31.27489984035492,stream
M1-04634,2026-09-01 19:18:30,20260901,19,1,2,1,2,0.755,26.209699921309948,stream
M2-04635,2026-09-01 19:18:45,20260901,19,2,5,1,3,0.549,22.122099995613098,stream
M1-04636,2026-09-01 19:19:00,20260901,19,1,5,1,1,0.621,14.699599938467145,stream
M2-04637,2026-09-01 19:19:15,20260901,19,2,3,1,4,0.892,12.558999937027693,stream
M1-04638,2026-09-01 19:19:30,20260901,19,1,6,1,6,0.804,35.82939994521439,stream
M2-04639,2026-09-01 19:19:45,20260901,19,2,4,1,3,0.621,14.065499883145094,stream
M1-04640,2026-09-01 19:20:00,20260901,19,1,6,1,3,0.706,14.410499949008226,stream
M2-04641,2026-09-01 19:20:15,20260901,19,2,1,1,2,0.269,11.67210005223751,stream
M1-04642,2026-09-01 19:20:30,20260901,19,1,4,1,1,0.43,17.733699874952435,stream
M2-04643,2026-09-01 19:20:45,20260901,19,2,3,1,2,0.78,28.398500056937337,stream
M1-04644,2026-09-01 19:21:00,20260901,19,1,4,1,1,0.849,24.274199968203902,stream
M2-04645,2026-09-01 19:21:15,20260901,19,2,3,1,6,0.896,11.632299982011318,stream
M1-04646,2026-09-01 19:21:30,20260901,19,1,1,1,5,0.352,31.714600045233965,stream
M2-04647,2026-09-01 19:21:45,20260901,19,2,4,1,2,0.597,12.278199894353747,stream
M1-04648,2026-09-01 19:22:00,20260901,19,1,1,1,4,0.541,12.325800023972988,stream
M2-04649,2026-09-01 19:22:15,20260901,19,2,4,1,3,0.621,10.918800020590425,stream
M1-04650,2026-09-01 19:22:30,20260901,19,1,7,0,0,,11.581700062379241,stream
M2-04651,2026-09-01 19:22:45,20260901,19,2,2,1,5,0.715,12.97569996677339,stream
M1-04652,2026-09-01 19:23:00,20260901,19,1,3,1,2,0.733,17.53189996816218,stream
M2-04653,2026-09-01 19:23:15,20260901,19,2,3,1,6,0.789,24.843799881637096,stream
M1-04654,2026-09-01 19:23:30,20260901,19,1,3,1,2,0.733,29.099199920892715,stream
M2-04655,2026-09-01 19:23:45,20260901,19,2,6,1,2,0.77,15.375799965113401,stream
M1-04656,2026-09-01 19:24:00,20260901,19,1,2,1,1,0.595,11.708500096574426,stream
M2-04657,2026-09-01 19:24:15,20260901,19,2,5,1,3,0.582,15.384700149297714,stream
M1-04658,2026-09-01 19:24:30,20260901,19,1,4,1,3,0.698,13.885200023651123,stream
M2-04659,2026-09-01 19:24:45,20260901,19,2,1,1,5,0.531,13.33170011639595,stream
M1-04660,2026-09-01 19:25:00,20260901,19,1,6,1,2,0.77,16.693599987775087,stream
M2-04661,2026-09-01 19:25:15,20260901,19,2,3,1,3,0.912,26.771500008180737,stream
M1-04662,2026-09-01 19:25:30,20260901,19,1,2,1,1,0.595,11.006999993696809,stream
M2-04663,2026-09-01 19:25:45,20260901,19,2,4,1,1,0.702,12.924099806696177,stream
M1-04664,2026-09-01 19:26:00,20260901,19,1,1,1,4,0.541,14.572599902749062,stream
M2-04665,2026-09-01 19:26:15,20260901,19,2,3,1,2,0.733,34.456999972462654,stream
M1-04666,2026-09-01 19:26:30,20260901,19,1,2,1,2,0.552,12.967400019988418,stream
M2-04667,2026-09-01 19:26:45,20260901,19,2,5,1,6,0.667,18.62700004130602,stream
M1-04668,2026-09-01 19:27:00,20260901,19,1,2,1,3,0.531,13.306899927556515,stream
M2-04669,2026-09-01 19:27:15,20260901,19,2,1,1,2,0.313,27.09829993546009,stream
M1-04670,2026-09-01 19:27:30,20260901,19,1,4,1,3,0.653,24.237100034952164,stream
M2-04671,2026-09-01 19:27:45,20260901,19,2,5,1,3,0.492,37.268499843776226,stream
M1-04672,2026-09-01 19:28:00,20260901,19,1,4,1,5,0.934,17.586400033906102,stream
M2-04673,2026-09-01 19:28:15,20260901,19,2,5,1,1,0.501,15.198900131508708,stream
M1-04674,2026-09-01 19:28:30,20260901,19,1,6,1,1,0.57,16.529199900105596,stream
M2-04675,2026-09-01 19:28:45,20260901,19,2,2,1,2,0.77,11.494699865579605,stream
M1-04676,2026-09-01 19:29:00,20260901,19,1,4,1,3,0.653,26.746900053694844,stream
M2-04677,2026-09-01 19:29:15,20260901,19,2,3,1,4,0.892,16.76889997906983,stream
M1-04678,2026-09-01 19:29:30,20260901,19,1,2,1,5,0.715,19.757900154218078,stream
M2-04679,2026-09-01 19:29:45,20260901,19,2,6,1,3,0.706,29.370399890467525,stream
M1-04680,2026-09-01 19:30:00,20260901,19,1,5,1,3,0.505,25.137400021776557,stream
M2-04681,2026-09-01 19:30:15,20260901,19,2,4,1,1,0.636,13.08000017888844,stream
M1-04682,2026-09-01 19:30:30,20260901,19,1,6,1,7,0.642,27.70159998908639,stream
M2-04683,2026-09-01 19:30:45,20260901,19,2,2,1,5,0.707,26.985500007867813,stream
M1-04684,2026-09-01 19:31:00,20260901,19,1,1,1,3,0.469,13.421999989077449,stream
M2-04685,2026-09-01 19:31:15,20260901,19,2,7,0,0,,10.671399999409914,stream
M1-04686,2026-09-01 19:31:30,20260901,19,1,3,1,3,0.889,12.302899966016412,stream
M2-04687,2026-09-01 19:31:45,20260901,19,2,7,0,0,,16.2090000230819,stream
M1-04688,2026-09-01 19:32:00,20260901,19,1,2,1,11,0.744,18.53749994188547,stream
M2-04689,2026-09-01 19:32:15,20260901,19,2,5,1,1,0.303,34.04590021818876,stream
M1-04690,2026-09-01 19:32:30,20260901,19,1,6,1,1,0.787,25.94910003244877,stream
M2-04691,2026-09-01 19:32:45,20260901,19,2,2,1,2,0.742,12.528900057077408,stream
M1-04692,2026-09-01 19:33:00,20260901,19,1,1,1,5,0.352,12.16600020416081,stream
M2-04693,2026-09-01 19:33:15,20260901,19,2,4,1,2,0.627,13.629799941554666,stream
M1-04694,2026-09-01 19:33:30,20260901,19,1,3,1,6,0.789,13.049900066107512,stream
M2-04695,2026-09-01 19:33:45,20260901,19,2,3,1,3,0.832,14.858199981972575,stream
M1-04696,2026-09-01 19:34:00,20260901,19,1,4,1,3,0.445,12.428399873897433,stream
M2-04697,2026-09-01 19:34:15,20260901,19,2,6,1,7,0.642,11.756899999454618,stream
M1-04698,2026-09-01 19:34:30,20260901,19,1,3,1,3,0.526,27.383199892938137,stream
M2-04699,2026-09-01 19:34:45,20260901,19,2,4,1,3,0.698,30.445900047197938,stream
M1-04700,2026-09-01 19:35:00,20260901,19,1,5,1,4,0.584,16.02980005554855,stream
M2-04701,2026-09-01 19:35:15,20260901,19,2,1,1,4,0.52,14.901800081133842,stream
M1-04702,2026-09-01 19:35:30,20260901,19,1,3,1,6,0.816,27.579399989917874,stream
M2-04703,2026-09-01 19:35:45,20260901,19,2,3,1,4,0.769,26.38470008969307,stream
M1-04704,2026-09-01 19:36:00,20260901,19,1,4,1,2,0.902,12.260799994692206,stream
M2-04705,2026-09-01 19:36:15,20260901,19,2,2,1,6,0.828,17.343599814921618,stream
M1-04706,2026-09-01 19:36:30,20260901,19,1,5,1,2,0.48,13.342299964278936,stream
M2-04707,2026-09-01 19:36:45,20260901,19,2,1,1,4,0.377,16.86350000090897,stream
M1-04708,2026-09-01 19:37:00,20260901,19,1,5,1,3,0.756,12.34190003015101,stream
M2-04709,2026-09-01 19:37:15,20260901,19,2,6,1,10,0.657,15.363499987870455,stream
M1-04710,2026-09-01 19:37:30,20260901,19,1,4,1,1,0.535,11.008499888703227,stream
M2-04711,2026-09-01 19:37:45,20260901,19,2,3,1,4,0.892,14.236500021070242,stream
M1-04712,2026-09-01 19:38:00,20260901,19,1,2,1,3,0.59,12.053400045260787,stream
M2-04713,2026-09-01 19:38:15,20260901,19,2,5,1,3,0.559,15.199700137600303,stream
M1-04714,2026-09-01 19:38:30,20260901,19,1,3,1,2,0.83,17.085399944335222,stream
M2-04715,2026-09-01 19:38:45,20260901,19,2,3,1,4,0.899,15.007299836724997,stream
M1-04716,2026-09-01 19:39:00,20260901,19,1,2,1,2,0.746,15.006399946287274,stream
M2-04717,2026-09-01 19:39:15,20260901,19,2,2,1,2,0.552,11.419199872761965,stream
M1-04718,2026-09-01 19:39:30,20260901,19,1,3,1,3,0.914,12.747600208967924,stream
M2-04719,2026-09-01 19:39:45,20260901,19,2,2,1,11,0.744,11.86749991029501,stream
M1-04720,2026-09-01 19:40:00,20260901,19,1,2,1,6,0.643,18.079600064083934,stream
M2-04721,2026-09-01 19:40:15,20260901,19,2,4,1,3,0.445,22.684099851176143,stream
M1-04722,2026-09-01 19:40:30,20260901,19,1,4,1,2,0.627,31.296800123527646,stream
M2-04723,2026-09-01 19:40:45,20260901,19,2,2,1,1,0.595,12.87380000576377,stream
M1-04724,2026-09-01 19:41:00,20260901,19,1,3,1,2,0.888,31.517700059339404,stream
M2-04725,2026-09-01 19:41:15,20260901,19,2,3,1,3,0.881,21.950099850073457,stream
M1-04726,2026-09-01 19:41:30,20260901,19,1,6,1,6,0.737,22.394200088456273,stream
M2-04727,2026-09-01 19:41:45,20260901,19,2,2,1,1,0.282,22.29520003311336,stream
M1-04728,2026-09-01 19:42:00,20260901,19,1,4,1,2,0.597,14.834899920970201,stream
M2-04729,2026-09-01 19:42:15,20260901,19,2,1,1,5,0.352,12.366800103336573,stream
M1-04730,2026-09-01 19:42:30,20260901,19,1,6,1,2,0.662,13.047500047832727,stream
M2-04731,2026-09-01 19:42:45,20260901,19,2,1,1,3,0.529,11.75840012729168,stream
M1-04732,2026-09-01 19:43:00,20260901,19,1,2,1,3,0.548,32.575700199231505,stream
M2-04733,2026-09-01 19:43:15,20260901,19,2,4,1,1,0.43,13.014700030907989,stream
M1-04734,2026-09-01 19:43:30,20260901,19,1,4,1,1,0.719,13.07499990798533,stream
M2-04735,2026-09-01 19:43:45,20260901,19,2,1,1,2,0.313,14.882400166243315,stream
M1-04736,2026-09-01 19:44:00,20260901,19,1,1,1,3,0.529,11.40570011921227,stream
M2-04737,2026-09-01 19:44:15,20260901,19,2,6,1,8,0.632,28.026900021359324,stream
M1-04738,2026-09-01 19:44:30,20260901,19,1,5,1,1,0.621,12.305599870160222,stream
M2-04739,2026-09-01 19:44:45,20260901,19,2,3,1,1,0.868,11.869300156831741,stream
M1-04740,2026-09-01 19:45:00,20260901,19,1,5,1,1,0.387,11.474200058728456,stream
M2-04741,2026-09-01 19:45:15,20260901,19,2,1,1,2,0.269,11.530499905347824,stream
M1-04742,2026-09-01 19:45:30,20260901,19,1,2,1,2,0.6,15.218100044876337,stream
M2-04743,2026-09-01 19:45:45,20260901,19,2,3,1,2,0.865,31.122799962759018,stream
M1-04744,2026-09-01 19:46:00,20260901,19,1,4,1,5,0.934,28.918599942699075,stream
M2-04745,2026-09-01 19:46:15,20260901,19,2,5,1,3,0.549,24.88350006751716,stream
M1-04746,2026-09-01 19:46:30,20260901,19,1,6,1,2,0.77,13.570900075137615,stream
M2-04747,2026-09-01 19:46:45,20260901,19,2,1,1,2,0.571,30.68079985678196,stream
M1-04748,2026-09-01 19:47:00,20260901,19,1,2,1,5,0.707,15.523700043559074,stream
M2-04749,2026-09-01 19:47:15,20260901,19,2,2,1,3,0.531,16.421700129285455,stream
M1-04750,2026-09-01 19:47:30,20260901,19,1,6,1,2,0.77,11.08530000783503,stream
M2-04751,2026-09-01 19:47:45,20260901,19,2,6,1,7,0.608,13.080300064757466,stream
M1-04752,2026-09-01 19:48:00,20260901,19,1,6,1,2,0.77,10.852299863472581,stream
M2-04753,2026-09-01 19:48:15,20260901,19,2,1,1,1,0.37,10.53999993018806,stream
M1-04754,2026-09-01 19:48:30,20260901,19,1,4,1,1,0.885,15.022400068119168,stream
M2-04755,2026-09-01 19:48:45,20260901,19,2,3,1,6,0.901,11.404899880290031,stream
M1-04756,2026-09-01 19:49:00,20260901,19,1,2,1,3,0.59,11.924599995836616,stream
M2-04757,2026-09-01 19:49:15,20260901,19,2,5,1,1,0.387,11.008899891749024,stream
M1-04758,2026-09-01 19:49:30,20260901,19,1,1,1,2,0.312,24.004400009289384,stream
M2-04759,2026-09-01 19:49:45,20260901,19,2,5,1,3,0.359,13.82169988937676,stream
M1-04760,2026-09-01 19:50:00,20260901,19,1,7,0,0,,12.79049995355308,stream
M2-04761,2026-09-01 19:50:15,20260901,19,2,1,1,4,0.477,22.559900069609284,stream
M1-04762,2026-09-01 19:50:30,20260901,19,1,6,1,1,0.806,13.047500047832727,stream
M2-04763,2026-09-01 19:50:45,20260901,19,2,1,1,1,0.37,24.773000041022897,stream
M1-04764,2026-09-01 19:51:00,20260901,19,1,6,1,10,0.657,27.684599859640002,stream
M2-04765,2026-09-01 19:51:15,20260901,19,2,2,1,4,0.714,14.380400069057941,stream
M1-04766,2026-09-01 19:51:30,20260901,19,1,2,1,5,0.707,32.73969981819391,stream
M2-04767,2026-09-01 19:51:45,20260901,19,2,5,1,3,0.359,26.889899978414178,stream
M1-04768,2026-09-01 19:52:00,20260901,19,1,6,1,1,0.67,26.266600005328655,stream
M2-04769,2026-09-01 19:52:15,20260901,19,2,2,1,11,0.744,35.61419993638992,stream
M1-04770,2026-09-01 19:52:30,20260901,19,1,5,1,3,0.756,26.961799943819642,stream
M2-04771,2026-09-01 19:52:45,20260901,19,2,3,1,3,0.861,25.332099990919232,stream
M1-04772,2026-09-01 19:53:00,20260901,19,1,5,1,6,0.667,24.9163000844419,stream
M2-04773,2026-09-01 19:53:15,20260901,19,2,5,1,1,0.621,33.38469984009862,stream
M1-04774,2026-09-01 19:53:30,20260901,19,1,1,1,4,0.644,27.359100058674812,stream
M2-04775,2026-09-01 19:53:45,20260901,19,2,2,1,3,0.64,15.234599821269512,stream
M1-04776,2026-09-01 19:54:00,20260901,19,1,4,1,4,0.892,32.24089997820556,stream
M2-04777,2026-09-01 19:54:15,20260901,19,2,5,1,3,0.427,15.494200168177485,stream
M1-04778,2026-09-01 19:54:30,20260901,19,1,1,1,3,0.579,23.600900080055,stream
M2-04779,2026-09-01 19:54:45,20260901,19,2,6,1,3,0.688,12.536299880594015,stream
M1-04780,2026-09-01 19:55:00,20260901,19,1,3,1,4,0.904,14.12229984998703,stream
M2-04781,2026-09-01 19:55:15,20260901,19,2,6,1,1,0.787,22.926599951460958,stream
M1-04782,2026-09-01 19:55:30,20260901,19,1,3,1,6,0.816,23.488700157031417,stream
M2-04783,2026-09-01 19:55:45,20260901,19,2,5,1,3,0.427,28.73839996755123,stream
M1-04784,2026-09-01 19:56:00,20260901,19,1,2,1,6,0.828,14.468800043687224,stream
M2-04785,2026-09-01 19:56:15,20260901,19,2,5,1,3,0.509,14.219400007277727,stream
M1-04786,2026-09-01 19:56:30,20260901,19,1,3,1,2,0.888,30.629799934104085,stream
M2-04787,2026-09-01 19:56:45,20260901,19,2,1,1,4,0.377,27.626499999314547,stream
M1-04788,2026-09-01 19:57:00,20260901,19,1,5,1,2,0.482,12.011700076982379,stream
M2-04789,2026-09-01 19:57:15,20260901,19,2,4,1,1,0.719,11.99919986538589,stream
M1-04790,2026-09-01 19:57:30,20260901,19,1,4,1,3,0.445,14.249299885705113,stream
M2-04791,2026-09-01 19:57:45,20260901,19,2,7,0,0,,11.277900077402592,stream
M1-04792,2026-09-01 19:58:00,20260901,19,1,3,1,6,0.789,15.201600035652518,stream
M2-04793,2026-09-01 19:58:15,20260901,19,2,3,1,3,0.914,24.793099844828248,stream
M1-04794,2026-09-01 19:58:30,20260901,19,1,3,1,3,0.884,24.087300058454275,stream
M2-04795,2026-09-01 19:58:45,20260901,19,2,1,1,2,0.571,13.040199875831604,stream
M1-04796,2026-09-01 19:59:00,20260901,19,1,3,1,2,0.733,11.27749984152615,stream
M2-04797,2026-09-01 19:59:15,20260901,19,2,5,1,3,0.559,11.844699969515204,stream
M1-04798,2026-09-01 19:59:30,20260901,19,1,2,1,3,0.64,11.637599905952811,stream
M2-04799,2026-09-01 19:59:45,20260901,19,2,4,1,3,0.445,15.66680008545518,stream
M1-04800,2026-09-01 20:00:00,20260901,20,1,1,1,4,0.52,11.789300013333559,stream
M2-04801,2026-09-01 20:00:15,20260901,20,2,1,1,4,0.377,24.860400008037686,stream
M1-04802,2026-09-01 20:00:30,20260901,20,1,6,1,1,0.57,16.605500131845474,stream
M2-04803,2026-09-01 20:00:45,20260901,20,2,6,1,10,0.657,12.135599972680211,stream
M1-04804,2026-09-01 20:01:00,20260901,20,1,4,1,2,0.479,22.951999912038445,stream
M2-04805,2026-09-01 20:01:15,20260901,20,2,1,1,2,0.569,12.341199908405542,stream
M1-04806,2026-09-01 20:01:30,20260901,20,1,4,1,2,0.902,23.30069988965988,stream
M2-04807,2026-09-01 20:01:45,20260901,20,2,2,1,3,0.749,11.655199807137251,stream
M1-04808,2026-09-01 20:02:00,20260901,20,1,4,1,2,0.902,12.14320003055036,stream
M2-04809,2026-09-01 20:02:15,20260901,20,2,5,1,1,0.621,13.026300119236112,stream
M1-04810,2026-09-01 20:02:30,20260901,20,1,4,1,1,0.849,27.51889987848699,stream
M2-04811,2026-09-01 20:02:45,20260901,20,2,3,1,4,0.899,21.78959990851581,stream
M1-04812,2026-09-01 20:03:00,20260901,20,1,1,1,5,0.531,25.095999939367175,stream
M2-04813,2026-09-01 20:03:15,20260901,20,2,2,1,3,0.709,30.30830016359687,stream
M1-04814,2026-09-01 20:03:30,20260901,20,1,7,0,0,,23.099100217223167,stream
M2-04815,2026-09-01 20:03:45,20260901,20,2,5,1,2,0.482,24.34000000357628,stream
M1-04816,2026-09-01 20:04:00,20260901,20,1,4,1,3,0.621,13.74930003657937,stream
M2-04817,2026-09-01 20:04:15,20260901,20,2,5,1,1,0.387,11.102499905973673,stream
M1-04818,2026-09-01 20:04:30,20260901,20,1,1,1,2,0.269,32.12329978123307,stream
M2-04819,2026-09-01 20:04:45,20260901,20,2,6,1,1,0.682,13.53290001861751,stream
M1-04820,2026-09-01 20:05:00,20260901,20,1,1,1,4,0.377,12.581499991938472,stream
M2-04821,2026-09-01 20:05:15,20260901,20,2,6,1,5,0.767,13.713599881157279,stream
M1-04822,2026-09-01 20:05:30,20260901,20,1,1,1,2,0.48,11.263899970799685,stream
M2-04823,2026-09-01 20:05:45,20260901,20,2,7,0,0,,12.23220000974834,stream
M1-04824,2026-09-01 20:06:00,20260901,20,1,2,1,4,0.596,12.095100013539195,stream
M2-04825,2026-09-01 20:06:15,20260901,20,2,4,1,3,0.34,24.4849999435246,stream
M1-04826,2026-09-01 20:06:30,20260901,20,1,4,1,5,0.523,27.82109985128045,stream
M2-04827,2026-09-01 20:06:45,20260901,20,2,6,1,6,0.591,12.255299836397171,stream
M1-04828,2026-09-01 20:07:00,20260901,20,1,2,1,3,0.709,13.336800038814545,stream
M2-04829,2026-09-01 20:07:15,20260901,20,2,2,1,1,0.867,12.466199928894639,stream
M1-04830,2026-09-01 20:07:30,20260901,20,1,6,1,1,0.806,15.285399975255132,stream
M2-04831,2026-09-01 20:07:45,20260901,20,2,5,1,5,0.797,17.138900002464652,stream
M1-04832,2026-09-01 20:08:00,20260901,20,1,1,1,3,0.359,16.258400166407228,stream
M2-04833,2026-09-01 20:08:15,20260901,20,2,1,1,5,0.352,13.092400040477514,stream
M1-04834,2026-09-01 20:08:30,20260901,20,1,1,1,3,0.384,16.036000102758408,stream
M2-04835,2026-09-01 20:08:45,20260901,20,2,4,1,3,0.34,11.095500085502863,stream
M1-04836,2026-09-01 20:09:00,20260901,20,1,4,1,2,0.597,14.844399876892567,stream
M2-04837,2026-09-01 20:09:15,20260901,20,2,3,1,6,0.896,17.202200135216117,stream
M1-04838,2026-09-01 20:09:30,20260901,20,1,2,1,5,0.707,11.399300070479512,stream
M2-04839,2026-09-01 20:09:45,20260901,20,2,4,1,1,0.584,14.769100118428469,stream
M1-04840,2026-09-01 20:10:00,20260901,20,1,1,1,4,0.541,13.427099911496043,stream
M2-04841,2026-09-01 20:10:15,20260901,20,2,6,1,5,0.767,13.517200015485287,stream
M1-04842,2026-09-01 20:10:30,20260901,20,1,3,1,5,0.848,21.755000110715628,stream
M2-04843,2026-09-01 20:10:45,20260901,20,2,6,1,2,0.73,15.20280004478991,stream
M1-04844,2026-09-01 20:11:00,20260901,20,1,4,1,3,0.653,11.725699994713068,stream
M2-04845,2026-09-01 20:11:15,20260901,20,2,5,1,4,0.584,14.523999998345971,stream
M1-04846,2026-09-01 20:11:30,20260901,20,1,2,1,11,0.744,12.576699955388904,stream
M2-04847,2026-09-01 20:11:45,20260901,20,2,5,1,3,0.492,11.412400053814054,stream
M1-04848,2026-09-01 20:12:00,20260901,20,1,4,1,3,0.757,15.514199854806066,stream
M2-04849,2026-09-01 20:12:15,20260901,20,2,6,1,10,0.657,12.770799919962883,stream
M1-04850,2026-09-01 20:12:30,20260901,20,1,3,1,3,0.889,12.283999938517809,stream
M2-04851,2026-09-01 20:12:45,20260901,20,2,6,1,8,0.632,39.959599962458014,stream
M1-04852,2026-09-01 20:13:00,20260901,20,1,1,1,4,0.616,13.98189994506538,stream
M2-04853,2026-09-01 20:13:15,20260901,20,2,4,1,1,0.702,29.633999802172184,stream
M1-04854,2026-09-01 20:13:30,20260901,20,1,5,1,3,0.359,13.239799998700619,stream
M2-04855,2026-09-01 20:13:45,20260901,20,2,5,1,3,0.492,12.349599972367287,stream
M1-04856,2026-09-01 20:14:00,20260901,20,1,6,1,2,0.73,23.23470008559525,stream
M2-04857,2026-09-01 20:14:15,20260901,20,2,1,1,1,0.37,26.25399990938604,stream
M1-04858,2026-09-01 20:14:30,20260901,20,1,2,1,11,0.744,17.172900028526783,stream
M2-04859,2026-09-01 20:14:45,20260901,20,2,3,1,4,0.892,14.60369979031384,stream
M1-04860,2026-09-01 20:15:00,20260901,20,1,4,1,1,0.719,25.482800090685487,stream
M2-04861,2026-09-01 20:15:15,20260901,20,2,2,1,3,0.548,27.57699997164309,stream
M1-04862,2026-09-01 20:15:30,20260901,20,1,5,1,1,0.621,13.315399875864387,stream
M2-04863,2026-09-01 20:15:45,20260901,20,2,2,1,3,0.829,14.772400027140975,stream
M1-04864,2026-09-01 20:16:00,20260901,20,1,2,1,3,0.59,27.958899969235063,stream
M2-04865,2026-09-01 20:16:15,20260901,20,2,1,1,4,0.52,16.02489990182221,stream
M1-04866,2026-09-01 20:16:30,20260901,20,1,2,1,11,0.744,11.735899839550257,stream
M2-04867,2026-09-01 20:16:45,20260901,20,2,2,1,6,0.643,10.536200134083629,stream
M1-04868,2026-09-01 20:17:00,20260901,20,1,3,1,4,0.899,12.831400148570538,stream
M2-04869,2026-09-01 20:17:15,20260901,20,2,3,1,2,0.865,11.624099919572473,stream
M1-04870,2026-09-01 20:17:30,20260901,20,1,3,1,6,0.789,18.33299989812076,stream
M2-04871,2026-09-01 20:17:45,20260901,20,2,3,1,5,0.882,15.518800122663379,stream
M1-04872,2026-09-01 20:18:00,20260901,20,1,2,1,2,0.755,23.191999876871705,stream
M2-04873,2026-09-01 20:18:15,20260901,20,2,2,1,9,0.776,30.546899884939194,stream
M1-04874,2026-09-01 20:18:30,20260901,20,1,5,1,6,0.667,26.73839987255633,stream
M2-04875,2026-09-01 20:18:45,20260901,20,2,4,1,1,0.702,20.482900086790323,stream
M1-04876,2026-09-01 20:19:00,20260901,20,1,3,1,3,0.857,12.68870010972023,stream
M2-04877,2026-09-01 20:19:15,20260901,20,2,1,1,2,0.358,13.261500047519803,stream
M1-04878,2026-09-01 20:19:30,20260901,20,1,4,1,1,0.584,13.572300085797906,stream
M2-04879,2026-09-01 20:19:45,20260901,20,2,7,0,0,,29.424400068819523,stream
M1-04880,2026-09-01 20:20:00,20260901,20,1,5,1,1,0.621,11.974799912422895,stream
M2-04881,2026-09-01 20:20:15,20260901,20,2,5,1,2,0.389,10.572899831458926,stream
M1-04882,2026-09-01 20:20:30,20260901,20,1,2,1,2,0.746,12.782399775460362,stream
M2-04883,2026-09-01 20:20:45,20260901,20,2,4,1,1,0.584,24.10000003874302,stream
M1-04884,2026-09-01 20:21:00,20260901,20,1,2,1,1,0.867,11.823799926787615,stream
M2-04885,2026-09-01 20:21:15,20260901,20,2,4,1,3,0.508,12.767199892550707,stream
M1-04886,2026-09-01 20:21:30,20260901,20,1,4,1,1,0.43,16.215099953114986,stream
M2-04887,2026-09-01 20:21:45,20260901,20,2,2,1,4,0.596,19.42799985408783,stream
M1-04888,2026-09-01 20:22:00,20260901,20,1,5,1,3,0.505,28.218199964612722,stream
M2-04889,2026-09-01 20:22:15,20260901,20,2,6,1,2,0.73,29.965300112962723,stream
M1-04890,2026-09-01 20:22:30,20260901,20,1,4,1,3,0.698,25.08240006864071,stream
M2-04891,2026-09-01 20:22:45,20260901,20,2,6,1,6,0.737,26.68639994226396,stream
M1-04892,2026-09-01 20:23:00,20260901,20,1,7,0,0,,24.590699933469296,stream
M2-04893,2026-09-01 20:23:15,20260901,20,2,4,1,1,0.636,26.94729994982481,stream
M1-04894,2026-09-01 20:23:30,20260901,20,1,1,1,2,0.48,27.62460010126233,stream
M2-04895,2026-09-01 20:23:45,20260901,20,2,6,1,1,0.57,25.001299800351262,stream
M1-04896,2026-09-01 20:24:00,20260901,20,1,6,1,3,0.715,25.207400089129806,stream
M2-04897,2026-09-01 20:24:15,20260901,20,2,5,1,2,0.534,26.573400013148785,stream
M1-04898,2026-09-01 20:24:30,20260901,20,1,2,1,2,0.83,30.529199866577983,stream
M2-04899,2026-09-01 20:24:45,20260901,20,2,2,1,2,0.6,26.60820004530251,stream
M1-04900,2026-09-01 20:25:00,20260901,20,1,5,1,3,0.492,26.404500007629395,stream
M2-04901,2026-09-01 20:25:15,20260901,20,2,4,1,2,0.479,24.76359996944666,stream
M1-04902,2026-09-01 20:25:30,20260901,20,1,5,1,3,0.688,24.163200054317713,stream
M2-04903,2026-09-01 20:25:45,20260901,20,2,2,1,6,0.828,26.120599824935198,stream
M1-04904,2026-09-01 20:26:00,20260901,20,1,5,1,2,0.482,25.8306001778692,stream
M2-04905,2026-09-01 20:26:15,20260901,20,2,1,1,2,0.313,28.258400037884712,stream
M1-04906,2026-09-01 20:26:30,20260901,20,1,5,1,1,0.382,24.219599785283208,stream
M2-04907,2026-09-01 20:26:45,20260901,20,2,7,0,0,,21.706700092181563,stream
M1-04908,2026-09-01 20:27:00,20260901,20,1,2,1,1,0.595,27.878300053998828,stream
M2-04909,2026-09-01 20:27:15,20260901,20,2,2,1,1,0.282,23.45400000922382,stream
M1-04910,2026-09-01 20:27:30,20260901,20,1,3,1,2,0.888,24.53990001231432,stream
M2-04911,2026-09-01 20:27:45,20260901,20,2,1,1,5,0.352,27.197999879717827,stream
M1-04912,2026-09-01 20:28:00,20260901,20,1,3,1,5,0.848,28.821200132369995,stream
M2-04913,2026-09-01 20:28:15,20260901,20,2,1,1,1,0.506,26.448899880051613,stream
M1-04914,2026-09-01 20:28:30,20260901,20,1,2,1,5,0.715,28.754499973729253,stream
M2-04915,2026-09-01 20:28:45,20260901,20,2,6,1,3,0.688,26.614699978381395,stream
M1-04916,2026-09-01 20:29:00,20260901,20,1,6,1,3,0.564,27.3416000418365,stream
M2-04917,2026-09-01 20:29:15,20260901,20,2,5,1,1,0.603,26.08980005607009,stream
M1-04918,2026-09-01 20:29:30,20260901,20,1,6,1,3,0.688,31.116300029680133,stream
M2-04919,2026-09-01 20:29:45,20260901,20,2,2,1,9,0.776,28.94470002502203,stream
M1-04920,2026-09-01 20:30:00,20260901,20,1,5,1,3,0.427,34.600700018927455,stream
M2-04921,2026-09-01 20:30:15,20260901,20,2,4,1,1,0.702,26.712299790233374,stream
M1-04922,2026-09-01 20:30:30,20260901,20,1,3,1,3,0.881,26.72239998355508,stream
M2-04923,2026-09-01 20:30:45,20260901,20,2,1,1,4,0.377,27.391899842768908,stream
M1-04924,2026-09-01 20:31:00,20260901,20,1,4,1,1,0.576,27.64570014551282,stream
M2-04925,2026-09-01 20:31:15,20260901,20,2,2,1,2,0.77,15.890799928456545,stream
M1-04926,2026-09-01 20:31:30,20260901,20,1,1,1,2,0.48,16.09040005132556,stream
M2-04927,2026-09-01 20:31:45,20260901,20,2,5,1,3,0.492,15.79519989900291,stream
M1-04928,2026-09-01 20:32:00,20260901,20,1,2,1,2,0.6,13.581200037151575,stream
M2-04929,2026-09-01 20:32:15,20260901,20,2,4,1,3,0.698,13.326599961146712,stream
M1-04930,2026-09-01 20:32:30,20260901,20,1,6,1,2,0.662,14.301900053396821,stream
M2-04931,2026-09-01 20:32:45,20260901,20,2,6,1,5,0.639,14.354099985212088,stream
M1-04932,2026-09-01 20:33:00,20260901,20,1,3,1,2,0.78,14.936199877411127,stream
M2-04933,2026-09-01 20:33:15,20260901,20,2,4,1,1,0.702,12.862699804827571,stream
M1-04934,2026-09-01 20:33:30,20260901,20,1,1,1,2,0.312,12.688799994066358,stream
M2-04935,2026-09-01 20:33:45,20260901,20,2,3,1,1,0.868,12.94040004722774,stream
M1-04936,2026-09-01 20:34:00,20260901,20,1,6,1,7,0.608,13.358900090679526,stream
M2-04937,2026-09-01 20:34:15,20260901,20,2,3,1,3,0.851,13.493400067090988,stream
M1-04938,2026-09-01 20:34:30,20260901,20,1,2,1,2,0.742,14.053599908947945,stream
M2-04939,2026-09-01 20:34:45,20260901,20,2,3,1,4,0.892,13.568900059908628,stream
M1-04940,2026-09-01 20:35:00,20260901,20,1,6,1,2,0.662,13.190200086683035,stream
M2-04941,2026-09-01 20:35:15,20260901,20,2,1,1,1,0.432,12.644500005990267,stream
M1-04942,2026-09-01 20:35:30,20260901,20,1,6,1,3,0.706,17.915799980983138,stream
M2-04943,2026-09-01 20:35:45,20260901,20,2,3,1,3,0.851,16.210600035265088,stream
M1-04944,2026-09-01 20:36:00,20260901,20,1,5,1,3,0.582,14.969100011512637,stream
M2-04945,2026-09-01 20:36:15,20260901,20,2,4,1,4,0.892,13.12880008481443,stream
M1-04946,2026-09-01 20:36:30,20260901,20,1,3,1,4,0.899,12.011599959805608,stream
M2-04947,2026-09-01 20:36:45,20260901,20,2,1,1,2,0.358,20.316800102591515,stream
M1-04948,2026-09-01 20:37:00,20260901,20,1,3,1,3,0.832,11.532299919053912,stream
M2-04949,2026-09-01 20:37:15,20260901,20,2,6,1,3,0.709,12.750100111588836,stream
M1-04950,2026-09-01 20:37:30,20260901,20,1,1,1,3,0.359,11.59250014461577,stream
M2-04951,2026-09-01 20:37:45,20260901,20,2,4,1,3,0.757,12.434499803930521,stream
M1-04952,2026-09-01 20:38:00,20260901,20,1,3,1,6,0.896,13.03540007211268,stream
M2-04953,2026-09-01 20:38:15,20260901,20,2,2,1,2,0.742,13.245800044387579,stream
M1-04954,2026-09-01 20:38:30,20260901,20,1,3,1,5,0.826,12.201600009575486,stream
M2-04955,2026-09-01 20:38:45,20260901,20,2,2,1,3,0.749,10.86749997921288,stream
M1-04956,2026-09-01 20:39:00,20260901,20,1,3,1,1,0.769,12.06040009856224,stream
M2-04957,2026-09-01 20:39:15,20260901,20,2,2,1,11,0.744,12.185799889266491,stream
M1-04958,2026-09-01 20:39:30,20260901,20,1,2,1,4,0.714,11.04240003041923,stream
M2-04959,2026-09-01 20:39:45,20260901,20,2,6,1,7,0.775,10.783700039610267,stream
M1-04960,2026-09-01 20:40:00,20260901,20,1,4,1,2,0.627,12.177499942481518,stream
M2-04961,2026-09-01 20:40:15,20260901,20,2,2,1,4,0.674,10.389800183475018,stream
M1-04962,2026-09-01 20:40:30,20260901,20,1,5,1,1,0.501,10.679999832063913,stream
M2-04963,2026-09-01 20:40:45,20260901,20,2,3,1,3,0.526,10.071499971672893,stream
M1-04964,2026-09-01 20:41:00,20260901,20,1,6,1,2,0.662,10.321100009605289,stream
M2-04965,2026-09-01 20:41:15,20260901,20,2,2,1,5,0.707,10.618600063025951,stream
M1-04966,2026-09-01 20:41:30,20260901,20,1,3,1,3,0.884,11.833800002932549,stream
M2-04967,2026-09-01 20:41:45,20260901,20,2,4,1,3,0.34,10.135599877685308,stream
M1-04968,2026-09-01 20:42:00,20260901,20,1,1,1,4,0.541,9.53859998844564,stream
M2-04969,2026-09-01 20:42:15,20260901,20,2,5,1,1,0.501,9.585000108927488,stream
M1-04970,2026-09-01 20:42:30,20260901,20,1,6,1,5,0.767,12.192700058221817,stream
M2-04971,2026-09-01 20:42:45,20260901,20,2,1,1,2,0.48,10.512799955904484,stream
M1-04972,2026-09-01 20:43:00,20260901,20,1,5,1,1,0.501,11.5769999101758,stream
M2-04973,2026-09-01 20:43:15,20260901,20,2,3,1,4,0.834,11.199000058695674,stream
M1-04974,2026-09-01 20:43:30,20260901,20,1,6,1,7,0.775,9.675899986177683,stream
M2-04975,2026-09-01 20:43:45,20260901,20,2,7,0,0,,8.635799866169691,stream
M1-04976,2026-09-01 20:44:00,20260901,20,1,3,1,3,0.881,10.098400060087442,stream
M2-04977,2026-09-01 20:44:15,20260901,20,2,2,1,11,0.744,11.790999909862876,stream
M1-04978,2026-09-01 20:44:30,20260901,20,1,5,1,4,0.313,11.080099968239665,stream
M2-04979,2026-09-01 20:44:45,20260901,20,2,3,1,2,0.733,11.386499973013997,stream
M1-04980,2026-09-01 20:45:00,20260901,20,1,1,1,3,0.469,10.446399915963411,stream
M2-04981,2026-09-01 20:45:15,20260901,20,2,1,1,1,0.432,9.576200041919947,stream
M1-04982,2026-09-01 20:45:30,20260901,20,1,5,1,3,0.597,9.309199871495366,stream
M2-04983,2026-09-01 20:45:45,20260901,20,2,4,1,2,0.427,8.932000026106834,stream
M1-04984,2026-09-01 20:46:00,20260901,20,1,6,1,5,0.643,9.59950010292232,stream
M2-04985,2026-09-01 20:46:15,20260901,20,2,5,1,3,0.515,9.166799951344728,stream
M1-04986,2026-09-01 20:46:30,20260901,20,1,4,1,3,0.445,9.144499897956848,stream
M2-04987,2026-09-01 20:46:45,20260901,20,2,2,1,2,0.552,8.191199973225594,stream
M1-04988,2026-09-01 20:47:00,20260901,20,1,2,1,2,0.759,8.8168999645859,stream
M2-04989,2026-09-01 20:47:15,20260901,20,2,2,1,4,0.674,8.830599952489138,stream
M1-04990,2026-09-01 20:47:30,20260901,20,1,3,1,2,0.846,8.705199928954244,stream
M2-04991,2026-09-01 20:47:45,20260901,20,2,3,1,4,0.899,8.897599996998906,stream
M1-04992,2026-09-01 20:48:00,20260901,20,1,2,1,3,0.709,8.960099890828133,stream
M2-04993,2026-09-01 20:48:15,20260901,20,2,5,1,3,0.688,11.367999948561192,stream
M1-04994,2026-09-01 20:48:30,20260901,20,1,3,1,4,0.899,9.431999875232577,stream
M2-04995,2026-09-01 20:48:45,20260901,20,2,3,1,1,0.868,8.864999981597066,stream
M1-04996,2026-09-01 20:49:00,20260901,20,1,5,1,1,0.387,9.513600030913949,stream
M2-04997,2026-09-01 20:49:15,20260901,20,2,5,1,3,0.509,9.13000013679266,stream
M1-04998,2026-09-01 20:49:30,20260901,20,1,7,0,0,,7.98440002836287,stream
M2-04999,2026-09-01 20:49:45,20260901,20,2,3,1,1,0.769,8.744999999180436,stream
M1-05000,2026-09-01 20:50:00,20260901,20,1,1,1,3,0.529,9.062799857929349,stream
M2-05001,2026-09-01 20:50:15,20260901,20,2,5,1,1,0.303,8.376799989491701,stream
M1-05002,2026-09-01 20:50:30,20260901,20,1,2,1,2,0.742,9.016399970278144,stream
M2-05003,2026-09-01 20:50:45,20260901,20,2,4,1,3,0.757,9.275699965655804,stream
M1-05004,2026-09-01 20:51:00,20260901,20,1,4,1,1,0.597,10.763299884274602,stream
M2-05005,2026-09-01 20:51:15,20260901,20,2,3,1,3,0.851,8.498300099745393,stream
M1-05006,2026-09-01 20:51:30,20260901,20,1,3,1,3,0.912,8.808699902147055,stream
M2-05007,2026-09-01 20:51:45,20260901,20,2,1,1,1,0.432,8.29089991748333,stream
M1-05008,2026-09-01 20:52:00,20260901,20,1,2,1,2,0.77,10.072799865156412,stream
M2-05009,2026-09-01 20:52:15,20260901,20,2,4,1,4,0.569,10.190699947997928,stream
M1-05010,2026-09-01 20:52:30,20260901,20,1,6,1,7,0.59,10.775099974125624,stream
M2-05011,2026-09-01 20:52:45,20260901,20,2,3,1,2,0.83,8.699700003489852,stream
M1-05012,2026-09-01 20:53:00,20260901,20,1,5,1,4,0.641,8.907499955967069,stream
M2-05013,2026-09-01 20:53:15,20260901,20,2,2,1,5,0.715,8.64230003207922,stream
M1-05014,2026-09-01 20:53:30,20260901,20,1,1,1,1,0.579,8.361200103536248,stream
M2-05015,2026-09-01 20:53:45,20260901,20,2,4,1,1,0.719,9.430499980226159,stream
M1-05016,2026-09-01 20:54:00,20260901,20,1,4,1,2,0.479,10.237899841740727,stream
M2-05017,2026-09-01 20:54:15,20260901,20,2,5,1,4,0.709,9.846000000834465,stream
M1-05018,2026-09-01 20:54:30,20260901,20,1,3,1,5,0.848,9.020800003781915,stream
M2-05019,2026-09-01 20:54:45,20260901,20,2,6,1,5,0.639,11.383499950170517,stream
M1-05020,2026-09-01 20:55:00,20260901,20,1,3,1,6,0.816,9.960100054740906,stream
M2-05021,2026-09-01 20:55:15,20260901,20,2,5,1,4,0.709,9.627199964597821,stream
M1-05022,2026-09-01 20:55:30,20260901,20,1,2,1,2,0.755,8.437099866569042,stream
M2-05023,2026-09-01 20:55:45,20260901,20,2,3,1,6,0.896,8.703599916771054,stream
M1-05024,2026-09-01 20:56:00,20260901,20,1,1,1,2,0.48,8.942800108343363,stream
M2-05025,2026-09-01 20:56:15,20260901,20,2,4,1,1,0.719,10.084199951961637,stream
M1-05026,2026-09-01 20:56:30,20260901,20,1,7,0,0,,8.862100075930357,stream
M2-05027,2026-09-01 20:56:45,20260901,20,2,1,1,1,0.579,8.339399937540293,stream
M1-05028,2026-09-01 20:57:00,20260901,20,1,4,1,4,0.569,9.063699981197715,stream
M2-05029,2026-09-01 20:57:15,20260901,20,2,6,1,7,0.642,9.522799868136644,stream
M1-05030,2026-09-01 20:57:30,20260901,20,1,2,1,2,0.552,9.972699917852879,stream
M2-05031,2026-09-01 20:57:45,20260901,20,2,1,1,2,0.269,9.173499885946512,stream
M1-05032,2026-09-01 20:58:00,20260901,20,1,7,0,0,,8.376899873837829,stream
M2-05033,2026-09-01 20:58:15,20260901,20,2,4,1,3,0.34,9.032099973410368,stream
M1-05034,2026-09-01 20:58:30,20260901,20,1,2,1,3,0.749,10.676199803128839,stream
M2-05035,2026-09-01 20:58:45,20260901,20,2,3,1,3,0.861,11.046599829569459,stream
M1-05036,2026-09-01 20:59:00,20260901,20,1,6,1,7,0.59,9.440500056371093,stream
M2-05037,2026-09-01 20:59:15,20260901,20,2,1,1,3,0.359,10.506399907171726,stream
M1-05038,2026-09-01 20:59:30,20260901,20,1,4,1,2,0.427,12.717599980533123,stream
M2-05039,2026-09-01 20:59:45,20260901,20,2,6,1,7,0.59,13.980400050058961,stream
M1-05040,2026-09-01 21:00:00,20260901,21,1,7,0,0,,8.125000167638063,stream
M2-05041,2026-09-01 21:00:15,20260901,21,2,3,1,4,0.899,10.20230003632605,stream
M1-05042,2026-09-01 21:00:30,20260901,21,1,5,1,1,0.382,7.952400017529726,stream
M2-05043,2026-09-01 21:00:45,20260901,21,2,1,1,5,0.352,8.95889988169074,stream
M1-05044,2026-09-01 21:01:00,20260901,21,1,5,1,3,0.559,8.499100105836987,stream
M2-05045,2026-09-01 21:01:15,20260901,21,2,1,1,1,0.37,11.590100126340985,stream
M1-05046,2026-09-01 21:01:30,20260901,21,1,4,1,2,0.597,8.714900119230151,stream
M2-05047,2026-09-01 21:01:45,20260901,21,2,4,1,1,0.719,8.34770011715591,stream
M1-05048,2026-09-01 21:02:00,20260901,21,1,5,1,2,0.534,8.13560001552105,stream
M2-05049,2026-09-01 21:02:15,20260901,21,2,4,1,2,0.401,9.79469995945692,stream
M1-05050,2026-09-01 21:02:30,20260901,21,1,2,1,2,0.83,7.918099872767925,stream
M2-05051,2026-09-01 21:02:45,20260901,21,2,3,1,3,0.889,8.725899970158935,stream
M1-05052,2026-09-01 21:03:00,20260901,21,1,2,1,2,0.746,8.570900186896324,stream
M2-05053,2026-09-01 21:03:15,20260901,21,2,6,1,1,0.787,9.059200063347816,stream
M1-05054,2026-09-01 21:03:30,20260901,21,1,6,1,1,0.806,8.294400060549378,stream
M2-05055,2026-09-01 21:03:45,20260901,21,2,1,1,3,0.359,10.075700003653765,stream
M1-05056,2026-09-01 21:04:00,20260901,21,1,1,1,1,0.506,8.230299921706319,stream
M2-05057,2026-09-01 21:04:15,20260901,21,2,5,1,1,0.387,7.84209999255836,stream
M1-05058,2026-09-01 21:04:30,20260901,21,1,6,1,4,0.699,8.716000011190772,stream
M2-05059,2026-09-01 21:04:45,20260901,21,2,2,1,2,0.759,8.611300028860569,stream
M1-05060,2026-09-01 21:05:00,20260901,21,1,3,1,4,0.899,8.58640018850565,stream
M2-05061,2026-09-01 21:05:15,20260901,21,2,4,1,3,0.757,8.665200090035796,stream
M1-05062,2026-09-01 21:05:30,20260901,21,1,5,1,3,0.688,9.13410005159676,stream
M2-05063,2026-09-01 21:05:45,20260901,21,2,5,1,4,0.313,9.24970000050962,stream
M1-05064,2026-09-01 21:06:00,20260901,21,1,3,1,1,0.868,10.19390020519495,stream
M2-05065,2026-09-01 21:06:15,20260901,21,2,4,1,2,0.902,8.506699930876493,stream
M1-05066,2026-09-01 21:06:30,20260901,21,1,2,1,3,0.64,10.693500051274896,stream
M2-05067,2026-09-01 21:06:45,20260901,21,2,6,1,6,0.591,9.367600083351135,stream
M1-05068,2026-09-01 21:07:00,20260901,21,1,6,1,6,0.591,9.542799787595868,stream
M2-05069,2026-09-01 21:07:15,20260901,21,2,2,1,3,0.548,12.247600127011538,stream
M1-05070,2026-09-01 21:07:30,20260901,21,1,3,1,5,0.826,9.051900124177337,stream
M2-05071,2026-09-01 21:07:45,20260901,21,2,2,1,9,0.776,11.349199805408716,stream
M1-05072,2026-09-01 21:08:00,20260901,21,1,6,1,1,0.67,8.625400019809604,stream
M2-05073,2026-09-01 21:08:15,20260901,21,2,1,1,4,0.305,8.152600144967437,stream
M1-05074,2026-09-01 21:08:30,20260901,21,1,3,1,4,0.904,9.786099893972278,stream
M2-05075,2026-09-01 21:08:45,20260901,21,2,2,1,3,0.64,8.952399948611856,stream
M1-05076,2026-09-01 21:09:00,20260901,21,1,1,1,1,0.432,8.451700210571289,stream
M2-05077,2026-09-01 21:09:15,20260901,21,2,5,1,3,0.492,9.545200038701296,stream
M1-05078,2026-09-01 21:09:30,20260901,21,1,3,1,3,0.909,8.751900168135762,stream
M2-05079,2026-09-01 21:09:45,20260901,21,2,6,1,2,0.77,8.905600057914853,stream
M1-05080,2026-09-01 21:10:00,20260901,21,1,3,1,1,0.868,10.011399863287807,stream
M2-05081,2026-09-01 21:10:15,20260901,21,2,1,1,1,0.432,10.063800029456615,stream
M1-05082,2026-09-01 21:10:30,20260901,21,1,5,1,3,0.505,8.028099779039621,stream
M2-05083,2026-09-01 21:10:45,20260901,21,2,1,1,1,0.432,9.028600063174963,stream
M1-05084,2026-09-01 21:11:00,20260901,21,1,6,1,6,0.804,9.453000035136938,stream
M2-05085,2026-09-01 21:11:15,20260901,21,2,5,1,1,0.303,9.358000010251999,stream
M1-05086,2026-09-01 21:11:30,20260901,21,1,5,1,3,0.756,8.382300147786736,stream
M2-05087,2026-09-01 21:11:45,20260901,21,2,6,1,3,0.715,9.066399885341525,stream
M1-05088,2026-09-01 21:12:00,20260901,21,1,6,1,3,0.709,9.137499844655395,stream
M2-05089,2026-09-01 21:12:15,20260901,21,2,5,1,3,0.359,8.812799816951156,stream
M1-05090,2026-09-01 21:12:30,20260901,21,1,3,1,2,0.846,8.894699858501554,stream
M2-05091,2026-09-01 21:12:45,20260901,21,2,3,1,4,0.904,8.63629998639226,stream
M1-05092,2026-09-01 21:13:00,20260901,21,1,6,1,3,0.715,10.586199816316366,stream
M2-05093,2026-09-01 21:13:15,20260901,21,2,7,0,0,,7.493800017982721,stream
M1-05094,2026-09-01 21:13:30,20260901,21,1,2,1,3,0.717,9.24680009484291,stream
M2-05095,2026-09-01 21:13:45,20260901,21,2,1,1,3,0.384,8.757400093600154,stream
M1-05096,2026-09-01 21:14:00,20260901,21,1,6,1,3,0.696,8.899000007659197,stream
M2-05097,2026-09-01 21:14:15,20260901,21,2,4,1,2,0.597,8.981999941170216,stream
M1-05098,2026-09-01 21:14:30,20260901,21,1,3,1,6,0.901,8.664899971336126,stream
M2-05099,2026-09-01 21:14:45,20260901,21,2,5,1,3,0.492,9.301899932324886,stream
M1-05100,2026-09-01 21:15:00,20260901,21,1,3,1,5,0.826,9.807799942791462,stream
M2-05101,2026-09-01 21:15:15,20260901,21,2,2,1,1,0.867,9.255300043150783,stream
M1-05102,2026-09-01 21:15:30,20260901,21,1,6,1,7,0.608,10.169799905270338,stream
M2-05103,2026-09-01 21:15:45,20260901,21,2,3,1,5,0.826,10.345600079745054,stream
M1-05104,2026-09-01 21:16:00,20260901,21,1,3,1,6,0.901,9.50899999588728,stream
M2-05105,2026-09-01 21:16:15,20260901,21,2,6,1,2,0.755,8.758899988606572,stream
M1-05106,2026-09-01 21:16:30,20260901,21,1,1,1,1,0.579,12.07830011844635,stream
M2-05107,2026-09-01 21:16:45,20260901,21,2,4,1,5,0.934,8.75940010882914,stream
M1-05108,2026-09-01 21:17:00,20260901,21,1,2,1,4,0.596,8.975600125268102,stream
M2-05109,2026-09-01 21:17:15,20260901,21,2,1,1,4,0.52,10.24540001526475,stream
M1-05110,2026-09-01 21:17:30,20260901,21,1,6,1,5,0.767,8.590300101786852,stream
M2-05111,2026-09-01 21:17:45,20260901,21,2,1,1,2,0.438,8.862599963322282,stream
M1-05112,2026-09-01 21:18:00,20260901,21,1,4,1,1,0.885,8.257600013166666,stream
M2-05113,2026-09-01 21:18:15,20260901,21,2,3,1,3,0.914,9.03360010124743,stream
M1-05114,2026-09-01 21:18:30,20260901,21,1,3,1,4,0.904,9.805900044739246,stream
M2-05115,2026-09-01 21:18:45,20260901,21,2,3,1,3,0.881,11.740599991753697,stream
M1-05116,2026-09-01 21:19:00,20260901,21,1,4,1,3,0.698,9.196799946948886,stream
M2-05117,2026-09-01 21:19:15,20260901,21,2,1,1,4,0.477,9.609999833628535,stream
M1-05118,2026-09-01 21:19:30,20260901,21,1,3,1,5,0.826,8.822800125926733,stream
M2-05119,2026-09-01 21:19:45,20260901,21,2,3,1,2,0.865,9.247599868103862,stream
M1-05120,2026-09-01 21:20:00,20260901,21,1,6,1,3,0.564,8.753800066187978,stream
M2-05121,2026-09-01 21:20:15,20260901,21,2,3,1,3,0.889,8.682300103828311,stream
M1-05122,2026-09-01 21:20:30,20260901,21,1,4,1,3,0.445,8.80660000257194,stream
M2-05123,2026-09-01 21:20:45,20260901,21,2,4,1,1,0.636,8.529199985787272,stream
M1-05124,2026-09-01 21:21:00,20260901,21,1,4,1,3,0.757,9.965799981728196,stream
M2-05125,2026-09-01 21:21:15,20260901,21,2,4,1,2,0.627,8.287299890071154,stream
M1-05126,2026-09-01 21:21:30,20260901,21,1,2,1,11,0.744,10.158299934118986,stream
M2-05127,2026-09-01 21:21:45,20260901,21,2,1,1,4,0.477,10.945900110527873,stream
M1-05128,2026-09-01 21:22:00,20260901,21,1,4,1,3,0.34,9.44819999858737,stream
M2-05129,2026-09-01 21:22:15,20260901,21,2,6,1,7,0.59,9.987999917939305,stream
M1-05130,2026-09-01 21:22:30,20260901,21,1,5,1,3,0.509,10.363100096583366,stream
M2-05131,2026-09-01 21:22:45,20260901,21,2,5,1,1,0.387,11.242999928072095,stream
M1-05132,2026-09-01 21:23:00,20260901,21,1,3,1,5,0.882,10.617999825626612,stream
M2-05133,2026-09-01 21:23:15,20260901,21,2,4,1,2,0.479,9.176100138574839,stream
M1-05134,2026-09-01 21:23:30,20260901,21,1,6,1,4,0.699,10.392599971964955,stream
M2-05135,2026-09-01 21:23:45,20260901,21,2,1,1,4,0.305,10.109900031238794,stream
M1-05136,2026-09-01 21:24:00,20260901,21,1,5,1,3,0.427,8.987500099465251,stream
M2-05137,2026-09-01 21:24:15,20260901,21,2,2,1,6,0.643,8.630499942228198,stream
M1-05138,2026-09-01 21:24:30,20260901,21,1,3,1,3,0.909,9.37079987488687,stream
M2-05139,2026-09-01 21:24:45,20260901,21,2,1,1,4,0.541,9.44090005941689,stream
M1-05140,2026-09-01 21:25:00,20260901,21,1,3,1,4,0.834,9.179699933156371,stream
M2-05141,2026-09-01 21:25:15,20260901,21,2,2,1,2,0.755,11.707399971783161,stream
M1-05142,2026-09-01 21:25:30,20260901,21,1,7,0,0,,9.321700083091855,stream
M2-05143,2026-09-01 21:25:45,20260901,21,2,2,1,4,0.596,9.406100027263165,stream
M1-05144,2026-09-01 21:26:00,20260901,21,1,1,1,1,0.37,9.457299951463938,stream
M2-05145,2026-09-01 21:26:15,20260901,21,2,6,1,1,0.67,10.102600092068315,stream
M1-05146,2026-09-01 21:26:30,20260901,21,1,5,1,3,0.549,9.209999814629555,stream
M2-05147,2026-09-01 21:26:45,20260901,21,2,3,1,3,0.861,8.81519983522594,stream
M1-05148,2026-09-01 21:27:00,20260901,21,1,2,1,3,0.829,9.163799928501248,stream
M2-05149,2026-09-01 21:27:15,20260901,21,2,6,1,1,0.787,10.423399973660707,stream
M1-05150,2026-09-01 21:27:30,20260901,21,1,4,1,1,0.636,8.870500139892101,stream
M2-05151,2026-09-01 21:27:45,20260901,21,2,3,1,3,0.889,9.27139981649816,stream
M1-05152,2026-09-01 21:28:00,20260901,21,1,5,1,3,0.559,9.707099990919232,stream
M2-05153,2026-09-01 21:28:15,20260901,21,2,1,1,3,0.469,8.81120003759861,stream
M1-05154,2026-09-01 21:28:30,20260901,21,1,2,1,6,0.828,8.48700013011694,stream
M2-05155,2026-09-01 21:28:45,20260901,21,2,6,1,2,0.662,8.498500101268291,stream
M1-05156,2026-09-01 21:29:00,20260901,21,1,4,1,2,0.902,9.533100062981248,stream
M2-05157,2026-09-01 21:29:15,20260901,21,2,3,1,5,0.848,9.875999996438622,stream
M1-05158,2026-09-01 21:29:30,20260901,21,1,6,1,1,0.57,7.921100128442049,stream
M2-05159,2026-09-01 21:29:45,20260901,21,2,6,1,3,0.696,11.50909997522831,stream
M1-05160,2026-09-01 21:30:00,20260901,21,1,6,1,3,0.709,8.264200063422322,stream
M2-05161,2026-09-01 21:30:15,20260901,21,2,6,1,7,0.59,9.306299965828657,stream
M1-05162,2026-09-01 21:30:30,20260901,21,1,3,1,2,0.846,10.161800077185035,stream
M2-05163,2026-09-01 21:30:45,20260901,21,2,1,1,4,0.305,11.362900026142597,stream
M1-05164,2026-09-01 21:31:00,20260901,21,1,1,1,1,0.579,8.778599789366126,stream
M2-05165,2026-09-01 21:31:15,20260901,21,2,4,1,1,0.719,7.807599846273661,stream
M1-05166,2026-09-01 21:31:30,20260901,21,1,3,1,3,0.857,8.789400104433298,stream
M2-05167,2026-09-01 21:31:45,20260901,21,2,6,1,2,0.73,8.95350007340312,stream
M1-05168,2026-09-01 21:32:00,20260901,21,1,4,1,1,0.584,12.256900081411004,stream
M2-05169,2026-09-01 21:32:15,20260901,21,2,2,1,3,0.59,9.978299960494041,stream
M1-05170,2026-09-01 21:32:30,20260901,21,1,2,1,2,0.746,8.55490006506443,stream
M2-05171,2026-09-01 21:32:45,20260901,21,2,4,1,5,0.934,7.9621002078056335,stream
M1-05172,2026-09-01 21:33:00,20260901,21,1,1,1,2,0.569,8.900800021365285,stream
M2-05173,2026-09-01 21:33:15,20260901,21,2,2,1,3,0.531,9.035499999299645,stream
M1-05174,2026-09-01 21:33:30,20260901,21,1,1,1,3,0.579,11.98159996420145,stream
M2-05175,2026-09-01 21:33:45,20260901,21,2,2,1,1,0.282,8.272299775853753,stream
M1-05176,2026-09-01 21:34:00,20260901,21,1,5,1,2,0.482,8.891799952834845,stream
M2-05177,2026-09-01 21:34:15,20260901,21,2,6,1,6,0.804,9.20390011742711,stream
M1-05178,2026-09-01 21:34:30,20260901,21,1,1,1,1,0.37,9.869300061836839,stream
M2-05179,2026-09-01 21:34:45,20260901,21,2,7,0,0,,7.615900132805109,stream
M1-05180,2026-09-01 21:35:00,20260901,21,1,4,1,2,0.401,11.293299961835146,stream
M2-05181,2026-09-01 21:35:15,20260901,21,2,1,1,1,0.552,8.51960014551878,stream
M1-05182,2026-09-01 21:35:30,20260901,21,1,6,1,2,0.662,8.7268000934273,stream
M2-05183,2026-09-01 21:35:45,20260901,21,2,2,1,6,0.828,8.371599949896336,stream
M1-05184,2026-09-01 21:36:00,20260901,21,1,2,1,6,0.828,9.139300091192126,stream
M2-05185,2026-09-01 21:36:15,20260901,21,2,5,1,2,0.389,8.180300006642938,stream
M1-05186,2026-09-01 21:36:30,20260901,21,1,3,1,3,0.881,8.312900085002184,stream
M2-05187,2026-09-01 21:36:45,20260901,21,2,3,1,6,0.816,8.625000016763806,stream
M1-05188,2026-09-01 21:37:00,20260901,21,1,5,1,3,0.559,11.903699953109026,stream
M2-05189,2026-09-01 21:37:15,20260901,21,2,4,1,4,0.892,8.457199903205037,stream
M1-05190,2026-09-01 21:37:30,20260901,21,1,6,1,1,0.787,8.374199969694018,stream
M2-05191,2026-09-01 21:37:45,20260901,21,2,5,1,1,0.387,9.447399992495775,stream
M1-05192,2026-09-01 21:38:00,20260901,21,1,3,1,3,0.909,9.669499937444925,stream
M2-05193,2026-09-01 21:38:15,20260901,21,2,6,1,1,0.787,8.14900011755526,stream
M1-05194,2026-09-01 21:38:30,20260901,21,1,6,1,3,0.709,11.145399883389473,stream
M2-05195,2026-09-01 21:38:45,20260901,21,2,5,1,2,0.389,8.579399902373552,stream
M1-05196,2026-09-01 21:39:00,20260901,21,1,6,1,3,0.715,8.66129994392395,stream
M2-05197,2026-09-01 21:39:15,20260901,21,2,5,1,4,0.641,8.411600021645427,stream
M1-05198,2026-09-01 21:39:30,20260901,21,1,1,1,1,0.37,8.820299990475178,stream
M2-05199,2026-09-01 21:39:45,20260901,21,2,3,1,3,0.889,8.667400106787682,stream
M1-05200,2026-09-01 21:40:00,20260901,21,1,2,1,5,0.715,8.745700120925903,stream
M2-05201,2026-09-01 21:40:15,20260901,21,2,2,1,3,0.59,9.383999975398183,stream
M1-05202,2026-09-01 21:40:30,20260901,21,1,2,1,3,0.749,8.391199866309762,stream
M2-05203,2026-09-01 21:40:45,20260901,21,2,1,1,2,0.571,8.532200008630753,stream
M1-05204,2026-09-01 21:41:00,20260901,21,1,2,1,2,0.77,8.933400036767125,stream
M2-05205,2026-09-01 21:41:15,20260901,21,2,1,1,3,0.359,9.266600012779236,stream
M1-05206,2026-09-01 21:41:30,20260901,21,1,1,1,3,0.384,8.567299926653504,stream
M2-05207,2026-09-01 21:41:45,20260901,21,2,6,1,6,0.591,8.695100201293826,stream
M1-05208,2026-09-01 21:42:00,20260901,21,1,5,1,3,0.505,9.557400131598115,stream
M2-05209,2026-09-01 21:42:15,20260901,21,2,7,0,0,,8.051800075918436,stream
M1-05210,2026-09-01 21:42:30,20260901,21,1,6,1,7,0.642,30.624200124293566,stream
M2-05211,2026-09-01 21:42:45,20260901,21,2,6,1,3,0.715,25.348100112751126,stream
M1-05212,2026-09-01 21:43:00,20260901,21,1,3,1,4,0.834,29.36829999089241,stream
M2-05213,2026-09-01 21:43:15,20260901,21,2,4,1,3,0.621,39.15930003859103,stream
M1-05214,2026-09-01 21:43:30,20260901,21,1,6,1,1,0.806,31.206800136715174,stream
M2-05215,2026-09-01 21:43:45,20260901,21,2,4,1,5,0.934,34.306100104004145,stream
M1-05216,2026-09-01 21:44:00,20260901,21,1,4,1,1,0.535,16.372699989005923,stream
M2-05217,2026-09-01 21:44:15,20260901,21,2,1,1,4,0.377,24.347199825569987,stream
M1-05218,2026-09-01 21:44:30,20260901,21,1,6,1,3,0.715,29.326700139790773,stream
M2-05219,2026-09-01 21:44:45,20260901,21,2,6,1,3,0.696,25.48799989745021,stream
M1-05220,2026-09-01 21:45:00,20260901,21,1,5,1,2,0.534,11.873700190335512,stream
M2-05221,2026-09-01 21:45:15,20260901,21,2,6,1,7,0.59,11.33369980379939,stream
M1-05222,2026-09-01 21:45:30,20260901,21,1,3,1,5,0.848,12.913899961858988,stream
M2-05223,2026-09-01 21:45:45,20260901,21,2,5,1,3,0.756,13.27820005826652,stream
M1-05224,2026-09-01 21:46:00,20260901,21,1,2,1,3,0.717,11.514199897646904,stream
M2-05225,2026-09-01 21:46:15,20260901,21,2,2,1,4,0.596,15.16279997304082,stream
M1-05226,2026-09-01 21:46:30,20260901,21,1,6,1,5,0.639,16.324299853295088,stream
M2-05227,2026-09-01 21:46:45,20260901,21,2,3,1,2,0.733,14.469600049778819,stream
M1-05228,2026-09-01 21:47:00,20260901,21,1,5,1,3,0.515,15.274799894541502,stream
M2-05229,2026-09-01 21:47:15,20260901,21,2,3,1,4,0.899,9.59650008007884,stream
M1-05230,2026-09-01 21:47:30,20260901,21,1,6,1,5,0.643,10.582099901512265,stream
M2-05231,2026-09-01 21:47:45,20260901,21,2,4,1,2,0.479,11.552799958735704,stream
M1-05232,2026-09-01 21:48:00,20260901,21,1,6,1,10,0.657,26.300199795514345,stream
M2-05233,2026-09-01 21:48:15,20260901,21,2,5,1,3,0.756,30.01000010408461,stream
M1-05234,2026-09-01 21:48:30,20260901,21,1,1,1,1,0.37,29.028600081801414,stream
M2-05235,2026-09-01 21:48:45,20260901,21,2,4,1,1,0.719,29.521499993279576,stream
M1-05236,2026-09-01 21:49:00,20260901,21,1,5,1,2,0.482,12.944999849423766,stream
M2-05237,2026-09-01 21:49:15,20260901,21,2,5,1,1,0.621,8.940399857237935,stream
M1-05238,2026-09-01 21:49:30,20260901,21,1,3,1,1,0.868,9.31660016067326,stream
M2-05239,2026-09-01 21:49:45,20260901,21,2,4,1,3,0.34,12.647900031879544,stream
M1-05240,2026-09-01 21:50:00,20260901,21,1,3,1,3,0.832,22.47460000216961,stream
M2-05241,2026-09-01 21:50:15,20260901,21,2,5,1,3,0.549,24.679600028321147,stream
M1-05242,2026-09-01 21:50:30,20260901,21,1,6,1,3,0.553,24.07040004618466,stream
M2-05243,2026-09-01 21:50:45,20260901,21,2,3,1,5,0.882,22.304000100120902,stream
M1-05244,2026-09-01 21:51:00,20260901,21,1,2,1,6,0.643,22.959599969908595,stream
M2-05245,2026-09-01 21:51:15,20260901,21,2,3,1,3,0.909,24.762900080531836,stream
M1-05246,2026-09-01 21:51:30,20260901,21,1,5,1,2,0.482,23.720999946817756,stream
M2-05247,2026-09-01 21:51:45,20260901,21,2,3,1,3,0.881,25.062200147658587,stream
M1-05248,2026-09-01 21:52:00,20260901,21,1,6,1,3,0.709,24.961400078609586,stream
M2-05249,2026-09-01 21:52:15,20260901,21,2,5,1,3,0.492,21.850999910384417,stream
M1-05250,2026-09-01 21:52:30,20260901,21,1,3,1,3,0.851,23.43160007148981,stream
M2-05251,2026-09-01 21:52:45,20260901,21,2,4,1,5,0.934,24.07340006902814,stream
M1-05252,2026-09-01 21:53:00,20260901,21,1,3,1,4,0.769,23.735399823635817,stream
M2-05253,2026-09-01 21:53:15,20260901,21,2,1,1,1,0.432,23.406399879604578,stream
M1-05254,2026-09-01 21:53:30,20260901,21,1,6,1,7,0.608,12.268800055608153,stream
M2-05255,2026-09-01 21:53:45,20260901,21,2,3,1,6,0.816,10.909999953582883,stream
M1-05256,2026-09-01 21:54:00,20260901,21,1,3,1,2,0.865,10.960699990391731,stream
M2-05257,2026-09-01 21:54:15,20260901,21,2,7,0,0,,10.683299973607063,stream
M1-05258,2026-09-01 21:54:30,20260901,21,1,1,1,3,0.529,22.036500042304397,stream
M2-05259,2026-09-01 21:54:45,20260901,21,2,3,1,4,0.834,15.664100181311369,stream
M1-05260,2026-09-01 21:55:00,20260901,21,1,3,1,5,0.826,32.38710016012192,stream
M2-05261,2026-09-01 21:55:15,20260901,21,2,1,1,5,0.531,10.514500085264444,stream
M1-05262,2026-09-01 21:55:30,20260901,21,1,1,1,3,0.359,13.746900018304586,stream
M2-05263,2026-09-01 21:55:45,20260901,21,2,3,1,6,0.789,13.624700019136071,stream
M1-05264,2026-09-01 21:56:00,20260901,21,1,6,1,7,0.608,14.440000057220459,stream
M2-05265,2026-09-01 21:56:15,20260901,21,2,1,1,1,0.432,11.287400033324957,stream
M1-05266,2026-09-01 21:56:30,20260901,21,1,5,1,3,0.549,10.902900015935302,stream
M2-05267,2026-09-01 21:56:45,20260901,21,2,2,1,3,0.829,27.977299876511097,stream
M1-05268,2026-09-01 21:57:00,20260901,21,1,5,1,2,0.482,11.845800094306469,stream
M2-05269,2026-09-01 21:57:15,20260901,21,2,6,1,5,0.643,10.674099903553724,stream
M1-05270,2026-09-01 21:57:30,20260901,21,1,6,1,2,0.662,26.091899955645204,stream
M2-05271,2026-09-01 21:57:45,20260901,21,2,1,1,5,0.531,23.203699849545956,stream
M1-05272,2026-09-01 21:58:00,20260901,21,1,1,1,4,0.477,33.373699989169836,stream
M2-05273,2026-09-01 21:58:15,20260901,21,2,1,1,4,0.477,26.28690004348755,stream
M1-05274,2026-09-01 21:58:30,20260901,21,1,3,1,6,0.816,20.030600018799305,stream
M2-05275,2026-09-01 21:58:45,20260901,21,2,4,1,4,0.569,13.105300022289157,stream
M1-05276,2026-09-01 21:59:00,20260901,21,1,7,0,0,,12.387099908664823,stream
M2-05277,2026-09-01 21:59:15,20260901,21,2,5,1,4,0.584,11.725099990144372,stream
M1-05278,2026-09-01 21:59:30,20260901,21,1,6,1,2,0.662,30.413500033318996,stream
M2-05279,2026-09-01 21:59:45,20260901,21,2,1,1,4,0.305,35.72180005721748,stream
M1-05280,2026-09-01 22:00:00,20260901,22,1,5,1,2,0.389,50.65170000307262,stream
M2-05281,2026-09-01 22:00:15,20260901,22,2,3,1,3,0.859,39.4942001439631,stream
M1-05282,2026-09-01 22:00:30,20260901,22,1,3,1,3,0.857,16.021399991586804,stream
M2-05283,2026-09-01 22:00:45,20260901,22,2,5,1,3,0.492,17.29350001551211,stream
M1-05284,2026-09-01 22:01:00,20260901,22,1,3,1,2,0.888,33.43109996058047,stream
M2-05285,2026-09-01 22:01:15,20260901,22,2,3,1,3,0.832,14.384699985384941,stream
M1-05286,2026-09-01 22:01:30,20260901,22,1,2,1,11,0.744,18.951700069010258,stream
M2-05287,2026-09-01 22:01:45,20260901,22,2,4,1,2,0.479,14.355999883264303,stream
M1-05288,2026-09-01 22:02:00,20260901,22,1,6,1,4,0.699,13.363099889829755,stream
M2-05289,2026-09-01 22:02:15,20260901,22,2,3,1,4,0.769,14.182799961417913,stream
M1-05290,2026-09-01 22:02:30,20260901,22,1,5,1,1,0.303,13.420100091025233,stream
M2-05291,2026-09-01 22:02:45,20260901,22,2,3,1,5,0.882,11.10160001553595,stream
M1-05292,2026-09-01 22:03:00,20260901,22,1,3,1,6,0.789,24.350399849936366,stream
M2-05293,2026-09-01 22:03:15,20260901,22,2,1,1,4,0.377,14.691000105813146,stream
M1-05294,2026-09-01 22:03:30,20260901,22,1,5,1,6,0.667,13.111300067976117,stream
M2-05295,2026-09-01 22:03:45,20260901,22,2,6,1,4,0.699,11.072899913415313,stream
M1-05296,2026-09-01 22:04:00,20260901,22,1,6,1,6,0.591,27.99500012770295,stream
M2-05297,2026-09-01 22:04:15,20260901,22,2,3,1,4,0.899,12.241299962624907,stream
M1-05298,2026-09-01 22:04:30,20260901,22,1,1,1,3,0.359,26.017099851742387,stream
M2-05299,2026-09-01 22:04:45,20260901,22,2,3,1,5,0.826,10.6583999004215,stream
M1-05300,2026-09-01 22:05:00,20260901,22,1,6,1,3,0.706,11.848900001496077,stream
M2-05301,2026-09-01 22:05:15,20260901,22,2,7,0,0,,10.247600032016635,stream
M1-05302,2026-09-01 22:05:30,20260901,22,1,2,1,1,0.595,16.39400003477931,stream
M2-05303,2026-09-01 22:05:45,20260901,22,2,4,1,5,0.523,22.720300126820803,stream
M1-05304,2026-09-01 22:06:00,20260901,22,1,4,1,3,0.621,25.02679987810552,stream
M2-05305,2026-09-01 22:06:15,20260901,22,2,3,1,3,0.832,11.40730013139546,stream
M1-05306,2026-09-01 22:06:30,20260901,22,1,3,1,2,0.83,16.353399958461523,stream
M2-05307,2026-09-01 22:06:45,20260901,22,2,3,1,3,0.914,23.56370002962649,stream
M1-05308,2026-09-01 22:07:00,20260901,22,1,6,1,6,0.737,22.41660002619028,stream
M2-05309,2026-09-01 22:07:15,20260901,22,2,6,1,7,0.775,13.396699912846088,stream
M1-05310,2026-09-01 22:07:30,20260901,22,1,2,1,1,0.867,12.9895000718534,stream
M2-05311,2026-09-01 22:07:45,20260901,22,2,2,1,9,0.776,15.913600102066994,stream
M1-05312,2026-09-01 22:08:00,20260901,22,1,5,1,3,0.515,13.581600040197372,stream
M2-05313,2026-09-01 22:08:15,20260901,22,2,4,1,3,0.621,34.415500005707145,stream
M1-05314,2026-09-01 22:08:30,20260901,22,1,4,1,1,0.849,11.71949994750321,stream
M2-05315,2026-09-01 22:08:45,20260901,22,2,3,1,6,0.901,13.347799889743328,stream
M1-05316,2026-09-01 22:09:00,20260901,22,1,5,1,2,0.48,12.246600119397044,stream
M2-05317,2026-09-01 22:09:15,20260901,22,2,1,1,2,0.438,13.899399898946285,stream
M1-05318,2026-09-01 22:09:30,20260901,22,1,1,1,3,0.469,13.262900058180094,stream
M2-05319,2026-09-01 22:09:45,20260901,22,2,6,1,7,0.775,11.655500158667564,stream
M1-05320,2026-09-01 22:10:00,20260901,22,1,2,1,3,0.709,15.519999898970127,stream
M2-05321,2026-09-01 22:10:15,20260901,22,2,5,1,3,0.515,15.358600066974759,stream
M1-05322,2026-09-01 22:10:30,20260901,22,1,1,1,1,0.552,11.656200047582388,stream
M2-05323,2026-09-01 22:10:45,20260901,22,2,3,1,3,0.526,17.64770015142858,stream
M1-05324,2026-09-01 22:11:00,20260901,22,1,4,1,1,0.636,24.054700043052435,stream
M2-05325,2026-09-01 22:11:15,20260901,22,2,3,1,4,0.904,27.83489995636046,stream
M1-05326,2026-09-01 22:11:30,20260901,22,1,4,1,1,0.636,37.52490016631782,stream
M2-05327,2026-09-01 22:11:45,20260901,22,2,1,1,2,0.358,29.861999908462167,stream
M1-05328,2026-09-01 22:12:00,20260901,22,1,4,1,5,0.523,26.66409988887608,stream
M2-05329,2026-09-01 22:12:15,20260901,22,2,6,1,5,0.767,29.440399957820773,stream
M1-05330,2026-09-01 22:12:30,20260901,22,1,3,1,5,0.826,26.888499967753887,stream
M2-05331,2026-09-01 22:12:45,20260901,22,2,2,1,3,0.709,25.890399934723973,stream
M1-05332,2026-09-01 22:13:00,20260901,22,1,3,1,6,0.896,26.792400050908327,stream
M2-05333,2026-09-01 22:13:15,20260901,22,2,5,1,2,0.48,23.06359983049333,stream
M1-05334,2026-09-01 22:13:30,20260901,22,1,1,1,2,0.48,27.611899888142943,stream
M2-05335,2026-09-01 22:13:45,20260901,22,2,5,1,1,0.382,27.8866000007838,stream
M1-05336,2026-09-01 22:14:00,20260901,22,1,5,1,4,0.641,12.233999790623784,stream
M2-05337,2026-09-01 22:14:15,20260901,22,2,3,1,2,0.888,12.377900071442127,stream
M1-05338,2026-09-01 22:14:30,20260901,22,1,3,1,5,0.848,13.062699930742383,stream
M2-05339,2026-09-01 22:14:45,20260901,22,2,3,1,2,0.78,11.225700145587325,stream
M1-05340,2026-09-01 22:15:00,20260901,22,1,6,1,3,0.688,13.70769995264709,stream
M2-05341,2026-09-01 22:15:15,20260901,22,2,6,1,7,0.59,16.635300125926733,stream
M1-05342,2026-09-01 22:15:30,20260901,22,1,3,1,5,0.848,15.911699971184134,stream
M2-05343,2026-09-01 22:15:45,20260901,22,2,1,1,3,0.529,14.32079984806478,stream
M1-05344,2026-09-01 22:16:00,20260901,22,1,3,1,2,0.83,27.96059986576438,stream
M2-05345,2026-09-01 22:16:15,20260901,22,2,1,1,4,0.305,30.594700016081333,stream
M1-05346,2026-09-01 22:16:30,20260901,22,1,3,1,4,0.769,12.530399952083826,stream
M2-05347,2026-09-01 22:16:45,20260901,22,2,6,1,6,0.737,14.026399934664369,stream
M1-05348,2026-09-01 22:17:00,20260901,22,1,2,1,3,0.709,11.679199989885092,stream
M2-05349,2026-09-01 22:17:15,20260901,22,2,4,1,3,0.757,32.696199836209416,stream
M1-05350,2026-09-01 22:17:30,20260901,22,1,6,1,3,0.715,15.815299935638905,stream
M2-05351,2026-09-01 22:17:45,20260901,22,2,3,1,4,0.899,32.63200004585087,stream
M1-05352,2026-09-01 22:18:00,20260901,22,1,6,1,3,0.706,33.93629984930158,stream
M2-05353,2026-09-01 22:18:15,20260901,22,2,3,1,3,0.832,28.223299887031317,stream
M1-05354,2026-09-01 22:18:30,20260901,22,1,5,1,3,0.582,14.189600013196468,stream
M2-05355,2026-09-01 22:18:45,20260901,22,2,1,1,3,0.579,17.73810014128685,stream
M1-05356,2026-09-01 22:19:00,20260901,22,1,3,1,4,0.769,16.410799929872155,stream
M2-05357,2026-09-01 22:19:15,20260901,22,2,2,1,3,0.531,11.286200024187565,stream
M1-05358,2026-09-01 22:19:30,20260901,22,1,3,1,3,0.889,21.058700047433376,stream
M2-05359,2026-09-01 22:19:45,20260901,22,2,3,1,3,0.884,25.853500002995133,stream
M1-05360,2026-09-01 22:20:00,20260901,22,1,2,1,3,0.749,29.70620011910796,stream
M2-05361,2026-09-01 22:20:15,20260901,22,2,1,1,1,0.506,26.382500072941184,stream
M1-05362,2026-09-01 22:20:30,20260901,22,1,6,1,1,0.57,25.116199860349298,stream
M2-05363,2026-09-01 22:20:45,20260901,22,2,1,1,1,0.37,30.001299921423197,stream
M1-05364,2026-09-01 22:21:00,20260901,22,1,4,1,1,0.584,30.838500009849668,stream
M2-05365,2026-09-01 22:21:15,20260901,22,2,4,1,3,0.698,25.496199959889054,stream
M1-05366,2026-09-01 22:21:30,20260901,22,1,4,1,2,0.627,25.831500068306923,stream
M2-05367,2026-09-01 22:21:45,20260901,22,2,6,1,1,0.682,30.12519981712103,stream
M1-05368,2026-09-01 22:22:00,20260901,22,1,6,1,6,0.591,29.226399958133698,stream
M2-05369,2026-09-01 22:22:15,20260901,22,2,1,1,4,0.52,26.587000116705894,stream
M1-05370,2026-09-01 22:22:30,20260901,22,1,3,1,3,0.912,23.619200102984905,stream
M2-05371,2026-09-01 22:22:45,20260901,22,2,1,1,4,0.541,32.547099981456995,stream
M1-05372,2026-09-01 22:23:00,20260901,22,1,6,1,8,0.632,32.09330001845956,stream
M2-05373,2026-09-01 22:23:15,20260901,22,2,1,1,4,0.377,28.78449996933341,stream
M1-05374,2026-09-01 22:23:30,20260901,22,1,4,1,1,0.719,29.435099801048636,stream
M2-05375,2026-09-01 22:23:45,20260901,22,2,3,1,3,0.526,31.585299875587225,stream
M1-05376,2026-09-01 22:24:00,20260901,22,1,2,1,3,0.59,28.766999952495098,stream
M2-05377,2026-09-01 22:24:15,20260901,22,2,6,1,3,0.709,28.84669997729361,stream
M1-05378,2026-09-01 22:24:30,20260901,22,1,2,1,2,0.552,26.06449997983873,stream
M2-05379,2026-09-01 22:24:45,20260901,22,2,4,1,1,0.849,27.905300026759505,stream
M1-05380,2026-09-01 22:25:00,20260901,22,1,1,1,1,0.432,27.83759986050427,stream
M2-05381,2026-09-01 22:25:15,20260901,22,2,6,1,3,0.709,31.01020003668964,stream
M1-05382,2026-09-01 22:25:30,20260901,22,1,4,1,2,0.479,19.022000022232533,stream
M2-05383,2026-09-01 22:25:45,20260901,22,2,5,1,3,0.505,15.867399983108044,stream
M1-05384,2026-09-01 22:26:00,20260901,22,1,1,1,2,0.358,14.774099923670292,stream
M2-05385,2026-09-01 22:26:15,20260901,22,2,3,1,3,0.832,31.64969990029931,stream
M1-05386,2026-09-01 22:26:30,20260901,22,1,1,1,1,0.432,14.264299999922514,stream
M2-05387,2026-09-01 22:26:45,20260901,22,2,2,1,2,0.77,22.22850010730326,stream
M1-05388,2026-09-01 22:27:00,20260901,22,1,1,1,2,0.358,18.198500154539943,stream
M2-05389,2026-09-01 22:27:15,20260901,22,2,1,1,2,0.569,12.746900087222457,stream
M1-05390,2026-09-01 22:27:30,20260901,22,1,3,1,3,0.881,14.775399817153811,stream
M2-05391,2026-09-01 22:27:45,20260901,22,2,4,1,2,0.427,21.94570004940033,stream
M1-05392,2026-09-01 22:28:00,20260901,22,1,5,1,2,0.534,29.144899919629097,stream
M2-05393,2026-09-01 22:28:15,20260901,22,2,6,1,3,0.553,32.51849999651313,stream
M1-05394,2026-09-01 22:28:30,20260901,22,1,5,1,3,0.509,25.368999922648072,stream
M2-05395,2026-09-01 22:28:45,20260901,22,2,3,1,6,0.896,27.078599901869893,stream
M1-05396,2026-09-01 22:29:00,20260901,22,1,1,1,2,0.269,27.87650004029274,stream
M2-05397,2026-09-01 22:29:15,20260901,22,2,3,1,4,0.904,25.208499981090426,stream
M1-05398,2026-09-01 22:29:30,20260901,22,1,5,1,4,0.709,24.88120016641915,stream
M2-05399,2026-09-01 22:29:45,20260901,22,2,7,0,0,,26.696499902755022,stream
M1-05400,2026-09-01 22:30:00,20260901,22,1,3,1,4,0.892,15.530700096860528,stream
M2-05401,2026-09-01 22:30:15,20260901,22,2,3,1,3,0.832,23.93679996021092,stream
M1-05402,2026-09-01 22:30:30,20260901,22,1,3,1,4,0.904,25.630699936300516,stream
M2-05403,2026-09-01 22:30:45,20260901,22,2,2,1,3,0.749,26.287100045010448,stream
M1-05404,2026-09-01 22:31:00,20260901,22,1,1,1,1,0.37,24.305699858814478,stream
M2-05405,2026-09-01 22:31:15,20260901,22,2,5,1,3,0.756,20.950099918991327,stream
M1-05406,2026-09-01 22:31:30,20260901,22,1,3,1,3,0.859,13.965999940410256,stream
M2-05407,2026-09-01 22:31:45,20260901,22,2,4,1,3,0.698,26.035499991849065,stream
M1-05408,2026-09-01 22:32:00,20260901,22,1,5,1,3,0.756,26.157200103625655,stream
M2-05409,2026-09-01 22:32:15,20260901,22,2,1,1,4,0.477,25.780400028452277,stream
M1-05410,2026-09-01 22:32:30,20260901,22,1,6,1,8,0.632,25.71609988808632,stream
M2-05411,2026-09-01 22:32:45,20260901,22,2,4,1,1,0.584,24.158500134944916,stream
M1-05412,2026-09-01 22:33:00,20260901,22,1,3,1,5,0.848,32.20320004038513,stream
M2-05413,2026-09-01 22:33:15,20260901,22,2,1,1,3,0.384,29.647199902683496,stream
M1-05414,2026-09-01 22:33:30,20260901,22,1,5,1,2,0.534,33.16410002298653,stream
M2-05415,2026-09-01 22:33:45,20260901,22,2,2,1,11,0.744,17.545700073242188,stream
M1-05416,2026-09-01 22:34:00,20260901,22,1,1,1,1,0.506,31.85020014643669,stream
M2-05417,2026-09-01 22:34:15,20260901,22,2,5,1,3,0.505,28.72229996137321,stream
M1-05418,2026-09-01 22:34:30,20260901,22,1,3,1,3,0.889,26.62879996933043,stream
M2-05419,2026-09-01 22:34:45,20260901,22,2,1,1,5,0.352,25.518600130453706,stream
M1-05420,2026-09-01 22:35:00,20260901,22,1,5,1,1,0.387,22.796300007030368,stream
M2-05421,2026-09-01 22:35:15,20260901,22,2,3,1,3,0.909,27.74569997563958,stream
M1-05422,2026-09-01 22:35:30,20260901,22,1,2,1,3,0.64,27.68799988552928,stream
M2-05423,2026-09-01 22:35:45,20260901,22,2,3,1,1,0.769,30.59229999780655,stream
M1-05424,2026-09-01 22:36:00,20260901,22,1,5,1,2,0.482,23.862099973484874,stream
M2-05425,2026-09-01 22:36:15,20260901,22,2,5,1,3,0.359,20.658199908211827,stream
M1-05426,2026-09-01 22:36:30,20260901,22,1,5,1,1,0.382,23.178600007668138,stream
M2-05427,2026-09-01 22:36:45,20260901,22,2,5,1,3,0.359,24.564299965277314,stream
M1-05428,2026-09-01 22:37:00,20260901,22,1,4,1,2,0.902,28.18610006943345,stream
M2-05429,2026-09-01 22:37:15,20260901,22,2,2,1,9,0.776,30.647600069642067,stream
M1-05430,2026-09-01 22:37:30,20260901,22,1,3,1,4,0.769,26.52059984393418,stream
M2-05431,2026-09-01 22:37:45,20260901,22,2,3,1,3,0.832,15.461100032553077,stream
M1-05432,2026-09-01 22:38:00,20260901,22,1,2,1,3,0.709,28.866400010883808,stream
M2-05433,2026-09-01 22:38:15,20260901,22,2,1,1,4,0.52,23.780700052157044,stream
M1-05434,2026-09-01 22:38:30,20260901,22,1,4,1,1,0.636,23.115700110793114,stream
M2-05435,2026-09-01 22:38:45,20260901,22,2,6,1,5,0.643,29.564299853518605,stream
M1-05436,2026-09-01 22:39:00,20260901,22,1,3,1,4,0.899,24.297299794852734,stream
M2-05437,2026-09-01 22:39:15,20260901,22,2,3,1,5,0.826,23.759299889206886,stream
M1-05438,2026-09-01 22:39:30,20260901,22,1,6,1,7,0.59,26.567199965938926,stream
M2-05439,2026-09-01 22:39:45,20260901,22,2,3,1,3,0.857,26.395800057798624,stream
M1-05440,2026-09-01 22:40:00,20260901,22,1,2,1,2,0.83,22.935900138691068,stream
M2-05441,2026-09-01 22:40:15,20260901,22,2,4,1,3,0.34,26.139500085264444,stream
M1-05442,2026-09-01 22:40:30,20260901,22,1,1,1,5,0.531,31.92720003426075,stream
M2-05443,2026-09-01 22:40:45,20260901,22,2,1,1,2,0.312,32.73919993080199,stream
M1-05444,2026-09-01 22:41:00,20260901,22,1,6,1,6,0.804,21.236300002783537,stream
M2-05445,2026-09-01 22:41:15,20260901,22,2,1,1,2,0.571,28.435199987143278,stream
M1-05446,2026-09-01 22:41:30,20260901,22,1,2,1,13,0.714,24.91459995508194,stream
M2-05447,2026-09-01 22:41:45,20260901,22,2,6,1,6,0.591,24.527900153771043,stream
M1-05448,2026-09-01 22:42:00,20260901,22,1,3,1,6,0.789,23.94829993136227,stream
M2-05449,2026-09-01 22:42:15,20260901,22,2,5,1,3,0.559,23.770199855789542,stream
M1-05450,2026-09-01 22:42:30,20260901,22,1,2,1,1,0.282,22.90420001372695,stream
M2-05451,2026-09-01 22:42:45,20260901,22,2,1,1,4,0.477,28.6187999881804,stream
M1-05452,2026-09-01 22:43:00,20260901,22,1,1,1,3,0.384,36.808500066399574,stream
M2-05453,2026-09-01 22:43:15,20260901,22,2,5,1,1,0.501,30.680800089612603,stream
M1-05454,2026-09-01 22:43:30,20260901,22,1,2,1,2,0.746,26.591500034555793,stream
M2-05455,2026-09-01 22:43:45,20260901,22,2,5,1,3,0.509,24.727100040763617,stream
M1-05456,2026-09-01 22:44:00,20260901,22,1,2,1,1,0.595,27.924099937081337,stream
M2-05457,2026-09-01 22:44:15,20260901,22,2,1,1,2,0.313,26.11289988271892,stream
M1-05458,2026-09-01 22:44:30,20260901,22,1,2,1,2,0.77,34.05510005541146,stream
M2-05459,2026-09-01 22:44:45,20260901,22,2,2,1,3,0.64,23.264999967068434,stream
M1-05460,2026-09-01 22:45:00,20260901,22,1,5,1,5,0.797,25.358699960634112,stream
M2-05461,2026-09-01 22:45:15,20260901,22,2,2,1,3,0.548,27.874300023540854,stream
M1-05462,2026-09-01 22:45:30,20260901,22,1,4,1,3,0.508,25.476699927821755,stream
M2-05463,2026-09-01 22:45:45,20260901,22,2,4,1,1,0.43,26.861099991947412,stream
M1-05464,2026-09-01 22:46:00,20260901,22,1,1,1,4,0.477,32.72140002809465,stream
M2-05465,2026-09-01 22:46:15,20260901,22,2,4,1,2,0.401,22.017000010237098,stream
M1-05466,2026-09-01 22:46:30,20260901,22,1,3,1,2,0.846,22.56309986114502,stream
M2-05467,2026-09-01 22:46:45,20260901,22,2,3,1,3,0.884,19.31300014257431,stream
M1-05468,2026-09-01 22:47:00,20260901,22,1,5,1,3,0.559,28.365900041535497,stream
M2-05469,2026-09-01 22:47:15,20260901,22,2,1,1,4,0.477,30.01290000975132,stream
M1-05470,2026-09-01 22:47:30,20260901,22,1,3,1,3,0.859,26.181200053542852,stream
M2-05471,2026-09-01 22:47:45,20260901,22,2,6,1,7,0.608,23.523200070485473,stream
M1-05472,2026-09-01 22:48:00,20260901,22,1,1,1,2,0.569,17.13040005415678,stream
M2-05473,2026-09-01 22:48:15,20260901,22,2,4,1,2,0.401,20.212699891999364,stream
M1-05474,2026-09-01 22:48:30,20260901,22,1,4,1,2,0.401,18.968200078234076,stream
M2-05475,2026-09-01 22:48:45,20260901,22,2,3,1,5,0.826,24.185199989005923,stream
M1-05476,2026-09-01 22:49:00,20260901,22,1,1,1,4,0.644,19.624599954113364,stream
M2-05477,2026-09-01 22:49:15,20260901,22,2,5,1,6,0.667,26.58399986103177,stream
M1-05478,2026-09-01 22:49:30,20260901,22,1,6,1,8,0.632,25.890699820593,stream
M2-05479,2026-09-01 22:49:45,20260901,22,2,6,1,7,0.775,27.052300050854683,stream
M1-05480,2026-09-01 22:50:00,20260901,22,1,4,1,2,0.401,24.663900025188923,stream
M2-05481,2026-09-01 22:50:15,20260901,22,2,4,1,1,0.576,28.828500071540475,stream
M1-05482,2026-09-01 22:50:30,20260901,22,1,1,1,1,0.579,24.654400069266558,stream
M2-05483,2026-09-01 22:50:45,20260901,22,2,4,1,3,0.508,23.6326998565346,stream
M1-05484,2026-09-01 22:51:00,20260901,22,1,2,1,4,0.714,20.535900024697185,stream
M2-05485,2026-09-01 22:51:15,20260901,22,2,4,1,1,0.636,13.600300066173077,stream
M1-05486,2026-09-01 22:51:30,20260901,22,1,5,1,6,0.667,15.548099996522069,stream
M2-05487,2026-09-01 22:51:45,20260901,22,2,3,1,3,0.526,16.08119998127222,stream
M1-05488,2026-09-01 22:52:00,20260901,22,1,2,1,3,0.64,25.097799953073263,stream
M2-05489,2026-09-01 22:52:15,20260901,22,2,2,1,3,0.59,14.904000097885728,stream
M1-05490,2026-09-01 22:52:30,20260901,22,1,5,1,2,0.534,18.691199831664562,stream
M2-05491,2026-09-01 22:52:45,20260901,22,2,2,1,3,0.548,13.446399942040443,stream
M1-05492,2026-09-01 22:53:00,20260901,22,1,6,1,6,0.591,13.39489989914,stream
M2-05493,2026-09-01 22:53:15,20260901,22,2,2,1,13,0.714,27.36079995520413,stream
M1-05494,2026-09-01 22:53:30,20260901,22,1,5,1,4,0.641,13.67319980636239,stream
M2-05495,2026-09-01 22:53:45,20260901,22,2,7,0,0,,13.35059991106391,stream
M1-05496,2026-09-01 22:54:00,20260901,22,1,3,1,5,0.848,18.212300026789308,stream
M2-05497,2026-09-01 22:54:15,20260901,22,2,5,1,3,0.509,15.427500009536743,stream
M1-05498,2026-09-01 22:54:30,20260901,22,1,7,0,0,,12.742100050672889,stream
M2-05499,2026-09-01 22:54:45,20260901,22,2,5,1,3,0.505,17.442400101572275,stream
M1-05500,2026-09-01 22:55:00,20260901,22,1,6,1,7,0.59,14.583299867808819,stream
M2-05501,2026-09-01 22:55:15,20260901,22,2,6,1,3,0.688,13.669299893081188,stream
M1-05502,2026-09-01 22:55:30,20260901,22,1,1,1,2,0.438,13.505100039765239,stream
M2-05503,2026-09-01 22:55:45,20260901,22,2,6,1,3,0.715,25.875200051814318,stream
M1-05504,2026-09-01 22:56:00,20260901,22,1,2,1,1,0.282,18.153199926018715,stream
M2-05505,2026-09-01 22:56:15,20260901,22,2,4,1,3,0.757,13.552100164815784,stream
M1-05506,2026-09-01 22:56:30,20260901,22,1,3,1,3,0.881,15.88859991170466,stream
M2-05507,2026-09-01 22:56:45,20260901,22,2,4,1,1,0.849,29.74619995802641,stream
M1-05508,2026-09-01 22:57:00,20260901,22,1,3,1,3,0.832,27.63159992173314,stream
M2-05509,2026-09-01 22:57:15,20260901,22,2,3,1,4,0.769,13.312399853020906,stream
M1-05510,2026-09-01 22:57:30,20260901,22,1,2,1,3,0.548,16.025499906390905,stream
M2-05511,2026-09-01 22:57:45,20260901,22,2,4,1,1,0.535,11.824499815702438,stream
M1-05512,2026-09-01 22:58:00,20260901,22,1,4,1,3,0.653,11.863900115713477,stream
M2-05513,2026-09-01 22:58:15,20260901,22,2,4,1,1,0.636,22.58570003323257,stream
M1-05514,2026-09-01 22:58:30,20260901,22,1,1,1,2,0.438,12.993499869480729,stream
M2-05515,2026-09-01 22:58:45,20260901,22,2,3,1,5,0.848,14.127800008282065,stream
M1-05516,2026-09-01 22:59:00,20260901,22,1,2,1,3,0.64,34.2393999453634,stream
M2-05517,2026-09-01 22:59:15,20260901,22,2,3,1,6,0.901,29.345399932935834,stream
M1-05518,2026-09-01 22:59:30,20260901,22,1,2,1,2,0.552,25.302400114014745,stream
M2-05519,2026-09-01 22:59:45,20260901,22,2,3,1,4,0.892,12.69129989668727,stream
M1-05520,2026-09-01 23:00:00,20260901,23,1,3,1,4,0.769,14.703100081533194,stream
M2-05521,2026-09-01 23:00:15,20260901,23,2,1,1,2,0.313,15.334000112488866,stream
M1-05522,2026-09-01 23:00:30,20260901,23,1,4,1,4,0.892,33.69360021315515,stream
M2-05523,2026-09-01 23:00:45,20260901,23,2,4,1,4,0.892,27.619700180366635,stream
M1-05524,2026-09-01 23:01:00,20260901,23,1,3,1,3,0.851,11.772600002586842,stream
M2-05525,2026-09-01 23:01:15,20260901,23,2,6,1,3,0.553,16.599500086158514,stream
M1-05526,2026-09-01 23:01:30,20260901,23,1,4,1,3,0.445,30.725999968126416,stream
M2-05527,2026-09-01 23:01:45,20260901,23,2,2,1,3,0.64,25.795600144192576,stream
M1-05528,2026-09-01 23:02:00,20260901,23,1,4,1,1,0.719,11.926499893888831,stream
M2-05529,2026-09-01 23:02:15,20260901,23,2,2,1,7,0.806,19.439300056546926,stream
M1-05530,2026-09-01 23:02:30,20260901,23,1,2,1,11,0.744,17.271900083869696,stream
M2-05531,2026-09-01 23:02:45,20260901,23,2,2,1,3,0.531,13.10660014860332,stream
M1-05532,2026-09-01 23:03:00,20260901,23,1,7,0,0,,27.61140000075102,stream
M2-05533,2026-09-01 23:03:15,20260901,23,2,4,1,1,0.719,13.134699780493975,stream
M1-05534,2026-09-01 23:03:30,20260901,23,1,6,1,10,0.657,11.873000068590045,stream
M2-05535,2026-09-01 23:03:45,20260901,23,2,4,1,1,0.597,12.94960011728108,stream
M1-05536,2026-09-01 23:04:00,20260901,23,1,6,1,1,0.67,12.662500143051147,stream
M2-05537,2026-09-01 23:04:15,20260901,23,2,6,1,7,0.608,24.80540005490184,stream
M1-05538,2026-09-01 23:04:30,20260901,23,1,3,1,3,0.889,12.503300094977021,stream
M2-05539,2026-09-01 23:04:45,20260901,23,2,1,1,3,0.579,17.917699879035354,stream
M1-05540,2026-09-01 23:05:00,20260901,23,1,4,1,1,0.576,15.254400204867125,stream
M2-05541,2026-09-01 23:05:15,20260901,23,2,2,1,13,0.714,15.294500160962343,stream
M1-05542,2026-09-01 23:05:30,20260901,23,1,1,1,5,0.352,13.127499958500266,stream
M2-05543,2026-09-01 23:05:45,20260901,23,2,4,1,1,0.885,12.96259998343885,stream
M1-05544,2026-09-01 23:06:00,20260901,23,1,4,1,3,0.508,13.026300119236112,stream
M2-05545,2026-09-01 23:06:15,20260901,23,2,5,1,1,0.621,19.422999816015363,stream
M1-05546,2026-09-01 23:06:30,20260901,23,1,1,1,2,0.438,24.829200003296137,stream
M2-05547,2026-09-01 23:06:45,20260901,23,2,1,1,1,0.552,12.94929999858141,stream
M1-05548,2026-09-01 23:07:00,20260901,23,1,4,1,1,0.43,26.356900110840797,stream
M2-05549,2026-09-01 23:07:15,20260901,23,2,3,1,3,0.861,23.42529990710318,stream
M1-05550,2026-09-01 23:07:30,20260901,23,1,6,1,6,0.737,25.71650012396276,stream
M2-05551,2026-09-01 23:07:45,20260901,23,2,7,0,0,,10.864899959415197,stream
M1-05552,2026-09-01 23:08:00,20260901,23,1,2,1,11,0.744,34.04040005989373,stream
M2-05553,2026-09-01 23:08:15,20260901,23,2,4,1,2,0.902,13.311099959537387,stream
M1-05554,2026-09-01 23:08:30,20260901,23,1,1,1,3,0.579,13.49889999255538,stream
M2-05555,2026-09-01 23:08:45,20260901,23,2,6,1,3,0.715,25.264800060540438,stream
M1-05556,2026-09-01 23:09:00,20260901,23,1,2,1,2,0.83,12.038999935612082,stream
M2-05557,2026-09-01 23:09:15,20260901,23,2,4,1,2,0.597,15.548000112175941,stream
M1-05558,2026-09-01 23:09:30,20260901,23,1,6,1,3,0.715,17.89599983021617,stream
M2-05559,2026-09-01 23:09:45,20260901,23,2,5,1,3,0.688,28.229100164026022,stream
M1-05560,2026-09-01 23:10:00,20260901,23,1,5,1,3,0.359,29.11800006404519,stream
M2-05561,2026-09-01 23:10:15,20260901,23,2,6,1,6,0.591,13.528400100767612,stream
M1-05562,2026-09-01 23:10:30,20260901,23,1,4,1,2,0.427,16.916000051423907,stream
M2-05563,2026-09-01 23:10:45,20260901,23,2,4,1,2,0.597,28.000899823382497,stream
M1-05564,2026-09-01 23:11:00,20260901,23,1,4,1,2,0.597,24.721200112253428,stream
M2-05565,2026-09-01 23:11:15,20260901,23,2,1,1,2,0.312,25.757299968972802,stream
M1-05566,2026-09-01 23:11:30,20260901,23,1,3,1,6,0.816,22.44370011612773,stream
M2-05567,2026-09-01 23:11:45,20260901,23,2,2,1,2,0.552,13.234399957582355,stream
M1-05568,2026-09-01 23:12:00,20260901,23,1,2,1,1,0.282,30.19360010512173,stream
M2-05569,2026-09-01 23:12:15,20260901,23,2,3,1,2,0.865,27.284699957817793,stream
M1-05570,2026-09-01 23:12:30,20260901,23,1,2,1,4,0.674,14.557099901139736,stream
M2-05571,2026-09-01 23:12:45,20260901,23,2,5,1,4,0.641,15.919600147753954,stream
M1-05572,2026-09-01 23:13:00,20260901,23,1,6,1,6,0.737,12.78070011176169,stream
M2-05573,2026-09-01 23:13:15,20260901,23,2,4,1,5,0.934,14.62520007044077,stream
M1-05574,2026-09-01 23:13:30,20260901,23,1,2,1,3,0.531,15.456200111657381,stream
M2-05575,2026-09-01 23:13:45,20260901,23,2,5,1,6,0.667,14.865899924188852,stream
M1-05576,2026-09-01 23:14:00,20260901,23,1,4,1,1,0.43,13.682799879461527,stream
M2-05577,2026-09-01 23:14:15,20260901,23,2,2,1,2,0.83,11.159500107169151,stream
M1-05578,2026-09-01 23:14:30,20260901,23,1,2,1,4,0.596,25.487399892881513,stream
M2-05579,2026-09-01 23:14:45,20260901,23,2,3,1,3,0.881,13.246699934825301,stream
M1-05580,2026-09-01 23:15:00,20260901,23,1,1,1,4,0.477,27.77140005491674,stream
M2-05581,2026-09-01 23:15:15,20260901,23,2,4,1,1,0.719,24.96400009840727,stream
M1-05582,2026-09-01 23:15:30,20260901,23,1,3,1,3,0.909,28.514600126072764,stream
M2-05583,2026-09-01 23:15:45,20260901,23,2,5,1,1,0.303,18.77039996907115,stream
M1-05584,2026-09-01 23:16:00,20260901,23,1,3,1,2,0.83,14.723400119692087,stream
M2-05585,2026-09-01 23:16:15,20260901,23,2,5,1,4,0.313,26.35950013063848,stream
M1-05586,2026-09-01 23:16:30,20260901,23,1,2,1,1,0.867,13.1029998883605,stream
M2-05587,2026-09-01 23:16:45,20260901,23,2,3,1,6,0.816,15.32170013524592,stream
M1-05588,2026-09-01 23:17:00,20260901,23,1,5,1,1,0.621,18.271999899297953,stream
M2-05589,2026-09-01 23:17:15,20260901,23,2,1,1,5,0.352,31.6557998303324,stream
M1-05590,2026-09-01 23:17:30,20260901,23,1,5,1,3,0.582,31.162100145593286,stream
M2-05591,2026-09-01 23:17:45,20260901,23,2,6,1,3,0.709,16.108900075778365,stream
M1-05592,2026-09-01 23:18:00,20260901,23,1,2,1,2,0.77,12.173699913546443,stream
M2-05593,2026-09-01 23:18:15,20260901,23,2,3,1,2,0.78,16.346000134944916,stream
M1-05594,2026-09-01 23:18:30,20260901,23,1,2,1,7,0.806,19.501399947330356,stream
M2-05595,2026-09-01 23:18:45,20260901,23,2,4,1,4,0.892,14.067899901419878,stream
M1-05596,2026-09-01 23:19:00,20260901,23,1,1,1,4,0.377,14.088199939578772,stream
M2-05597,2026-09-01 23:19:15,20260901,23,2,3,1,2,0.846,11.878499994054437,stream
M1-05598,2026-09-01 23:19:30,20260901,23,1,6,1,6,0.737,28.352699941024184,stream
M2-05599,2026-09-01 23:19:45,20260901,23,2,4,1,2,0.902,16.94049988873303,stream
M1-05600,2026-09-01 23:20:00,20260901,23,1,2,1,2,0.83,14.513799920678139,stream
M2-05601,2026-09-01 23:20:15,20260901,23,2,1,1,5,0.531,15.065399929881096,stream
M1-05602,2026-09-01 23:20:30,20260901,23,1,2,1,1,0.867,26.21389995329082,stream
M2-05603,2026-09-01 23:20:45,20260901,23,2,6,1,2,0.77,12.055000057443976,stream
M1-05604,2026-09-01 23:21:00,20260901,23,1,4,1,1,0.43,25.78280004672706,stream
M2-05605,2026-09-01 23:21:15,20260901,23,2,2,1,13,0.714,24.37639981508255,stream
M1-05606,2026-09-01 23:21:30,20260901,23,1,3,1,3,0.526,16.492099966853857,stream
M2-05607,2026-09-01 23:21:45,20260901,23,2,6,1,3,0.696,15.704599907621741,stream
M1-05608,2026-09-01 23:22:00,20260901,23,1,5,1,6,0.667,23.652799893170595,stream
M2-05609,2026-09-01 23:22:15,20260901,23,2,5,1,3,0.515,15.339599922299385,stream
M1-05610,2026-09-01 23:22:30,20260901,23,1,2,1,11,0.744,18.048200057819486,stream
M2-05611,2026-09-01 23:22:45,20260901,23,2,2,1,4,0.596,25.639900006353855,stream
M1-05612,2026-09-01 23:23:00,20260901,23,1,4,1,1,0.43,26.54160000383854,stream
M2-05613,2026-09-01 23:23:15,20260901,23,2,5,1,3,0.559,21.045099943876266,stream
M1-05614,2026-09-01 23:23:30,20260901,23,1,6,1,3,0.553,23.072700016200542,stream
M2-05615,2026-09-01 23:23:45,20260901,23,2,5,1,1,0.303,28.27459992840886,stream
M1-05616,2026-09-01 23:24:00,20260901,23,1,4,1,1,0.636,22.457499988377094,stream
M2-05617,2026-09-01 23:24:15,20260901,23,2,6,1,5,0.643,19.660399993881583,stream
M1-05618,2026-09-01 23:24:30,20260901,23,1,5,1,1,0.554,13.241700129583478,stream
M2-05619,2026-09-01 23:24:45,20260901,23,2,6,1,5,0.639,14.525899896398187,stream
M1-05620,2026-09-01 23:25:00,20260901,23,1,2,1,13,0.714,19.990599947050214,stream
M2-05621,2026-09-01 23:25:15,20260901,23,2,1,1,5,0.352,29.126500012353063,stream
M1-05622,2026-09-01 23:25:30,20260901,23,1,6,1,6,0.591,29.261999996379018,stream
M2-05623,2026-09-01 23:25:45,20260901,23,2,4,1,1,0.535,24.071099935099483,stream
M1-05624,2026-09-01 23:26:00,20260901,23,1,6,1,1,0.67,19.97360005043447,stream
M2-05625,2026-09-01 23:26:15,20260901,23,2,4,1,2,0.427,13.540299842134118,stream
M1-05626,2026-09-01 23:26:30,20260901,23,1,3,1,3,0.884,13.295699842274189,stream
M2-05627,2026-09-01 23:26:45,20260901,23,2,3,1,6,0.816,16.35489985346794,stream
M1-05628,2026-09-01 23:27:00,20260901,23,1,2,1,2,0.755,15.820099972188473,stream
M2-05629,2026-09-01 23:27:15,20260901,23,2,3,1,3,0.861,12.470399960875511,stream
M1-05630,2026-09-01 23:27:30,20260901,23,1,5,1,2,0.389,16.91989996470511,stream
M2-05631,2026-09-01 23:27:45,20260901,23,2,3,1,6,0.901,17.42179994471371,stream
M1-05632,2026-09-01 23:28:00,20260901,23,1,4,1,1,0.535,23.810600163415074,stream
M2-05633,2026-09-01 23:28:15,20260901,23,2,6,1,6,0.591,15.707700047641993,stream
M1-05634,2026-09-01 23:28:30,20260901,23,1,3,1,1,0.769,14.222499914467335,stream
M2-05635,2026-09-01 23:28:45,20260901,23,2,4,1,4,0.569,33.36749994195998,stream
M1-05636,2026-09-01 23:29:00,20260901,23,1,2,1,11,0.744,24.00660002604127,stream
M2-05637,2026-09-01 23:29:15,20260901,23,2,6,1,3,0.706,11.15039992146194,stream
M1-05638,2026-09-01 23:29:30,20260901,23,1,2,1,9,0.776,14.005300123244524,stream
M2-05639,2026-09-01 23:29:45,20260901,23,2,5,1,2,0.389,12.847699923440814,stream
M1-05640,2026-09-01 23:30:00,20260901,23,1,4,1,3,0.621,22.943299962207675,stream
M2-05641,2026-09-01 23:30:15,20260901,23,2,1,1,4,0.52,13.644899940118194,stream
M1-05642,2026-09-01 23:30:30,20260901,23,1,4,1,3,0.508,17.600300023332238,stream
M2-05643,2026-09-01 23:30:45,20260901,23,2,2,1,11,0.744,26.80990006774664,stream
M1-05644,2026-09-01 23:31:00,20260901,23,1,5,1,2,0.534,14.915799954906106,stream
M2-05645,2026-09-01 23:31:15,20260901,23,2,3,1,3,0.861,15.642799902707338,stream
M1-05646,2026-09-01 23:31:30,20260901,23,1,7,0,0,,30.75370006263256,stream
M2-05647,2026-09-01 23:31:45,20260901,23,2,4,1,2,0.427,29.731000075116754,stream
M1-05648,2026-09-01 23:32:00,20260901,23,1,1,1,1,0.432,31.529299914836884,stream
M2-05649,2026-09-01 23:32:15,20260901,23,2,3,1,6,0.816,32.438699854537845,stream
M1-05650,2026-09-01 23:32:30,20260901,23,1,3,1,2,0.78,22.66959985718131,stream
M2-05651,2026-09-01 23:32:45,20260901,23,2,2,1,2,0.746,12.261500116437674,stream
M1-05652,2026-09-01 23:33:00,20260901,23,1,2,1,3,0.64,13.796600047498941,stream
M2-05653,2026-09-01 23:33:15,20260901,23,2,2,1,3,0.717,19.646599888801575,stream
M1-05654,2026-09-01 23:33:30,20260901,23,1,3,1,5,0.882,25.14249994419515,stream
M2-05655,2026-09-01 23:33:45,20260901,23,2,2,1,5,0.715,26.72520000487566,stream
M1-05656,2026-09-01 23:34:00,20260901,23,1,2,1,2,0.746,16.574099892750382,stream
M2-05657,2026-09-01 23:34:15,20260901,23,2,3,1,3,0.884,16.24109991826117,stream
M1-05658,2026-09-01 23:34:30,20260901,23,1,2,1,3,0.717,27.46569993905723,stream
M2-05659,2026-09-01 23:34:45,20260901,23,2,5,1,6,0.667,12.733099982142448,stream
M1-05660,2026-09-01 23:35:00,20260901,23,1,6,1,7,0.642,16.977300168946385,stream
M2-05661,2026-09-01 23:35:15,20260901,23,2,2,1,3,0.531,13.106100028380752,stream
M1-05662,2026-09-01 23:35:30,20260901,23,1,1,1,2,0.312,24.57799995318055,stream
M2-05663,2026-09-01 23:35:45,20260901,23,2,1,1,1,0.432,12.901399983093143,stream
M1-05664,2026-09-01 23:36:00,20260901,23,1,2,1,4,0.596,36.4782998804003,stream
M2-05665,2026-09-01 23:36:15,20260901,23,2,3,1,3,0.526,18.476800061762333,stream
M1-05666,2026-09-01 23:36:30,20260901,23,1,5,1,6,0.667,28.86129985563457,stream
M2-05667,2026-09-01 23:36:45,20260901,23,2,3,1,2,0.846,24.010600056499243,stream
M1-05668,2026-09-01 23:37:00,20260901,23,1,3,1,6,0.896,15.681200195103884,stream
M2-05669,2026-09-01 23:37:15,20260901,23,2,2,1,3,0.548,12.064500013366342,stream
M1-05670,2026-09-01 23:37:30,20260901,23,1,1,1,2,0.312,12.550499988719821,stream
M2-05671,2026-09-01 23:37:45,20260901,23,2,3,1,3,0.914,16.987300012260675,stream
M1-05672,2026-09-01 23:38:00,20260901,23,1,5,1,2,0.482,11.296199867501855,stream
M2-05673,2026-09-01 23:38:15,20260901,23,2,4,1,4,0.892,14.770499896258116,stream
M1-05674,2026-09-01 23:38:30,20260901,23,1,1,1,3,0.359,12.552399886772037,stream
M2-05675,2026-09-01 23:38:45,20260901,23,2,4,1,1,0.719,11.775000020861626,stream
M1-05676,2026-09-01 23:39:00,20260901,23,1,3,1,6,0.901,13.069599866867065,stream
M2-05677,2026-09-01 23:39:15,20260901,23,2,3,1,4,0.904,11.812600074335933,stream
M1-05678,2026-09-01 23:39:30,20260901,23,1,6,1,10,0.657,12.43210001848638,stream
M2-05679,2026-09-01 23:39:45,20260901,23,2,5,1,3,0.505,12.62810011394322,stream
M1-05680,2026-09-01 23:40:00,20260901,23,1,5,1,2,0.534,25.87920008227229,stream
M2-05681,2026-09-01 23:40:15,20260901,23,2,6,1,7,0.59,12.090400094166398,stream
M1-05682,2026-09-01 23:40:30,20260901,23,1,3,1,6,0.901,12.995800003409386,stream
M2-05683,2026-09-01 23:40:45,20260901,23,2,1,1,3,0.359,13.342399848625064,stream
M1-05684,2026-09-01 23:41:00,20260901,23,1,5,1,3,0.549,16.62619994021952,stream
M2-05685,2026-09-01 23:41:15,20260901,23,2,5,1,3,0.549,15.626200009137392,stream
M1-05686,2026-09-01 23:41:30,20260901,23,1,1,1,2,0.358,28.93679984845221,stream
M2-05687,2026-09-01 23:41:45,20260901,23,2,1,1,5,0.352,16.03280007839203,stream
M1-05688,2026-09-01 23:42:00,20260901,23,1,3,1,5,0.826,12.503599980846047,stream
M2-05689,2026-09-01 23:42:15,20260901,23,2,4,1,2,0.427,28.887199936434627,stream
M1-05690,2026-09-01 23:42:30,20260901,23,1,6,1,2,0.77,15.016099903732538,stream
M2-05691,2026-09-01 23:42:45,20260901,23,2,5,1,4,0.709,15.001899795606732,stream
M1-05692,2026-09-01 23:43:00,20260901,23,1,3,1,5,0.848,13.923299964517355,stream
M2-05693,2026-09-01 23:43:15,20260901,23,2,6,1,5,0.767,22.15460012666881,stream
M1-05694,2026-09-01 23:43:30,20260901,23,1,6,1,7,0.608,13.989999890327454,stream
M2-05695,2026-09-01 23:43:45,20260901,23,2,2,1,2,0.83,24.805100169032812,stream
M1-05696,2026-09-01 23:44:00,20260901,23,1,2,1,6,0.643,24.24329984933138,stream
M2-05697,2026-09-01 23:44:15,20260901,23,2,4,1,2,0.427,12.80239992775023,stream
M1-05698,2026-09-01 23:44:30,20260901,23,1,4,1,3,0.653,13.206700095906854,stream
M2-05699,2026-09-01 23:44:45,20260901,23,2,6,1,2,0.662,13.186300173401833,stream
M1-05700,2026-09-01 23:45:00,20260901,23,1,1,1,3,0.469,13.10029998421669,stream
M2-05701,2026-09-01 23:45:15,20260901,23,2,6,1,7,0.642,13.321599923074245,stream
M1-05702,2026-09-01 23:45:30,20260901,23,1,3,1,3,0.526,27.00209990143776,stream
M2-05703,2026-09-01 23:45:45,20260901,23,2,5,1,3,0.427,30.413300031796098,stream
M1-05704,2026-09-01 23:46:00,20260901,23,1,3,1,3,0.884,28.479200089350343,stream
M2-05705,2026-09-01 23:46:15,20260901,23,2,2,1,3,0.64,22.224700078368187,stream
M1-05706,2026-09-01 23:46:30,20260901,23,1,1,1,3,0.384,25.811900151893497,stream
M2-05707,2026-09-01 23:46:45,20260901,23,2,1,1,2,0.569,13.870200142264366,stream
M1-05708,2026-09-01 23:47:00,20260901,23,1,2,1,4,0.596,14.471099944785237,stream
M2-05709,2026-09-01 23:47:15,20260901,23,2,4,1,5,0.523,11.847299989312887,stream
M1-05710,2026-09-01 23:47:30,20260901,23,1,4,1,1,0.576,12.087600072845817,stream
M2-05711,2026-09-01 23:47:45,20260901,23,2,1,1,5,0.352,15.180400107055902,stream
M1-05712,2026-09-01 23:48:00,20260901,23,1,4,1,4,0.892,11.538500199094415,stream
M2-05713,2026-09-01 23:48:15,20260901,23,2,3,1,4,0.904,11.082099983468652,stream
M1-05714,2026-09-01 23:48:30,20260901,23,1,5,1,4,0.584,10.53440012037754,stream
M2-05715,2026-09-01 23:48:45,20260901,23,2,6,1,7,0.642,23.65679992362857,stream
M1-05716,2026-09-01 23:49:00,20260901,23,1,6,1,7,0.642,12.798700015991926,stream
M2-05717,2026-09-01 23:49:15,20260901,23,2,4,1,2,0.479,11.188900098204613,stream
M1-05718,2026-09-01 23:49:30,20260901,23,1,5,1,1,0.382,10.68669999949634,stream
M2-05719,2026-09-01 23:49:45,20260901,23,2,7,0,0,,38.34800003096461,stream
M1-05720,2026-09-01 23:50:00,20260901,23,1,1,1,1,0.432,16.75669988617301,stream
M2-05721,2026-09-01 23:50:15,20260901,23,2,6,1,3,0.688,11.31459977477789,stream
M1-05722,2026-09-01 23:50:30,20260901,23,1,5,1,3,0.515,16.10510004684329,stream
M2-05723,2026-09-01 23:50:45,20260901,23,2,2,1,2,0.742,41.41999990679324,stream
M1-05724,2026-09-01 23:51:00,20260901,23,1,2,1,3,0.59,14.206900028511882,stream
M2-05725,2026-09-01 23:51:15,20260901,23,2,3,1,2,0.865,29.10869987681508,stream
M1-05726,2026-09-01 23:51:30,20260901,23,1,6,1,1,0.57,30.386999947950244,stream
M2-05727,2026-09-01 23:51:45,20260901,23,2,5,1,3,0.549,31.277199974283576,stream
M1-05728,2026-09-01 23:52:00,20260901,23,1,4,1,2,0.597,19.736400106921792,stream
M2-05729,2026-09-01 23:52:15,20260901,23,2,2,1,2,0.755,14.553500106558204,stream
M1-05730,2026-09-01 23:52:30,20260901,23,1,1,1,3,0.384,30.134599888697267,stream
M2-05731,2026-09-01 23:52:45,20260901,23,2,1,1,3,0.469,28.077799826860428,stream
M1-05732,2026-09-01 23:53:00,20260901,23,1,1,1,4,0.616,11.878799879923463,stream
M2-05733,2026-09-01 23:53:15,20260901,23,2,6,1,3,0.564,26.497799903154373,stream
M1-05734,2026-09-01 23:53:30,20260901,23,1,4,1,3,0.445,12.18660012818873,stream
M2-05735,2026-09-01 23:53:45,20260901,23,2,2,1,3,0.717,11.097299866378307,stream
M1-05736,2026-09-01 23:54:00,20260901,23,1,4,1,1,0.719,11.460700072348118,stream
M2-05737,2026-09-01 23:54:15,20260901,23,2,5,1,1,0.621,11.264500208199024,stream
M1-05738,2026-09-01 23:54:30,20260901,23,1,6,1,3,0.706,10.959699982777238,stream
M2-05739,2026-09-01 23:54:45,20260901,23,2,6,1,1,0.682,22.042199969291687,stream
M1-05740,2026-09-01 23:55:00,20260901,23,1,1,1,1,0.506,22.09339989349246,stream
M2-05741,2026-09-01 23:55:15,20260901,23,2,4,1,1,0.719,12.460900004953146,stream
M1-05742,2026-09-01 23:55:30,20260901,23,1,2,1,3,0.717,29.131799936294556,stream
M2-05743,2026-09-01 23:55:45,20260901,23,2,3,1,4,0.892,14.211999950930476,stream
M1-05744,2026-09-01 23:56:00,20260901,23,1,7,0,0,,27.495700167492032,stream
M2-05745,2026-09-01 23:56:15,20260901,23,2,1,1,1,0.432,13.495099963620305,stream
M1-05746,2026-09-01 23:56:30,20260901,23,1,2,1,2,0.77,12.519000098109245,stream
M2-05747,2026-09-01 23:56:45,20260901,23,2,3,1,2,0.78,15.297700185328722,stream
M1-05748,2026-09-01 23:57:00,20260901,23,1,3,1,3,0.859,14.584399992600083,stream
M2-05749,2026-09-01 23:57:15,20260901,23,2,6,1,1,0.67,10.165499988943338,stream
M1-05750,2026-09-01 23:57:30,20260901,23,1,2,1,5,0.707,11.319099925458431,stream
M2-05751,2026-09-01 23:57:45,20260901,23,2,2,1,2,0.6,10.964700020849705,stream
M1-05752,2026-09-01 23:58:00,20260901,23,1,4,1,5,0.523,30.406099976971745,stream
M2-05753,2026-09-01 23:58:15,20260901,23,2,3,1,4,0.834,12.258699862286448,stream
M1-05754,2026-09-01 23:58:30,20260901,23,1,2,1,3,0.829,27.877100044861436,stream
M2-05755,2026-09-01 23:58:45,20260901,23,2,2,1,7,0.806,14.023799914866686,stream
M1-05756,2026-09-01 23:59:00,20260901,23,1,1,1,2,0.569,21.593699930235744,stream
M2-05757,2026-09-01 23:59:15,20260901,23,2,5,1,3,0.756,12.207099935039878,stream
M1-05758,2026-09-01 23:59:30,20260901,23,1,3,1,3,0.914,13.656500028446317,stream
M2-05759,2026-09-01 23:59:45,20260901,23,2,4,1,3,0.653,11.070099892094731,stream
